position_group,latitude,longitude,hospital_count,hospitals,states,districts
"19.076, 72.878",19.0759837,72.8776559,68,Kakraniya Hospital | Dr. Ramesh Chaudhari | Prathana Hospital | Sai Hospital | Uday Pathak Hospital | Bay View Clinic | Dr. Rajesh D Mody - V.P.Road | Hematology Laboratory | V.A.D.T Nursing Home | Dr Turners S Speciality Dental Centre,Maharashtra,Amravati | Mumbai | Nashik | Thane
"18.52, 73.857",18.5204303,73.85674370000001,61,Pawna Hospital | Ambekar Hospital | Hitech Urology Institute(Dr.Kanitkar) | Moolanis Eye Care Centre | Nm Wadia Institute Of Cardiology | PHC Taregaon | Poona Center For Womens Health | Vinay Clinic | Bora Hospital | Ameya Clinic,Maharashtra,Pune | Solapur
"22.72, 75.858",22.7195687,75.8577258,60,"Aastha Hospital | Advanced Eye Care And Research Center Pvt. Ltd | Apoorva Nursing Home,Indore | Bhagwati Nursing Home | Care Medical Investigation | Chl-Cbcc Cancer Center | Christian Hospital | Crystal Lithotripsy and Urology Centre | Dashore Ortho+ Physio Clinic | Dr.Satish Gupta Hospital",Madhya Pradesh,Indore | Shahdol
"22.304, 70.802",22.303894500000002,70.8021599,46,"Centre For Sight, Rajkot | Ayush Hospital | Darshan Eye Hospital | Dr. Mody Hospital | Dr. Nirbhay Shah Joint Replacement Fellow | Dr. Swami I.P | Gaurav Accident - Fracture Hospital andResearch Inst | Gokul Hospital And Trauma Centre | Jain Hospital | Kalindi Hospital",Gujarat,Rajkot
"24.174, 72.433",24.174051,72.4330989,36,"Aarti Hospital and Maternity Home | Aastha Ortho and Fracture Hospital | Aastha Orthopaedic Hospital | Abha Eyes Hospital | Aman Phaco Surgery | Ashirwad Hospital,Banaskantha | Astha Orthopaedic and Fracturehospital | Avm Surgical Hospital | Bavishi Hospital | Civil Hospital",Gujarat,Banas kantha
"17.66, 75.906",17.6599188,75.9063906,34,Accident and Maternity Hospital | Bashweshwar Hospital | Bharti Hospital | Dr Valsangkar Hospital | Dr.A.K.Kelkar | Gayatri Hospital | Jayram Ent Hospital | Lokmangal Medical Foundation and Research Centre | Panchsheel Maternity Home | S P Institute Of Neurosciences,Maharashtra,Solapur
"8.524, 76.937",8.5241391,76.9366376,33,Attikal Devi Institute Of Medical Sciences Ltd | Government Taliparamba Hospital | Gowreesha Hospital | Regional Institute Of Ophthalmology | Government Ayurveda College Hospital Thiruvanantha | Sree Uthradom Thirunal Hospital - Thiruvananthapuram | Blessing Hospital | Dr Govindans Hospital | Kolath Medical Center Pvt Ltd | Bhavani Arogyanikethanam,Kerala,Ernakulam | Thiruvananthapuram
"16.705, 74.243",16.7049873,74.2432527,31,Patki Hospital | Ramkrishna Hospital | Shubham Karoti Hospital | Sanjeevan Hospital and Critical Care Unit | Shree Mahalaxmi Nursing Home | Yasho Dip Orthopadic Centre and Genral Hospital | Gayatri Hospital | Joshi Hospital And Dialysis Centre | Pragati Netra Hospital | Saideep Fracture and Accident Hospital,Maharashtra,Kolhapur | Sangli
"21.146, 79.088",21.1458004,79.0881546,31,Ajit Clinic | Mure Memorial Hospital | Sevanjali Maternity Home | Arihant Surgical And Maternity Hospital | Ganeriwal Hospital | Pathology Laboratory | Ace Womens Hospital | Itkelwar Multispeciality Hospital | Lotus Hospitaland Research Centre and Mat Home | Arneja Heart Institute,Maharashtra,Nagpur
"21.008, 75.563",21.0076578,75.56260390000001,30,"Deore Hospital Chalisgaon | Aarogyam Advanced Surgical Centre | Chinmay Hospital And Critcal Care Centre | Damani Maternity and Surgical Hospital,Jalgaon | Disha Eye Hospital | Godavari Hospital And Sonography Centre | Gokul Hospital | Heramb Netralaya | Jeevan Nursing Home | K.K.Nursing Home",Maharashtra,Jalgaon
"23.26, 77.413",23.2599333,77.412615,30,Bopal Multi Speciality Hospital | Aashna Orthopaedic Hospital | Bopal Eye Care Centre | Vanza Hospital | Krishna Shalby Hospital | Bopal Multispeciality Hospital | Bhopal Care Hospital | Faiz Eye Hospital | Gandhi Medical College and Hamidia Hospital | Gulati Clinic,Gujarat | Madhya Pradesh,Ahmedabad | Bhopal
"19.033, 72.896",19.0327996,72.8963568,29,Aditya Health Care | Diamond Polyclinic and Nursing Home | Disha Polyclinic and Nursing Home | Dr Smita Mukherjees Eye Clinic | Dr. Das Hospital - Chembur (Mumbai) | Dr. Sanjay Sonars Laproscopy and Scopy Centre | Dr. Shubha Rao | Excel Urology Centre | Hegde Hospital Surgical and Maternity Nursing Home | Icon Hospital and Research Centre,Maharashtra,Mumbai
"19.997, 73.79",19.9974533,73.7898023,29,Arihant Hospital | Deepjyoti Hospital | Dr. A. K Pawar Institute Of Obstetrics Gynaecology | Nirantar Jyot'' Laser Eye Center | Supe Hospital | Tulshi Hospital | Vimal Maternity And General Hosp | Vishwesh Childrens Hospital | Ayush Hospital | Birla Super Speciality Eye Hospital,Maharashtra,Nashik
"22.307, 73.181",22.3071588,73.1812187,29,"Amardeep Eye Hospital | Ashwini Medical Centre | Bhagat Hospital | Ankur Children Hospital and Neonatal Nursery | Shree Nandan Eye Hospital | Smt. B.K. Shah Medical Institute and Research Centre, Piparia, Wabghodia | GMERS Medical College and Hospital, Gotri | Dr. Dandekar Eye Clinic And Surgery Centre | Nirali Clinic | Riyal Clinic",Gujarat | Haryana | Maharashtra,Anand | Panchmahal | Surat | Vadodara | Sonipat | Solapur
"23.604, 72.964",23.6036268,72.9639461,28,A V M Orthopaedic Hospital | Aashay Eye Hospital | Aavkar Hospital | Aayush Heart and Medicare Hospital | Bhagyoday Charitable Trust | Chirag Hospital | Civil Hospital | Harsh Surgical Hospital | J K Orthopedic Hospital | Jay Children Hospital,Gujarat,Sabar kantha
"19.136, 72.828",19.1363246,72.82766,27,"Ameya Maternity and Nursing Home | Bellevue Multispeciality Hospital | Benzer Nursing Home, Andheri | Dr. Indus New Born And Child Care Centre | Dr. Jk Shah's Eye Clinic and Laser Centre | Dr. M.I.Doongerwala - Andheri | Dr. Pareeks Deafness Clinic and Ent Hospital - Andheri | Parijat Surgical and General Hospital | Siddhivinayak Surgical Centre | Super Religare Laboratories Ltd",Maharashtra,Mumbai
"19.876, 75.343",19.8761653,75.3433139,27,Haddi and Dental Hospital | Health World | Pulse Women Hospital | Shanker Nursing Home | Swastik Hospital | Amaan Hospital Surgical and Orthopaedics | Ashtvinayak Hospital | Bhartiyua Maternity And Nursing Home | Citicare Superspeciality Hospital | Evangeline Booth Hospital,Bihar | Maharashtra,Aurangabad
"16.307, 80.437",16.3066525,80.4365402,26,Ahalya Nursing Home | Nandanaa's Multi Care Hospital | Padmas Hospital | Purnasai Hospital | Sathvika Hospital | Sri Krishna Institute Of Medical Sciences | Sujatha Laparoscopy and Infertility Centre | Venkata Ramana Eye Hospital | Childrens Hospital | Pratyusha Childrens Hospital,Andhra Pradesh,Guntur
"31.105, 77.173",31.1048145,77.1734033,26,Civil Hospital | Community Health Centre | DDU Hospital | GovernmentDental Collage | Indira Gandhi Medical Collage | Indus Hospital | Bhartiya Chikitsa And Homeopethic Department | Ddu Hospital / Deen Dyal Upadhyay Zonal Hospital | Government Dental College and Hospital | Indira Gandhi Medical College and Hospital,Himachal Pradesh | Maharashtra,Shimla | Thane
"32.1, 76.269",32.0998031,76.2691006,26,"Maple Leaf Hospital | Rama Hospital Nursing and Maternity Home | Shri Balaji Hospital | Civil Hospital | Ayurvedic Hospital, Dehrra | Dr.Rajendra Prasad Government  Medical College | Ayurvedic Hospital | Community Health Centre | Sai Mahima Shukla Hospital | Mela Mal Sood Rotary Eye Hospital",Himachal Pradesh,Kangra
"9.592, 76.522",9.5915668,76.5221531,26,"Thaluk Head Quarters | Women And Children | Institute Of Child Health and Children Hospital | Medical College Hospital | Paret Mar Ivanios Hospital | The Mundakapadam Mandiram Hospital, | Medicare Childrens Hospital | Pampady | S. Joseph Memorial Hospital | Pnp Memorial (Kvms) Hindu Medical Mission",Kerala,Kottayam
"23.023, 72.571",23.022505000000002,72.5713621,25,GMERS Medical College | Abc Dental Clinic andHospital | Asha Orthoscopi Center | Ashray Clinic | Dr. Devendra Kanaiyalal Hosp and Nursing Home | Dr.Santosh C.Raibagkar | M.P Shah Cancer Hospital | Orthopedic and Trauma Centre | Vihar Hospital | Dr Gandhi Orthopaedic Hospital,Gujarat,Ahmedabad
"19.173, 72.943",19.1725542,72.942537,24,Abhinav Kidney Dialysis And Health Centre - Mulund | Aditi Hospital Accident Fracture and Surgical Clinic | Apex Kidney Care (Dialysisnetworks) | Ashwini Hospital and I. C. C. U. | Devkunj Charitablr Trust Matushri Mankbai Nagji Sa | Dr Shettys E N T Hospital | Dr. Khona E N T Hospital | Dr. Simandhars Eye Care Centre | Indira Nursing Home | Mahavir Orthopaedic and General Hospital - Mulund (W),Maharashtra,Mumbai
"16.506, 80.648",16.5061743,80.6480153,23,Yalamanchi Hospitals and Research Centres Pvt Ltd | Chaitra Hospitals Surgical And Maternity | City Cancer Centre | Giridhar Ent Hospital | Help Hospital Pvt Limited | Ishwarya Maternity Hospital | Latha Superspecialities | Life Line Trimurthy Hospital | Meenakshi Eye Hospital | Mother and Child Hospital and Family Hospital,Andhra Pradesh,Krishna
"23.698, 72.538",23.6977038,72.5382293,23,Dhanvidhya Hospital | PHC Kansarakui | PHC Kharavada | PHC Valam | Aakash Eye Hospital | Aesha Hospital | Arni Hospital | Drashti Eye Hospital | Gokul Orthopaedic Hospital | Jivanyog Nursing Home,Gujarat,Mahesana
"14.443, 79.986",14.442598699999998,79.986456,22,Anasuya Institute Medical Sciences | Bhaskar Reddy Hospital | Dr Andals Lakshmi Fertility Research and Laparoscopic Surgical Centre | Dr P Madhusudhana Sastry Hospital | Dr.P.V.Ramchandra Reddys Peoples Polyclinic | Guram Chilren Hospital | Lalitha Hebbar Nursing Home | Latha Matrnity and Children Hospital | Modern Eye Hospital And Research Centre | R K Eye Care Center,Andhra Pradesh,SPSR Nellore
"21.251, 81.63",21.2513844,81.6296413,22,Banthia Hospital | Dr Pants Paediatric Speciality Clinic | Ekta Institute Of Child Health | Ganpati Hospital (Banthia Hospital) | Gupta Dental Clinic | Infectious Disease Hospital | Nigam Ent Hospital | P D Jethani Memorial Hospital and Diagnostic Center | Pragya Hospital | Raipur Hospital,Chhattisgarh,Raipur
"22.962, 76.051",22.9622672,76.0507949,22,"Agrawal Medicare | Chandra Nursing Home | Civil Hospital Kannod | Community Health Centre | Dewas Hospital And Research Centre Pvt Ltd | Gagrani Hospital | Geeta Bhawan Hospital, Sonkatch. | Joseph Hospital | Khare Nursing Home And Maternity Home | Kothari Nursing Home",Madhya Pradesh,Dewas | Ujjain
"23.037, 72.561",23.036556077272728,72.56115284090909,22,Pulse Women's Hospital | Hemato Oncology Clinic Pvt.Ltd. | Asian Institute Of Gastroenterology Surgery | Navneet Memorial Hospital | Maniar Hospital | Anamay Eye Hospital - Ahmedabad | Astha Kidney And Laparoscopy Hospital | Banker`S Retina Clinic and Laser Centre | Dr. Devendra Patel Nursing Home | Dr. Mahendra Naik,Gujarat,Ahmedabad
"23.181, 79.986",23.181467,79.9864071,22,Akshay Maternity And Nursing Home | Chhavi Eye Hospital Ice Phoco And Navex Laser Cent | Dube Surgical And Dental Hospital - Jabalpur | Hussain Eye Hospital and Lesar and Pacho Surgery Cente | Johri Hospital | Narmada Hospital | P.G. Hospital | Seth Govonddas Hospital | Seth Mannulal Jagannathdas Trust | Shubh Labh Hospital,Madhya Pradesh,Jabalpur
"22.692, 72.863",22.691590914285715,72.86333781428573,21,Arpita Hospital and Maternity Home | Ashish Medical Nursing Home | Dr. Dinesh Pandhi's New Hospital | Dr. Janki V. Amin | Dr. Nalini Maternity Home | Dr. Sanghvi Maternity Home | Gopal Children Hospital and Neonatal Care Nursery | Life Support Hospital | Muljibhai Patel Urological Hospital | Omkar Hospital,Gujarat,Kheda
"22.779, 73.614",22.7788044,73.6142795,21,Lara Hospital | Alwani Surgical Hospital | Bhagyoday Surgical Hospital | Bhavsar Surgical Hospital | Dr. Millwala Children Hospital | Fakhri Hospital and Heart Care Centre | Kalpataru Surgical Hospital | Kalrav Children Hospital | Masoom Children Hospital | Medical Nursing Home and Heart Care Centre,Gujarat,Panchmahal
"30.378, 76.777",30.3781788,76.7766974,21,Sharma Eye Center | M K Surgical Hospital | Patnaik Hospital | Baveja Hospital | Choudhry Children Hospital | General Hospital | Goyal Ashok Deep Hospital Cum-Residence | J.C Memorial Chldren Hospital | Kapil Eye Hospital | M.M Hospital,Chandigarh | Haryana,Chandigarh | Ambala | Kaithal
"8.893, 76.614",8.8932118,76.6141396,21,A M Hospital | Mariyanam Hospital | Arafa M M Hospital | Bishop Benziger Hospital | S.N. Trust Medical Mission Hospital | Sree Narayana Trusts Medical Mission | Dr.Viswanathan Memmorial Hospital | Thayabji Hospital | Poyanil Hospital | St. Thomas Hospital,Kerala,Kollam
"15.299, 74.124",15.299326500000001,74.123996,20,Anandi Nursing Home and Maternity Hospital | Savaikar Nursing Home | Usgaonkers Children Hospital and I N I Cu | Bhagyoday Hospital | Dr. Olavo Ribeiro Hospital | Vrundavan Hospital and Research Centre | Borkar Nursing Home | Hospicio Hospital | Kamat Nursing Home | Nusi Wockhardt Hospital Goa,Goa,North Goa | South Goa
"26.647, 84.909",26.6469624,84.9088938,20,Aastha Nursing Home and Maternity Centre | Amar Clinic And Diabetic Care Centre | Banarsidas Chandiwala Eye Hospital | Chandana Surgicare | Jeevan Deep Nursing Home | M.J. Heart Hospital | Maa Nursing Home | Maa Seva Sadan and Prasuti Kendra | Madhuri Nursing Home | Motihari Medical Center,Bihar,East Champaran | West Champaran
"17.385, 78.487",17.385044,78.486671,19,"Kamineni Hospital | Nizams Institute of Medical Sciences (NIMS) | CGHS Dispensary No.IV,\nBegumpet | CGHS Dispensary No.XII,\nTamaka | PC-I, KS Bhawan | PC-II, AGS Office Bldg. | PC Hyderabad | Yashoda Super Speciality Hospital | Lotus Children's Hospital, Lakdikapul | Udai Omni Hospital",Andhra Pradesh | Maharashtra,Hyderabad | Raigarh
"18.63, 73.8",18.6297811,73.7997094,19,Ashwini Hospital | Anjali Hospital | Devadhar Nursing Home | Eyelight Laser and Eye Care Pvt Ltd | Dr Patil Ent Hospital | Padam.Dr.D.Y.Patil Hospital and Research Centre | Dhanashree Hospital | Harsh Eye Clinic | Unique Childrens Hospital | Ashwin Medical Foundations Moraya Hospital,Maharashtra,Pune
"19.08, 72.907",19.0796375,72.9070116,19,Doshi Nursing Home | Advanced Orthopaedic and Super Speciality Center | Ami Drashti Eye Care Centre | Asha Polyclinic and Sheetal Nursing Home | Dewang Nursing Home Pvt. Ltd. | Dr Walavalkars Nursing Home | Dr. Prakash Doshis Fracture and Orthopaedic Nursing Home - Ghatkopar | Dr. Walawalkars Nursing Home | Excel Ent Hospital | Hiren Mehta Eye Care Centre,Maharashtra,Mumbai
"19.151, 72.932",19.1509879,72.9315251,19,Saarthi Hospital | Amruta Maternity and Surgical Nursing Home | Dr Bothra's Hospital | Dr Patanis Eye Clinic | Dr. Kolhes Eye Clinic - Bhandup | Dr. Malwankar's Romeen Nursing Home | Dr.Bothras Hospital | Gaurav Maternity and Surgical Hospital | Maauli Hospital | Madhu Polyclinic and Nursing Home,Maharashtra,Mumbai
"20.904, 74.775",20.9042201,74.7748979,19,Akshyadeep Hospital | Bafna Hospital | Dr.B.D.Ahirrao Hospital | Life Surgical and Materity Home | Mahale Accident Hospital | Matruseva Hospital | Mutha Accident Hospital | Plastic Surgery And Burns Hospital | Ram Surgical Hospital | Samarth Hospital and Cancer Clinic,Maharashtra,Dhule | Pune
"22.996, 72.6",22.9961698,72.5995843,19,Krishna Siddhi Vinayak Heart Centre | Aastha Hospital | Abhishek Hospital and Heart Centre | Ahmedabad Medical Centre | Dr Dave Subhash Gajanan Nursing Home | Dr Sunil Shah's Eye Hospital | Dr. Abhay K Shah Children | Dr. Paresh Bhatt | Kamal Hospital | Kothari Onco Surgical Hospital,Gujarat,Ahmedabad
"25.594, 85.138",25.5940947,85.1375645,19,Kurji Holy Family Hospital | Cns Sanjeevani Centre For Neurosurgery Pvt Ltd | R.M.Hospital and Research Centre | Bilas Netralaya | Buddha Nursing Home | Patna Medical Collage and Hospital | Apex Hospital | Sanjivani Nursing Home | R.P. Golwara Memorial Hospital | Dr. Subhas Chandra Chaudhary Clinic,Bihar,Patna | Nalanda
"12.914, 74.856",12.9141417,74.8559568,18,Bhats Clinic and Day Care Centre | Government Wenlock District Hospital | Jayashree Nursing Home | Sahara Hospital | Ullal Gen Hospital andKariram Memeoral Hospital | Wenlock District Hospital | Minsa Hospital | Sanjeevini Day Care | Scs Hospital | Vasan Eye Care Hospital,Karnataka,Dakshina Kannada | Udupi
"23.344, 85.31",23.3440997,85.309562,18,Netradham | S D A Mission Hospital | Aayushman Nursing Home | Chootanagpur Nursing Home | Eye Care Centre | Kumar Nursing Home | Matri Prerna Eye Hospital | Nagarmal Modi Seve Sadan | Raj Hospital And Research Centre | Rama Nursing Home,Jharkhand,Lohardaga | Ranchi | Khunti | khunti
"19.091, 72.908",19.0908063,72.9076669,17,Sagar Nursing Home and Icu | Vivek Maternity And Nursing Home | Adarsh General and Maternity Nursing Home- Ghatkopar | Advanced Ent Center | Amar Jyot Eye Care Centre | Divya Rekha Eye Hospital | Dr Sonagra Medical And Surgical Centre | Dr Sules Vaibhav Polyclinic and Siddharth Nursing Home | Dr. Savlas Polyclinic And Nursing Home - Mumbai | Dr. Vinod B Joshi Maternity Nursing Home,Maharashtra,Mumbai
"20.706, 77.022",20.7059345,77.0219019,17,Chandak Urology Clinic And Meternity Home | Devki Nursing Home and Critical Care Centre | Dr.Malokar Hospital | Gupta Hospital - Akola | New Cotton City Critical Care Center | Rathi Children Hospital | Shri Narayan Hospital | Shri Ram Hospital | Siddhivinayak Orthopedic and Maternity Hospital | Sonawne Orthopadic and Truma Centre,Maharashtra,Akola | Jalna
"22.08, 82.139",22.0796251,82.1391412,17,Chhattisgarh Institute of Medical Sciences | Ashok Prasuti Mandir | Jan Swasthaya Sahyog | Kims Super Speciality Hospital | Mehta Children Nursing Home | Mittal Hospital | P.T.M.D. Mishra Memorial Nursing Home and Research | Verma Nursing Home | F R U Sanetorium | Late Banshidhan Mukim Smriti Shalya Chikitsa Kendra,Chhattisgarh | Himachal Pradesh,Bilaspur
"29.534, 75.018",29.5335931,75.0177029,17,Apex Hospital and Research Center - Rsby | Bansal Nursing Home - Rsby | Bikaner Nursing Home - Rsby | Bishnoi Nursing Home | Dayal Hospital | Garg Children Hospital - Rsby | Jagdish Nursing Home And Heart Care Center | Khurane Child Health Care and Neonatology Center / Khurana Bal Avam Navjat Shishu Rog Upchar Kendra / Khurana Nursing Home | New City Hospital | Santosh Hospital and Maternity Home,Haryana,Sirsa
"19.061, 72.836",19.0606917,72.8362497,16,Ceds The Cneter Of Eye Dianostics And Surgery | Dr Mukul Dabholkar Bandra | Dr. Pattnaiks Nursing Home | Dr. R. N. Shetty's Nursing Home | Dr.Mira Raisinghaney Maternity and Surgical Nursing | Empire Centre | Kiddie Ville Clinic | Lilavati Hospital And Research Centre | Mumbai Cancer Clinic | Neisa Laser Centre,Maharashtra,Mumbai
"20.599, 72.934",20.5992349,72.9342451,16,Dr Mahaskar Genral Hospital | Dr Pandyas Eye Hospital Nadiad | Kasturba Vaidyakiya Rahat Mandal | Maitri Surgical Hospital | Medicare Hospital | Mufti Dental Hospital | Navjeevan Hospital | Roy Nursing Home andIccu | Ashray Hospital | Dharampur State Hospital,Gujarat,Valsad
"20.937, 77.78",20.9374238,77.7795513,16,Agrawal Maternity and Nursing Home | Annapurna Hospital | Astha Maternity and Surgical Hospital | Deshmukh Maternity and Childrens Hospital | Kusumanjali Hospital | Sankalp Chaudhari Maternity Hopsital and Dialysis Ce | Shiv Lahari Hospital | Suyash Hospital | Dr. Sudha Deshmukh Hospitgal For Women | Khatri Hospital,Maharashtra,Amravati
"12.51, 74.985",12.5102239,74.9851678,15,Carewell Hospital And Research Centre | Kamath Medical Center | Mallya City Hospital | United Hospital And Research Center | Arimala Hospital | Care and Cure Hospital | Cims Hospital | Manzoor Hospital | Padma Polyclinic | Priyadarshini Hospital and Deepa Nursing Home,Kerala,Kasaragod
"17.276, 74.2",17.2759841,74.2003231,15,Rajyog Hospital | Gaikwad Hospital | Mohite Hospital | Shriram Hospital | Garud Nursing Home | Janugade Hospital | Jogalekar Netra Rugnalaya | Kolekar Hospital | Sanskar Netrarugnalaya and Phaco Center | Shinde Fracture - Orthopaedic Hospital,Maharashtra,Satara
"18.827, 74.373",18.8272478,74.3730083,15,"Shri Krishna Hospital | Shubham Hospital and Maternity Home | Ankur Hospital | Anmol Jeevan Hospital | Shrikrishna Hospital | Narwade Hospital | Bhakti Hospital - Sanaswadi,Pune | Dr. Konde Hospital. | Harde Hospital and Maternity Home | Jijamata Hospital",Maharashtra,Pune
"21.17, 72.831",21.1702401,72.8310607,15,"Centre For Sight, Surat | Sanjeevani Fracture andAccident Hospital | Care Hospitals | Ameera Polyclinic And Nursing Home Kosamba | Dhiraj Hospital | Shivam Orthopaedic Hospital | Keshvi Eye Hospital and Phaco Surgery Center | Arora Surgical | Ayushi Icu and Multispeciality Hospital | Hajee A M Lockhat and Dr A M Moolla Sarvajanik Hos",Gujarat,Surat | Ahmedabad | Tapi
"26.218, 78.183",26.2182871,78.1828308,15,"Ankur Bal Chikitsalaya | Joshi Hospital | Subhash Kakkad Hospital | Alok Nursing Home | Global Speciality Hospital | Gauri Hospital | Vatsalya Hoapital | Bansal Eye Hospital and Laser Surgry Center | Garg Nursing Home, | J.A Group Of Hospital",Madhya Pradesh,Gwalior
"28.342, 77.326",28.3421598,77.3255963,15,Shree Durga Nursing Home | Vikas Nursing Home | Zenith Hospital | B R Memorial Hospital | B. R Memorial Hospital | Ballabgarh Nursing Home | Bareja Hospital | Bhatia Nursing Home | Buddho Devi Memorial Hospital and Research Centre | Mahak Hospital,Haryana,Faridabad
"28.459, 77.027",28.4594965,77.0266383,15,Dharam Raj Hospital | Dr. Ajay S. Gupta | Kanshi Ram Medical Services | Manju Hospital | Narula Hospital | Rama Hospital Nursing Home / Rama Krishna Hospital | Shiromani Sai Heart and Trauma Centre | Centre For Sight | Gobind Hospital | Sai H0Spital and Trauma Centre,Haryana,Gurgaon | Mewat
"28.896, 76.607",28.8955152,76.606611,15,Jeevan Nursing Home / Jeewan Nursing Home / Jeewan Rekha Hospital | Yadav Hospital | Civil Hospital | Gaur Nursing Home | General Hospital | Ishwar Orthopaedic Hospital | Manu Hospital | P G I M S | Pt B.D. Sharma Post Graduate Institute Of Medical | Ravi Child Care Hospital,Haryana,Bhiwani | Rohtak
"9.982, 76.3",9.9816358,76.2998842,15,K P M Eye Hospital | Chaitanya Eye Hospital and Research Instt | Dhanya Mission Hospital Potta | Dr Kunhalus Nursing Home | Dr. D Souza Ent Clinic and Nursing Home | Lisia Medical Institutions | Komaranchath Urology Centre | Gouri Sankar Nursing Home | Jnm Lakshmi Hospital | Don Bosco Hospital,Kerala,Ernakulam
"11.874, 75.37",11.8744775,75.3703662,14,Sevana Hospital and Research Centre Pvt Ltd | Dhanalakshimi Hospital | Jyothis Eye Care | Koyili Hospital | Sredha Hospital | Chc Cheruthazam | Chc Karivelloor | Parassinikkadavu Ayurveda Medical College | WandC Hospital | St. Josephs Hospital,Kerala,Kannur
"18.459, 74.587",18.4592892,74.5873348,14,Baravkar Hospital | Mohan General Hospital - Daund | Om General Hospital and Matarnity Home | Parth Hospital | Thorat Hospital | Shinde Hospital | Shree Ganesh Hospital | Chandrika Hospital | Gaikwad Hospital | Lonkar Hospital,Maharashtra,Pune
"19.115, 72.873",19.1154908,72.8726952,14,Dr Punjabis Laboratory | Paramount General Hospital and Icu | Umang Maternity And Surgical Nursing Home -Andheri (E) | E N T Clinic and Deafness Center | Mangala Nursing Home | Patel Nursing Home  Andheri (E) | Saheli Clinic | Tripura Nursing Home | Sunita Hospital | Anand Childrens Nursing Home,Maharashtra,Mumbai
"19.287, 72.869",19.2871393,72.8688419,14,"Sushrut Maternity and Surgical Nursing Home | Al-Falah Health Care | Dr Dragos Life Line General andMaternity Hospital | Karuna Nursing Home | Life Care Hospital | New Healthcare Nursing Home | Prana Criti Care Clinic | Sai Aashirwad Hospital, Evershine Enclave | Sai Yash Hospital | Shah Lifeline Hospital and Heart Institute Pvt. Ltd. - Thane",Maharashtra,Thane
"28.149, 77.332",28.1487362,77.3320262,14,"Jeevan Dhara Hospital | Jindal Nursing Home | K.C. Hospital | Mool Chand Hospital | Mulchand Hospital | Navjeevan Hospital | Nidan Hospital | Om Spero Hospital, A Soalni Healthcare Pvt. Ltd. Group Hospital | Rahul Nursing Home. | Sushila Nursing Home",Haryana,Palwal
"32.722, 74.858",32.7217819,74.85765389999999,14,"Medicare Nursing Home | District Hospital Gandhi Nagar | Jammu Medicla College | Madaan Hospital And Research Centre | Sood Eye Centre | Trikuta E N T Nursing Clinic | Shs Memorial Nursingh Home | Ascoms Hospital | Chc R S Pura | Sub-District Hospital, Bishnah",Jammu and Kashmir,Jammu | Kathua
"34.126, 74.944",34.1255413,74.9442585,14,Bhanu Nursing Home and Eye Hospital | Bone and Joint Hospital | Government Hospital For Bone and Joint Surgery | Cd Hospital | Kidney Hospital / Kidneyline Healthcare | Tahira Khanams Hospital and Nursing Home | Jlnm Government Hospital | Lord`S Favour Nursing Home | Sheikh Ul Alam Hospital | The New City,Andhra Pradesh | Jammu and Kashmir | Karnataka,East Godavari | Budgam | Srinagar | Ballari
"10.528, 76.214",10.5276416,76.2144349,13,"Vinayaka Ayurvedic Nursing Home | Jubilee Mission Medical College Hospital, Thrissur | Elite Mission Hospital | Metropolitan Hospital | Trichur Metropolitan Healthcare Pvt. Ltd., | Mother Hospital (P) Ltd. | G.E.M. Hospital | Raji Nursing Home | Vijayasree Eye Hospital | Nethra Eye Care Center",Kerala,Thrissur
"10.787, 76.655",10.7867303,76.6547932,13,C.K.J. Clinic | Kerala Nursing Home | Sarada Nursing Home | The Palakkad Hospital and Research Centre | Trinity Eye Centre | Lakshmi Hospital | Palghat Poly Clinic | Dr T Madhavi Amma Medical Trust | Santhigiri Ayurveda Medical College and Hospital | Paalana Institute Of Medical Sciences,Kerala,Palakkad
"13.217, 79.1",13.217175999999998,79.1003289,13,Dr. Ramalakshmi Nursing Home | Dr. V. K. R. Nursing Home and Scan Centre | Sreelatha Modern Eye Hospital And Research Centre | Gupta Nursing Home | Leo Hospital | Balaji Institute Of Surgery Research And Rehabilit | Navya Netralaya Eye Hospital | Sri Suraksha Hospital | Sri Venkata Sai Hrudayalaya (The Heart Care Centre) - Tirupati | Maha Hospitals,Andhra Pradesh | Kerala,Chittoor | Thrissur
"15.828, 78.037",15.8281257,78.0372792,13,Dr.Bethune Nursing Home | K M Hospital | Vijaya Super Speciality Hospital | Adithya Test Tube Baby Centre | Amma Hospital | Kurnool Heart and Brain Centre | Modern Eye Hospital and Research Centre | Aayushman The Family Hospital | Padma Chandra Super Speciality Hospital | Deepak Tej Hospital,Andhra Pradesh,Kurnool | Prakasam | Hyderabad
"17.687, 83.218",17.6868159,83.2184815,13,Sraddha Hospital | T.Narayana Rao | C.S.R. Hospital | King George Hospital | Saryu Multicare Hospital | Shri Venkataramana Hospital | St. Joseph's Hospital | Padmasri Hospital    Vishakhapatnam | Care Hospitals | L V Prasad Eye Institute Vishakapatnam,Andhra Pradesh,Visakhapatnam
"19.033, 73.03",19.0330488,73.0296625,13,"Aastha Old Aged Care Center | Suyash Hospital | Thanawala Maternity Home | Vasan Eye Care Hospital - Vasi, Navi Mumbai | Divya Nursing Home | Eyemax Super Speciality Eye Centre | Dr Ajayan's Multispeciality Hospital | Dr. Dive S Eye Clinic | Dr.P.B.Pandes Shramasafalya Balchikista Kendra | Nidhi Eye and Skin Care Centre",Maharashtra,Thane
"19.095, 74.75",19.0952075,74.7495916,13,Mohini Hospital | Shirsath Hospital | Mahaske Hospital and Maternity Home | Deshpande Hospital | Dr V.N. Deshpandes Headinjury Centre Pvt.Ltd. | Sai Surya Netra Seva Research and Training | Shraddha Hospital | Shri Sai Endoscopy Center and Hospital | Vahadne Hospital | Anand Rishiji Hospital and Medical Research Centre,Maharashtra,Ahmednagar | Aurangabad
"19.254, 72.867",19.2539332,72.8672448,13,"Mauli Hospital | Ashirwad Maternity and Nursing Home - Dahisar | Dr Ajay Shah Pathology | Dr Worlikar's Shree Surgical and General Nursing Home | Jai Ambe Poly Clinic Nursing Home and Maternity Hosp | Life Line Hospital - Dahisar,Mumbai | Namitha Polyclinic and Hospital | Navdurga Fracture And Accident Centre | Navneet Hi-Tech | Sanghavi Eye and Diabetes Care Center",Maharashtra,Mumbai
"25.777, 87.475",25.7771391,87.4752551,13,Vinit Nursing Home | Advanced Orthopaedic and Spine Centre | Amla Health Centre | B. K. Nursing Home | Divyam Nursing Home | Laxmi Seva Sadan | Maa Pancha Devi Stone Hospital | Maa Savitri Multi Speciality Hospital | Mithila Dental Clinic | Neelam Nursing Home,Bihar,Madhepura | Purnia
"26.803, 84.517",26.802804799999997,84.5169757,13,Asha Hospital and Research Centre | Kumar Nurshing Home | Nauroz Hospital | Sai Nurshing Home | Shri Ram Health Care | Central Well Fare Hospital | Sahara Nursing Home | Central Welfare Hospital | Dr. Saroj Jaiswal | Pariwar Clinic,Bihar,West Champaran
"18.184, 74.611",18.1841352,74.6107628,12,Mamta Clinic and Nursing Home | Rukhmini Maternity and Nursing Home | Leela Gulab Hospital | Anuchandra Accidnt Hospital | Dhulabapu Kokare Memorial Hospital | Dr. Jedhe Balrugnalaya | Krishna Drishti Eye Hospital | Mehta Nursing Home | Niranjan Nursing Home (Atole Hospital) | Shivanandan Polyclinic,Maharashtra,Pune
"18.509, 73.926",18.5089197,73.9260261,12,"Abane Hospital | Alatkar Hospital | Ayurved Rugnalaya | Dr Pawar Nursing Home | Dr.Vaidya Hospital | Mams Sumatibhai Shah Ayurved Mahavidyalayas | Mohintara Hospital, Hadapsar | Mohite Eye Hospital | Shraddha Hospital | Ushakiran General Hospital",Maharashtra,Pune
"19.09, 72.909",19.0898792,72.908696,12,Amrutha Surgical And Maternity Home | Dalal Hospital | Kedia Nursing Home | Noble Hospital | Nulife Hospital | Psychiatric Clinic and Rehabiliation Centre | Sapna Health Care Centre Pvt Ltd | Shakunntala Maternity and Surgical Home | Shankutala Maternity and Surgical Home | Thakur Eye Clinic - Ghatkopar,Maharashtra,Mumbai
"20.947, 72.952",20.9467019,72.9520348,12,"Chc - Chikkali | Chc - Rumla | Sahkari Khand Udyog Mandal Ltd, (Gandevi) Sarvajanik Hospital, Kharel | Chc - Khadsupa | Aliepol Hospital | Civil - Navsari | Jay Kishan Hospital | Parmar Ortho. Hospital | Ramaben Hospital | Chc - Vasada",Gujarat | Maharashtra,Navsari | Mumbai
"21.764, 72.152",21.7644725,72.1519304,12,"Centre For Sight, Bhavnagar | Akshadeep Eye Hospital | Bagrangdas Bappa Arogyadham | Chirag Clinic | Dr. Ramesh R Virdia | Jani Meternity Home | Jeegar Hospital - Bhavnagar | Matrushree Veerbaima Nursing Home | Nice Children Hospital | P. N . R. Polio Hospital",Gujarat,Bhavnagar
"22.274, 73.188",22.274257200000005,73.1884402,12,"Centre For Sight, Manjalpur | Devpushp Meternity and Lapruscopy Hospital | Anugrah Hospital | Dr. Talati Maternity Fertility Sonography Endoscop | Anant Multispeciality Hospital | Rushabh Nursing Home and Clinic | Sanjivani Hospital | Shivam Eye Hospital | Shree Vallabh Arogya Mandir Hospital | Shree Vraj Hospital and Icu",Gujarat,Vadodara
"22.301, 73.198",22.30126076666667,73.19770220833334,12,Aditya Oral And Maxillofacial Clinic | Arihant Clinic | Chiplonkar Eye Hospital | Dr Kalpit Baxi Orthopaedic Hospital | Eye Clinic | Sankalp Hospital | Shiv Critical Care Centre | Sujay Hospital | Urja Burns Center | Vatsal Clinic,Gujarat,Vadodara
"22.609, 73.462",22.608748699999996,73.4622161,12,Jawahar Children Hospital | Kalrav Children Hospital | Kuldeep Maternity and Surgical Hospital | Mahalaxmi General and Eye Hospital | Niral Heart and Medicare and Skin Clinic | Vatsalya Maternity and Nursing Home | Yash Hospital | Chc Kalol | Laxmi Prusuti Gruh and Nursing Home | Pooja Children Hospital,Gujarat,Gandhinagar | Panchmahal
"23.179, 75.785",23.179301300000002,75.7849097,12,"Chl-Medical Centre, Ujjain | District Hospital | Pednekar Maternity and Nursing Home | Rawat Nursing Home and Helath Centre | Rogi Kaliyan Sameti Shreemant Madhavrav Sindhiya H | Ujjain Charitable Trust Hospital and Research Centre | Adinath Eye Care Centre | Dr. Rakesh Agarwal Nursing Home | Mewar Orthopaedic Hospital Pvt Ltd | Mukhiya Hoapital And Maternity Home",Madhya Pradesh,Ujjain
"28.335, 77.326",28.3346926,77.3258669,12,Amrit Clinic | Aman Hospital | Bachpan Child Hospital | Dr. Anil Nage | Faridabad Eye Care Centre | Gold Field Hospital and Research Center | Gupta Hospital | Keshav Nursing Home | Malik Hospital | Payal Medical Centre,Haryana,Faridabad
"30.168, 77.297",30.1680858,77.2969204,12,Dev Eye Hospital | Christian Hospital | Deswal Hospital Childrens and Maternity Centre | Garg Ent Hospital | Goel Hospital | S.K. Hospital - Jagadhri | S.P.Infertility and Surgical Centre Pvt. Ltd. / S.P. Hospital | Sabbarwal Hospital | City Hospital | Bansal Eye Hospital,Haryana,Ambala | Yamunanagar
"11.259, 75.78",11.2587531,75.78041,11,"Adithya Ayurvedic Hospital and Research Centre | Calicutent Centre ( Chest Hospital ) | Baby Memorial Hospital | Kozhikode District Co-Op Hospital Limited | Cradele Calicut Maternity Care Pvt. Ltd., | Aswini Hospital and Maternity Center | Medical College Hospital | Mother Mary Hospital | M.M. Hospital | Mch Unit Cheruppa",Kerala,Kozhikode | Malappuram
"13.629, 79.419",13.6287557,79.4191795,11,Eye Care Centre and Contact Lens Clinic | M.M Hospital | Meghana Hospital | Nirmala Hospitals | Prameela Hospital | Ravi Neuro and Emergency Hospital - Chittoor | Sri Venkateshwara Institute Of Medical Sciences | Srinivasa Super Speciality Hospital | Swaranamrutha Hospital | Swarna E.N.T Super Speciality Hosptial,Andhra Pradesh | Maharashtra,Chittoor | Raigarh
"15.459, 75.008",15.458923599999999,75.007808,11,Dr B.H. Kamalapur Nursing Home | Dr Ramanagoudar Hospital | Mayur Nursing Home | Prashant Nursing Home | District Government Hospital Dharwad | Medical Hospital and Reserch Institute Pvt Ltd | Sri Dharma Shala Manjunathewhwara College Of Medic | Chandannagore (S D ) Hospital | City Clinic | Dr Kh Jithuri Hospital,Karnataka,Dharwad
"16.989, 82.247",16.9890648,82.2474648,11,Bharani Hospital | Kakinada Nursing Home | Sri Gowthami Nursing Home | Sri Srinivasa Orthopaedic Centre and Nursing Home | Saipriya Maternity Hospital | Kasturi Nursing Home | Ravichandra Hospital | Sri Sai Raghavendra Super Specialities Hospital | Sri Venkata Chalapathi Nursing Home | Sri Venugopal Hospital,Andhra Pradesh,East Godavari
"18.655, 72.867",18.6553938,72.8670819,11,Dr Vaje Nursing Home | Dr. S. N. Tiwary Surgical Clinic | Laxmi I C U and Nursing Center | Laxmi Icu and Nursing Center | Prayas Hospital | R K Maternity Surgical and General Hospital | Sushrut Clinic | Vision Eye Care And Phaco Centre | Varsolkar Maternity and General Nursing Home | Ashwini Hospital- Chaul,Maharashtra,Raigarh
"19.018, 72.856",19.0176169,72.8561288,11,Dr Kiran Katar Clinic | Dr Satish Padmanabhan Clinic | Dr.Jaydeep S Khedkar | Radiation Medicine Centre Bhabha Atomic Research C | Surbhi Dental Clinic(Dr.Samata Dhuppad) | Dr.Pai Dhungat Maternity and Nursing Home | Ipc Heart Care | Dr Chetan Shetty Clinic | Shanmukhananda Jasubhai Rkshah Medical Centre | I Sight Eyecare And Surgery,Maharashtra,Mumbai | Thane
"19.12, 72.846",19.1198548,72.8464601,11,Sujata Medicare (Sujata Gyanaecology Clinic) | Ashwini Clinic | Dr Parekhs Deafness Clinic and Ent Hospital | Dr. Joshi Surgical and Maternity Hospital | Yash Neel Maternity Home | Bses Mg Hospital (Managed By)Brahma Kumari Global Hospital and Res Center | Eye And Contact Lens Clinic | Society Of The Helpers Of Mary Shraddha Vihar Hosp | Mukund Maternity And Surgical Nursing Home | Paramount General Hospital and ICCU,Maharashtra,Mumbai
"19.203, 73.874",19.2031842,73.87425,11,Dr. Mokashi Hospital | Junnarkar Hospital | Suryakant General Surgical Accident And Maternity | Tuljabhavani Hospital | Bhosale Hospital | Dr Dole General Hospital | Vighnahar Nursing Homes | Dr. Gaikar Hospital | Dr. Phapale Hospital | Dr. Wetal Hospital,Maharashtra,Pune
"20.916, 70.363",20.9158979,70.3628516,11,"Aasha Hospital | Asha Maternity and Children Hospital | Deep Darshan Eyecare Hospital(C/O Dr Thanki""S Eye Hospital) | Dr. Thanki Eye Hospital | Madhuram Hospital | Shivanand Eye Hospital | Shri Rang Hospital | Sub District Hospital-Veraval | Jagruti Clinic | Navchetan Surgical Hospital",Gujarat,Junagadh
"21.626, 73.015",21.6264236,73.0151984,11,Aatman Children Hospital | Ami Maternity Hospital | Ankleshwar Sarvajanik Hospital | Mehta Fracture and Orthopaedic Hospital | Navjeevan Hospital | Shri Ramlal Lokhandwala Netramandir | Soni Clinic | Panchal Hospital | Nishtha Eye Clinic | Nityanand Medical Hospital,Gujarat,Bharuch | Panchmahal | Vadodara
"22.471, 70.058",22.4707019,70.05773,11,"Centre For Sight, Jamnagar | Bhagde Maternity and Nursing Home | Gaurav Hospital | Guru Govindsingh Hospital | Orthopaedic Hospital | Rathi Hospital | V S Hospital | Samarpan General Hospital | Kotecha Surgical and Maternity Home | Dr.Keyur J. Baxi",Gujarat,Jamnagar
"23.055, 72.559",23.0551934,72.5585003,11,Aastha Orthopaedic Hospital | Aarambh Heart and Medical Hospital | Ankur Superspeciality Hospital | Dr. Saurabh Shah Orthopaedic Hospital | Lady Care Women's Hospital and Child Care | Riddhi Maternity Home | Sanghvi Hospital | Vivek Children Hospital | Shree Umiya Surgical Hospital | Lady Care Womens Hospital Child Care,Gujarat,Ahmedabad
"23.242, 69.667",23.2419997,69.6669324,11,Bhanushali Nursing Home | City Eye Hospital | Jiya Hospital | Matrushri Meghbai Premji and Reserach Centre | Mehta Hospital | Nanavaty Hospital | Navkar Eye Hospital and Laser Phaco Centre | Shraddha(Ent) Hospital | Vishvash Orthopaedic Hospital | Vivek Surgical Nursing Home,Gujarat,Kachchh
"28.929, 77.091",28.9287735,77.091281,11,"City Hospital | Darya Ram Hospital | Esi Dispancry | General Hospital | General Hospital, Bahadurgarh | Haryana Multispeciality Hospital - Sonipat | Janta Charitable Hospital | Memorial Hospital | Navjeevan Hospital | Sikri Hospital",Haryana,Sonipat
"30.129, 77.267",30.1290485,77.2673901,11,"Civil Hospital | Aggarwal Hospital | Chadha Hospital | Gaba Hospital | M L General Hospital | Roop Rani Free Sewa Eye Hospital | Shri Suresh Chandra Memorial Eye and General Hospit | Sihint Hospital | Waryam Singh Hospital | ESI Hospital, Jagadiri",Haryana,Yamunanagar
"15.365, 75.124",15.3647083,75.1239547,10,Dr Sr Ramanagoudar Nursing Home | Chitguppi Hospital | Sneh Childrens Hospital and Research Center | Dr.K.H.Jituri Hospital | Chaitanya Mulispeciality Hospital | Hcg Nmr Cancer Centre | Hubli Children Hospital and Research Centre (P) Ltd | Shiv Krupa Hospital And Icu | Vaatsalaya Hospital | Dr Handral Nursing Home,Karnataka,Dharwad | Haveri
"15.432, 75.638",15.432465099999998,75.6380337,10,Annapurna Eye Clinic | Kh Patil Hospital Research Centre | Prasad Nursing Home | Shirol Hospital | Basel Mission ( C.S.I ) Hospital | R.T. Kulkarni Nursing Home | Kasturba Hospital | Shobha Hospital | Anand Nursing Home | Sri Vinayaka Nursing Hom,Karnataka,Gadag
"15.479, 78.483",15.478569400000001,78.4830934,10,R V Hospital | Kvr Hospital | Madhumani Nursing Home | Narmada Nursing Home | Nayana Eye Care and Research | R R Hospital | S.V.D. Nursing Home | Shantharam General Hospital | Sree Durga Nursing Home | Swami Super Speciality Netralayam And Skin Care Centre,Andhra Pradesh,Kurnool
"15.85, 74.498",15.849695300000002,74.4976741,10,Bagawadi Eye and Dental Care | Dr. Bagewadis Eye and Dental Care Centre | Natu Hospital | Susheeldath Orthopedic Center | Yash Hospital Critical Care Center | Bapuji Ortho Pedic Centre | Sankalp Nursing Home | General Hospital | Sharada Hospital | Devaganga Maternity and Nursing Home,Karnataka,Belagavi
"16.286, 80.446",16.2861218,80.4462117,10,Adarsha Hospitals | Coastal Care Hospital | Dhulipalla Hospital Pvt Ltd | Krishna Childrens Hospital | Lalitha Super Specialty Hospital | Padmavathi Super Speciality Hospital | Prof. D. Ramakotaiah Childerns Hospital | Sri Ramakrishna Nursing Home | Yerra`S Super Speciality Hospital Pvt Ltd | Amma Hospital,Andhra Pradesh,Guntur
"16.299, 80.453",16.298858799999998,80.45266866,10,Chalsani Hospital | Guntur City Hospital-Guntur | Karumuri Super Speciality Hospital Pvt Ltd | Life Hospital | Sai Bhaskar Trauma and Emergency | Srinivasa Nursing Hom | Tulasi Multi Speciality Hospital | Veena Hospital | Teja Maternity Hospital And Poly Clinic | Quality Hospital,Andhra Pradesh,Guntur
"16.757, 81.68",16.7571731,81.6799629,10,Vamsi High Tech Super Speciality Hospital | Apple Hospital | Geeta Hospitals-Tanuku | Mullapudi Venkatarayudu Eye Centre | Sanjeevani Emergency Hospital | Sreeharsha Ent Hospital | Sri Balaji Hospital | Sri Ramakrishna Orthopaedic and Physiotherapy Center | Sri Ramana Childrens Hospital | Vamsi Superspeciality Hospital,Andhra Pradesh,West Godavari
"17.001, 81.804",17.0005383,81.8040345,10,Srihitha Children Hospital | Vishwanadha Eye and Maternity Hospital | Aravindam Ortho and Physio Centre | Sri Venkateswara Hospitals | Geetha Mullapudi Sperspeciality Dental Hospital | Netra Eye Care | Kranti Nursing Home | Royal Hospital | Sri Ram Nursing Home | Sri Srinivasa Orthopaedic Hospital,Andhra Pradesh,East Godavari
"17.72, 73.397",17.7195516,73.3968136,10,Bhagawati Netralaya | Dr Ghatkar Hospital | Dr Gokull Hopital | Dr Khade Hospital | Dr Rahul V Raje | Dr.Bade Hospital | Gharda Medical Foundation | Maniyar Childrens Hospital | Parshuram Hospital and Research Center | Meenakshi Multispecialty Hospital - Satara,Maharashtra,Pune | Ratnagiri | Satara
"18.297, 83.897",18.2969747,83.8967813,10,Mgm Hospital | Sanjeevini Hospital | Vijaya Surgical Speciality Hospital | Sri Srinivasa Nursing Home | Sri Rajeshwari Nursing Home | Revatirupathi Hospital | Srinivas Nursing Home | Susrutha Nursing Home | Vaatsalya Hospital,Andhra Pradesh,Srikakulam
"19.224, 72.867",19.2240612,72.8666469,10,"Arihant Heart and Surgical Hospital | Anand Nursing Home - Borivali (E) | Ankit Fracture, Maternity and Surgical Hospital | Crystal Hospitals | Qualitas Diagnostics Center | Ratika Hospital and Research Centre | Riddhi Eye Clinic | Robindra Nursing Home | Shivam Eye Care Centre | Shri K V O Jain Manav Seva Kendra Navneet Hospital",Maharashtra,Mumbai
"19.227, 72.984",19.2266605,72.9838366,10,Dr Malatibai Chitnis Clinic and Hospital | Criticare Superspeciality Hospital | Deodhar Hospitals Pvt. Ltd | Dr Bansal's Arogya Hospital | Dr.Kshirsagars Nursing Home | Teeth and More Multi-Speciality Clinic | Sai Hospital and Icu | Kevalya Hospital | Orthonova Hospital | Shree Sai Hospital,Maharashtra,Thane
"21.097, 81.03",21.0971034,81.0302222,10,Christian Fellowship Hospital | Ct Hospital | Parakh Nursing Home | United Hospital | PHC-Saloni | Maa Babmleshwari Dharmarth Chikitsalaya | Primary Health Centre | PHC Rengakhar,Chhattisgarh,Rajnandgaon
"21.19, 81.285",21.1904494,81.2849169,10,J L N Hospital and Research Centre | J.L.N. Hospital And Research Centre | Parvati Hospital | Netralaya | Krishna Nursing Home | Sri Bajaji Hospital | Kothari Nursing Home | Shri Ambe Hospital | Kamla Clinic and Hospital | Primary Health Centre,Chhattisgarh,Durg
"21.522, 70.458",21.522184,70.4578768,10,Dobariya Children Hospital and N.I.C.U | Dr. M.I. Vaja Hospital | Dr. N. M. Lakhani S Hospital | Geeta Maternity and Gynaec Surgical Hospital | Lakhani Hospital | Orthopaedic Hospital | N M Lakhani Hospital | Madhav Prasutigruh and Surgical Hospital | Utkarsh Hospital | Yashkamal Hospital,Gujarat,Junagadh
"22.838, 74.253",22.8379314,74.2531465,10,Community Health Centre | Aditi Eye Hospital | Chaitali Children Hospital | Chaturvedi Hospital | Kaizar Medical Nursing Home | Life Line Hospital | Nayak Hospital | Sahar Homeo Clinic | Shraddha Nursing Home | Singh Hospital,Gujarat,Dahod
"23.039, 72.631",23.0386956,72.6307533,10,Kalrav Nenotal And Children Hospital | Dr. Anjana J Savalia | Metalia Hospital and I C C U | Ranchhodrai Eye Hospital | Tapan Hospital Pvt Ltd | Tilak Hospital | Ahmedabad Diomand Association Medical Trust (Kakadiya Hospital) | Krishna Siddhivinayak Heart Centre (A Unit Of Yogeshwar Healthcare Lmt) | Smruti Opthalmic Nursing Home | Netra Raksha Hospital,Gujarat,Ahmedabad
"23.052, 72.534",23.05238785,72.5337085,10,"Sharma Hospital | Day Night Accident Hospital | Kidney And Urology Hospital | May Flower Womens Hospital Pvt. Ltd., | Neil Hospital | Rajvee Ortho Spine and Child Neuro Hospital | Shantnam Eye Care Hospital | Smruti Fracture Orthopedic Hospital | Sunflower Womens Endo Infertility and Hospital Pvt. Ltd. | Sterling Hospital Div. Of Addlife Medical Institute Pvt. Ltd.",Gujarat,Ahmedabad
"23.112, 72.573",23.1115671,72.5727621,10,Amrut Arogyadham Medical Hospital | Jeevandeep Hospital | Pushpa Children Hospital and Neonatal Care | Life Care Hospital | Satyamev Hospital | Divyajyot Eye Hospital | Pushpa Children Hospital and Critical Care Centre | Chandkheda Orth. and Surgical Hospital | Shree Sai Children Hospital,Gujarat,Ahmedabad | Gandhinagar
"23.216, 72.637",23.2156354,72.6369415,10,"Sitarama Nursing Home | Shraddhadeep Eye Hospital | Akshar Hospital | Ma Maternity and Surgical Hospital | Sri Sai Bhramarambika Nursing Home | Ila Maternity Hospital - Gandhinagar | Shree M B Patel Sarwajanik Hospital | Sheth N.N Saravajanik Hospital | Krishna Hospital, Mota Chiloda | Adarsh Nursing Home",Andhra Pradesh | Gujarat | Karnataka,Srikakulam | Gandhinagar | Ballari
"28.614, 77.209",28.6139391,77.2090212,10,Drishti Eye Centre | Lakhotia Eye Centre and Laser Institute | Gold Field Hospital and Research Center | Sukhdev Hospital | Neelkanth Hospital | Sahaj Dental Clinic | Chhabra Psychiatric Clinic | Dr.Gogias Super Speciality Dental Care Centre | Kalyani Nursing Home | Satalkar Hospital,Haryana | Maharashtra,Faridabad | Mewat | Gurgaon | Rohtak | Ahmednagar
"9.931, 76.267",9.9312328,76.2673041,10,Moham Hospital Tsunami Project Only) | Arya Vaidya Sala Kottakkal | West Side Hospital Pvt Ltd | City Hospital | Medical Trust Hospital | Silverline Hospital | Indira Gandhi Memorial Hospital | Sunrise Hospital | Thrikkakara Grama Panchayat Co-Operative Hospital | Amrita  Institute Of Medical Sciences,Kerala,Alappuzha | Ernakulam
"13.296, 77.801",13.2955371,77.8009872,9,Anugraha Eye Hospital | Bina Eye Hospital | Chiranjeevi Maternity Home | Shri Sai Hospital | Vasi Hospital | Chetana Orthopaedic And Maternity Centre | Dr.M.Managuli Hospital | Dr.Wali Orthopeadic Hospital | Girija Hospital,Karnataka,Vijayapura
"14.682, 77.601",14.6818877,77.6005911,9,Baby Hospital | Meda Nursing Home | Prasanthi Nursing Home | Sri Sai Balaji Hospital | Sri Sai Venkateshwara Surgical Clinic | Venkat Sai Health Care Pvt Ltd ( Apollo Hospitals) | Balaji Nursing Home | Dr B V Syamala Ratnam Hospiatal | Sri Kaveri Speciality Hospital,Andhra Pradesh,Anantapur | Chittoor
"17.532, 73.518",17.5323106,73.5177928,9,"Chiranjeev Hospital | Dr Gokhales Janata Hospital | Dr. Mukadam Netra Rugnalay | Lt Tatyasaheb Natu Memorial Hospital | Vijayashree Hospital | B.K.L. Walawalkar Hospital Diagnostic And Research Centre - Chiplun | Saishwari Maternity , General and Surgical Nursing Home | Bkl Walawalkar Hospital | Jyoti Care and Research Foundation",Maharashtra,Ratnagiri
"17.675, 75.324",17.6745535,75.3237262,9,Cottage Hospital | Dr Arif Bohri Polyclinicand Hospital | Dr Hawale Hospital | Kamal Kranti Medical Foundation Trust | Raka Accident And Frature Hospital | Shahapure Hospital | Shree Hospital Maternity and Surgical | Shri Ganapati Children Hospital | Sonawane Hospital-Pandharpur,Maharashtra,Solapur
"18.735, 73.097",18.734888,73.0966019,9,Dhanwantari Clinic and Prasutalaya | Dharmi Clinic Maternity and Surgical Home | Jeevanrekha Hospital | Mangala Nursing Home and Cancer Hospital | Shree Siddhakala General Hospital | Suitikagruha and Achupuncher X-Ray Center | Trimurti Clinic and Maternity Home | Dr.Rawoot Clinic | Yashwant Hospital,Maharashtra,Raigarh
"21.046, 75.801",21.0455204,75.8010962,9,Firke Accident Hospital | Jayawant Hospital and Maternity Home | Radhika Hospital | Arpan Hospital | Dr Manwatkar Hospital | Kelkar Hospital | Nehete Hospital and Sonography Centre | Spandan Hospital | Vishwanath Hospital,Maharashtra,Akola | Dhule | Jalgaon
"21.319, 76.222",21.3193875,76.2224273,9,"Agrawal Fracture,Accident And Physiotherapy Centre | Devashish Hospital | Garg Hospital | Jain Hospital | Matra Seva Sadan Hospital | Radhe-Shyam Ashirwad Hospital | Samarpan Children Hospital | Sewalaya Hospital And Research Centre | Tapti Hospital",Madhya Pradesh,Burhanpur
"22.302, 73.2",22.301612600000002,73.19982922222223,9,City Heart Centre | City Surgical Hospital | Dr Br Patel Hospital | Fracture and Orthopaedic Hospital | Golwala Orthopaedic Hospital | Gopal Fertility and Reproductive Health Clinic | Jagruti Clinic | Sapan Hospital Maternity and Nursinghom | Vardhaman Urology and Lithotripsy Centre ( A Unit Of Vardhaman Medical Centre),Gujarat,Vadodara
"23.05, 72.534",23.0504677,72.5337197,9,Chandrabhan Hospital and Gynac Institute | Jaydeep Hospital | Pn Desai Eye Hospital | Raghudeep Eye Clinic | Sarthak Orthopaedic Hospital | Sharda Eye Hospital Phaco And Laser Centre - Ahmedabad | Shraddha Surgical Hospital | Shreeji Orthopaedic And Ent Hospital | Shreekrishna Hospital and Health Care Centre,Gujarat,Ahmedabad
"23.796, 86.43",23.7956531,86.4303859,9,Laxmi-Prayag Nursing Home | Sanjeevani Nursing Home | Suyash Clinic and Nursing Home | PHC Goindpur | Yaslok Hospital | Dwarka Das Jalan Memorial Hospital | Shakti Nursing Home and Research Center | Puja Poly Clinic | PHC Nirsa,Jharkhand,Dhanbad
"24.601, 80.832",24.6005075,80.8322428,9,Ayushman Hospital and Research Center | District Hospital | Nahar Nursing Home | Prem Nursing Home | Pushpanjali Nursing Home | Rasendra Memorial Nahar Ent Hospital | Sanjiwani Super Speciality Hospital | Santosham Health Care | Pushpajali Nursing Home and Sankar Memorial Hospital and Research Center,Madhya Pradesh,Satna
"25.043, 83.606",25.0426227,83.6055732,9,Gandhi Kusth Nivaran Pratisthan | Ranjan Hospital | Srijan Hospital | Prakash Hospital | Dr.Awinash Clinic | Mansarover Hospital | Sanjeevani Hospital | Kushi Health Care Centre | Ujjwal Nursing Home,Bihar,Kaimur (Bhabua)
"25.124, 85.459",25.1240603,85.4594749,9,Gokul Pariwar and Shishu Swasthya Kendra | Nath Nursing Home | Mamta Mother and Child Hospital(P)Ltd. | Prasad Nethralaya and Surgical Centre | Sanjivani Hospital | Vijeta Nursing Home | Janta Nursing Home | Netra Jyoti Seva Mandiram | Sai Swayam MatandNur Home,Bihar | Maharashtra,Nalanda | Mumbai
"25.552, 87.572",25.552048,87.5718609,9,Advanced Bone Center | Dr Arif Clinic | Dr. M M Haque Nursing Home | K K Matri Seva Sadan | Lodi Health Clinic | Nirog Nursing Home | Patna Hospital | Popular Sewa Sadan | Sheefa Health Clinic,Bihar,Katihar
"25.782, 87.489",25.781808,87.488871,9,Divya Clinic | Alam Ortho Clinic | Alfa Hospital Of Bone and Spine | Badridev Surgical Clinic | Fatma Nursing Home | Kk Nursing Home | Premnath Kejriwal Nursing Home | Sahyog Nursing Home | Tapowan Fracture and Orthopaedic Centre,Bihar,Purnia
"27.688, 76.448",27.687672,76.4483551,9,Adarsh Hospital and Research Centre | Arogya Hospital | Bk Hospital | Chandra Nursing Home | Harsh Anand Hospital | Jeewan Rekha Nursing Home and Maternity Centre | Kailash Hospital | Shivam Nursing Home | Veena Nursing Home,Bihar,Vaishali
"28.193, 76.624",28.1927631,76.6239423,9,"Birendra Hospital | Dr.S.S. Yadav Ram-Bhagwan Charitable Institute | Health Point | Medimax Hospital | Naithani Neuro Cente | Samudayik Swasthya Kender, Khaul | Shanti Yadav Hospital | Shree Shyam Surgical and Maternity Hospital | Shri Krishan Hospital / Shri Krishana Hospital",Haryana,Rewari
"28.799, 76.134",28.799044499999997,76.1335112,9,"Aruya Aspatal | Ishwar Children Hospital | Pahwa Skin Hospital | Singla Hospital | Dev Nursing and Maternity Home | Rc Sharma Hospital | Haryana Hospital | ESI Hospital, Bhiwani | Dhir Hospital",Haryana,Bhiwani
"29.391, 76.964",29.3909464,76.9635023,9,"Aarti Nursing Home | Altius Maharaja Agarsain Hospital | Amar Hospital | Chaturbhuj Leelawati Trust Hospital and Nursing Home / Chaterbuj Trust Hospital | Civil Hospital | Kohli Nursing Home | Sai Ram Nursing Home | ESI Hospital, Panipat | Dr. G.C.Gupta Hospital",Haryana,Panipat
"12.296, 76.639",12.2958104,76.6393805,8,"Dr Rajshekhar Hospital | Jss Hospital (Jagadguru Sri Shivarathreeshwara Hospital) | Sri Chamundeshwari Maternity and Nursing Home | Csi Holdsworth Memorial Hospital | Shree Mahadeshwara Nursing Home | Vidyaranya Hospital , Mysore | Karunalaya Hospital, Nanajanagud | Sushrutha Ortho Care",Karnataka,Mysuru
"13.636, 79.42",13.6361446,79.4204532,8,Harshitha Hospital | Om Children Surgical Superspeciality Centre | Rama Nursing Home | Sakthi Medicals | Sri Chakra Hospitals | Sri Sai Sudha Hospitals | Suguna Nursing Home | Triveni Child Care Hospital,Andhra Pradesh,Chittoor
"13.93, 75.568",13.9299299,75.568101,8,Sharavathi Nursing Home | Shimoga Institute Of Medical Sciences District | Shree Dutta Hospital | Usha Nursing Home | Sahyadri Hospital | Swathi Ent Hospital | Subbaiah Medical College Hospital And Research Centre | Sub Division Hospital,Karnataka,Shivamogga
"14.466, 75.924",14.4663438,75.9238397,8,Prakash Nursing Surgical and Maternity Hospital | Ravi Nursing Home | Sri Gurunath Hospital | Kadli Ningamma Memorial | Nandi Hospital | Vinayaka Hospital | District Level Hospital | Mudavally Halamma Venkappa Hegde Memorial Hospital,Karnataka,Davangere
"16.51, 80.635",16.5098886,80.6354665,8,Charitha Sri Hospitals Ltd | Modern Retina Centre | Sai Swetha Mother And Child Hospital | Sathish Urology and Andrology Center | Sridevi Eye Hospital | Vasan Eye Care Hospital | Vijaya Super Speciality Hospital | Vijayawada Institute Of Neuro Sciences (Vins),Andhra Pradesh,Krishna
"17.007, 81.783",17.0068785625,81.7829893125,8,"Ammanna Memorial Murtys Neuro Super Speciality Ho | Coastal Cardiac And Maternity Centre | Nest Hospital | Ratna Orthopaedic Center | Sanjana Orthopaedic Hospital | Sreya Medical Speciality Centre | Sri Suguna Children,S Hospital | Swetha Hospitals - Rajahmundry",Andhra Pradesh,East Godavari
"18.478, 73.857",18.4775848,73.8572817,8,Dr. Ashok Parakh | Siddhant Maternity Home | Dr. Tekawade Eye Clinic | Karne Hospital Pvt Ltd | Rao Nursing Home | Unity Ortho And Eye Hospital - Pune | Vimal Nursing Home | Ashwin Hospital,Maharashtra,Pune
"18.563, 73.937",18.5628913,73.9367606,8,Adarsh Nursing Home | Chaitanya Hospital | Jeewan Jyot Hospital | Kohakade Hospital | Takawale Accident and Multi Speciality Hospital | Dr. Kulkarni Dental Centre | Jijamata Hospital | Thite Hospital,Maharashtra,Pune
"19.082, 72.838",19.081562275,72.83774438750001,8,Gandhi Nursing Home | Life Line Hospital and Diagnostics Pvt Ltd | Malpani Eye Hospital And Laser Centre | Mumbai Retina Centre | Radiance Laser Vision Centre | Samvedan Health Care Clinic | Smruti Nursing Home | The Ark Clinic,Maharashtra,Mumbai
"19.096, 72.856",19.0963781,72.8563994,8,Sanjawalas Maternity and Gynacologist | Ashish Maternity and Nursing Home - Vile Parle (E) | Dr. Kirits Nursing Home-Vile Parle | Kirit Nursing Home | Navjivan Maternity and Surgical Nursing Home | Smt. Laxmiben Dharamsi Karsan Gala Eye Hospital | Sunder Pathology Laboratory | Vasudev Eye Clinic,Maharashtra,Mumbai
"19.157, 72.964",19.1565109,72.9637728,8,Cancer Care | Lav-Kush Nursing Home | Aaditya Netralaya | Chandraganga Hospital - Mulund | Mulund Nursing Home | Omkar Surgical and Maternity Home | Saidhanhospital Iccu and Eye Care | Platinum Hospitals,Maharashtra,Mumbai
"21.897, 83.395",21.8974003,83.3949632,8,City Hospital | Dr. R L Hospital | Fortis O P Jindal Hospital And Research Center | Jmj Morning Star Hospital | Sanjivani Nursing Home | Smt. Ashrafi Devi Womens Hospital | PHC-Nawrangpur | Dr S N Tiwary,Chhattisgarh | Maharashtra,Raigarh
"22.323, 73.155",22.3231406,73.1550454,8,Desai Eye Institute and Research Centre | Rushikesh Maternity Hospital | Yogeshwar Hospital | Sarthak Hospital and Skin Care Centre | Dr. Vipul J. Mistry | Rishabh Nursing Home | Shree Shubham Surgical and Eye Hospital | Utkarsh Clinic,Gujarat,Vadodara
"22.833, 69.355",22.833334,69.3554783,8,Laxmi Jyot Eye Hospital | Dr Meenu Agarwal Clinic | Dr.Prashant Vasa Eye Hospital | Eye Hospital (Dr.Prashant Vasa) | Masoom Child Care | Nutan Vikas Trust | Puspak Hospital | Rana Hospital,Gujarat,Kachchh
"23.167, 79.926",23.1668890625,79.926361975,8,Manglam Hospital | Central India Kidney Hospital | Chirayu Intensive Care Hospital and Research Centre | Dev Chhaya Centre For Child Development | Dr. Gupats Uday Nursing Home and Resesarch Centre | Mohanlal Hargovind Das Cheritable Trust Hospital | Saptarishi Hospital | Sutika Gruha and Shishu Kalyan Kendra,Madhya Pradesh,Jabalpur
"23.588, 72.369",23.5879607,72.3693252,8,Dr. Jesangbhai F. Chaudhari | Preeti Clinic | Raval Eye Hospital | Ashirwad Children Hospital and Neonatal Care Centre | PHC Bamosna | Dr. P.T.Patel | Niyati Clinic | Smt Hiraben A Shah General Hospital,Gujarat,Mahesana
"25.241, 86.992",25.2414303,86.9924358,8,Asraya Hospital | Dr Archana Jha Clinic and Nursing Home | Dr Suresh Pathology | Dr. Chandra Shekhar Shah | G.S. Hospital and Endolaparoscopy Centre | Rakshit Nursing Home | Tapashwi Hospital | Aditya Nursing Home,Bihar,Bhagalpur
"28.066, 76.101",28.0657961,76.1014781,8,"Bishnoi Hospital | Civil Hospital | Dr. Maharaj Kr. Goel | Ratna Hospital | Singhal Medical, Surgical and Maternity Center | Yadav Surgical and Nursing Home | Ahuja Hospital | Imran Ent Hospital",Haryana,Mahendragarh | Rewari
"11.073, 76.074",11.0731819,76.0739999,7,Tirur Mission Hospital | Daya Hospital | P.M.S.A Memorial Malappuram District  Co.Op Hospital Ltd | Nizar Hospital | Grace Speciality Hospital | Sacred Heart Multi Speciality Hospital | Sukapuram Hospital,Kerala,Malappuram
"12.972, 77.595",12.9715987,77.5945627,7,"Bangalore Baptist Hospital | Bangalore Heart Hospital, | Bengaluru Hospital, Susruta Medical Aid And\nResearch Home Limited | Bengaluru Kidney Stone Hospital | Bengaluru West Lions Hospital | Sri Lakshmi Venkatesh Nursing Home",Karnataka,Bengaluru Urban | Mandya
"13.337, 74.747",13.3371151,74.746596,7,Aroors Clinic and Nursing Home | Karkala Nursing Home | Lalith Hospital | Hitech Medicare Hospital | Chinmayi Hospital | Chandra Nursing Home | J M J Diagnova Hospital,Karnataka,Udupi
"13.339, 77.114",13.3391677,77.1139984,7,Goutham Hospital | Seva Hospital | Adarsha Nursing Home | Distric Hospital | Ashwini Hospital | B Siddaramanna Hospital | Balaji Hospital,Karnataka,Tumakuru
"15.506, 80.05",15.5057232,80.049922,7,Amma Eye Hospital Ongole | Samata Hospital Orthopaedic and Maternity Hospiital | Sanghamitra Hospital Pvt Ltd | Vijaya Hospital | Amrutha Heart Hospital | Aneesh Kidney Centre | Pranathi Neuro Speciality Hospital,Andhra Pradesh,Prakasam
"16.299, 80.452",16.2989705,80.45236680000001,7,Amma Childrens Hospital | Dr.Rangarao Nursing Home (P) Ltd | Lakshmi Meenakshi Eye and Maternity Care | Maruthi E.N.T. Hospital | Peoples Trauma And Emergency Hospital | S.G.O. Clinic | Sri Satya Sai Hospital,Andhra Pradesh,Guntur
"16.711, 81.095",16.7106604,81.09524309999999,7,Shreerama Nursing Home | Uma Childrens Hospital | Sri Sai Madhavi Hospital | Sri Venkateswara Nursing Home | Swaruparani Nursing Home - Eluru | Yasoda Hospital | Asrims Hospital,Andhra Pradesh,Krishna | West Godavari
"16.99, 73.312",16.990215,73.3120233,7,"Aparna Hospital | Gharda Med, Foundation Hosp | Shree Vithalrao Joshi Charities Trust's Bkl Walawalkar Hospital, Diagnostic And Research Centre | Jyoti Eye Care Research Foundation | Shree Ramnath Hospital | Swasti Medical Foundation Chirayu Hospital | Ankur Balrugnalaya",Maharashtra,Ratnagiri
"17.33, 76.834",17.329731,76.8342957,7,Banale Hospital | Government Gen. Hospital | Matoshri Medical Centre | Shree Basavalingappa Nisty Memorial Nursing Home | Sidrameshwar Eye Clinic | Bhurukha Netralaya | Aasare Fertility Centre,Karnataka,Gulbarga | Raichur
"18.409, 76.56",18.4087934,76.5603828,7,Nilangekar Hospital | Aayush Hospital | Lakshmi Hospital | Vaishnavi Netralaya | Dr. S B Gugle Memorial Hospital | Latur Cancer and Lacoscopy Centre | Planet Critical Care Centre,Gujarat | Maharashtra,Surat | Latur
"18.789, 73.341",18.7889974,73.3413948,7,Dr Dongare Clinic | Dr Dongares Clinic | Maher Maternity and Surgical Home | Shree Datta Clinic | Shree Parvati Hospital | Suprama Hospital | Vidya Prabha Hospital and Polyclinic,Maharashtra,Raigarh
"19.055, 72.889",19.0552812,72.8892082,7,Swastik Nursing Home | Daycare Angels | Mandakini Nuclear Imaging Centre | Swastik Hospital and Research Centre | Sushrut Hospital and Research Center | Sushrut Hospital and Research Centre,Maharashtra,Mumbai
"19.11, 72.841",19.110294900000003,72.8409693,7,"Laser Institute Of Laser Medicine | Oculus Eye Hospital Pvt. Ltd | Iris Eye Center | Irla Nursing Home and Polyclinic | Navkar Eye Care Center | Shruti Clinic - Vile Parle | Centre For Sight, Juhu",Maharashtra,Mumbai
"19.114, 74.73",19.1136032,74.7302645,7,"Agrawal Hospital | Daule Hospital | Deepak Hospital, Ahmednagar | Athare Patil Memorial Hospitals And Research Center Pvt Ltd | Garud Hospital and Research Center | Nisar Hospital and Maternity Home | Tarde Hospital",Maharashtra,Ahmednagar
"19.158, 72.993",19.157935,72.9934762,7,Sai Seva Hospital And Icu | Asha Medical Centre | Avadhoot Hospital and Iccu | Jasmine Hospital | Om Sai Hospital | Parulekar Nursing Home | Sai Seva Hospital and Icu,Maharashtra,Mumbai | Thane
"19.183, 72.84",19.1827551,72.8401539,7,Advanced Orthopaedic Centre | Khandelwal Ent and General Hospital and Polyclinic | Lifeline Hospital Heart Insititute and Diagnostic Centre | Nirman Diagnostic Imaging Centre | Rajathani Seva Samiti | Sunflowar Laboratory and Diagnostic Centre | Vinayak Maternity and General Hospital,Maharashtra,Mumbai
"19.876, 75.348",19.876079299999997,75.3477351,7,Ciigma Hospital | Dunakhe Hospital Pvt. Ltd. | Jhunjhunwala Hospital | Krushna Hospital and Icu | Sahyadri Multispeciality Hospital | Deshmukh Institute Of Maxillo-Facial Surgery and Res | St. Anns Hospital,Maharashtra,Aurangabad
"21.039, 75.779",21.0386774,75.7793045,7,Bhirud Hospital | E.N.T. And Eye Hospital | Khanapurkar Maternity Hospital and Sonography | Lokhande Hospital | Manvatkar Hos. | Pushpa Surgical Hospital - Bhusawal | Soniccha Accident Hospital,Maharashtra,Jalgaon
"21.131, 79.08",21.1312759,79.0800402,7,Ketki Nursing Home And Urology Hospital | Ortho Relief Hospital And Research Centre | Shiv Ganga Hospital and Critical Care Centre | Shravan Dialysis and Kidney Unit | Shri Krishna Hrudayalaya And Critical Care Centre | Sparsh Urology And Kidney Hospital | Suretech Hospital And Research Centre,Maharashtra,Nagpur
"21.149, 79.117",21.1489395,79.11656230000001,7,Madan Mahal Hospital | Central Avenue Critical Care Hospital and Icu | Tanna Heart-Diabetes Hospital | Multani Maternity and Child Care Hospital | Radiance Hospital | Jaiswal Children Hospital | Lens Implant Centre Eye Hospital and Dental Clinic,Madhya Pradesh | Maharashtra,Jabalpur | Nagpur
"21.181, 72.817",21.181114414285712,72.81722347142858,7,Bhavin Eye Hospital | Vasan Eye Care Hospital | Advance Surat Traumatology and Orthopaedic Surgery Hospital / Asutosh Hospital | Smt. Dipika and Dr. Hasmukhlal C Vankawala | Medical College | Netrang Eye Hospital and Laser Centre | Setu Surgical Hospital,Gujarat,Surat
"22.601, 75.302",22.6012922,75.3024655,7,Choudhary Hospital | Mittal Hospital | Shanti Nursing Home And Trama Center | Suraj Nursing Home | Patidar Chiktsa Sewa Saunsthan Pvt.Ltd. | Sehta Hospital | Mahajan Hospital,Madhya Pradesh,Dhar
"22.716, 75.853",22.716073899999998,75.85299718571427,7,"Dr. Aditya Agarwal Laser Surgery Center | Gill Diagnostic and Stone Clinic | Unique Hospital | Vyas Children Hospital | Waghmare Nursing Home | City Nursing Home Pvt Ltd | Kalantri Nursing Home,Indore",Madhya Pradesh,Indore
"22.72, 71.65",22.720131899999995,71.649536,7,C J Hospital | Dr Jyotin S Shah Nursing Home | Raj Meternity and Surgical Hospital | Shivam Medical Nursing Home | Shree Mahatma Gandhi Smarak General Hospital(Civil) | Jivan Jyot Hospital | Parth Meternity And Nursing Home,Gujarat,Surendranagar
"23.025, 72.673",23.0249514,72.6729322,7,Ayushman Medical Hospital and Dignosis Center | Divya Jeevan Medical Hospital | Rajput Eye Hospital | Rangam Multispeciality Hospital | Shree Rangkrupa General Hospital | Sreeji Medical Nursing Home | Divyjeevan Medical Hospital,Gujarat,Ahmedabad | Mahesana
"23.243, 69.673",23.243424799999996,69.6726564,7,Chaandu Smruti Chest Hospital | Dr.Ganatra Hospital | Gupta Children Hospital | Jiya Hospital | Om Hospital | Patel E.N.T. Hospital | Kutch Medi Care,Gujarat,Kachchh | Valsad
"23.763, 73.244",23.7633469,73.2440996,7,Drashti Hospital | Jeevandhara Multi Speciality Hospital | Maitri Hospital and Maternity Home | Mamta Hospital | Mira Surgical Hospital | Navchetan Heart and Medical Hospital | Sarvoday Hospital,Gujarat,Sabar kantha
"23.831, 80.407",23.8308453,80.4072255,7,"District Hospital | Gauri Hospital and Maternity Home | Gupta Nursing Home,Katni | Jagmohan Hospital | Katni Nursing Home | Mohanlal Gupta Memorial Hospital and Research Centre | Om Shanti Hospital",Madhya Pradesh,Katni
"23.885, 72.619",23.8852929,72.6189503,7,PHC Panchha | Alka Hospital and Sonography Clinic | Apoorva Clinic | Chc Kheralu | Jatan Children Hospital | PHC Dabhoda | Vishvas Dental Care,Gujarat,Mahesana
"24.476, 74.862",24.4763852,74.8624092,7,Alok Hospital | Choudhary Nursing Home | Dr. S N Mandloi Memorial Hospital | Garg Nursing Home | Gomabai NethralayaandResearch Centre | Gupta Surgical and Maternity Nursing Home | Vimal Clinc and Nur Home,Madhya Pradesh,Mandsaur | Neemuch
"25.142, 85.863",25.1416937,85.8628915,7,Max Care Hospital And Research Institute Pvt. Ltd. | Shekhar Hospital | Divya Drishti Eye Centre | Krishna Health Care | Satyam Nursing Home and Research Centre (P) Ltd | Nishant Surgical Clinic | Sushma Nursing Home,Bihar,Patna | Sheikhpura
"25.565, 83.978",25.5647103,83.9777482,7,Gloval Vishwamitra Hospital | Neha Nursing Home | R.R Memorial Hospital | Sadguru Nursing Home | Garib Nawaz Hospital | Marry Ward Health Centre | Siddhashram Sewa Sadan,Bihar,Buxar
"25.601, 85.152",25.6012318,85.1524735,7,Pandey Nursing Home | Dubey Urology Clinic and Stone Centre | J.H.Nursing Home | Krishna Nursing Home | Matrichhaya Ortho and Health Care | Sankalp Heart Center | Shubham Maternity Centre,Bihar,Patna
"26.197, 78.168",26.1973344,78.1684973,7,Konark Hospital | Bansal Hospital | Rathi Hospital | Shivji Bal Chikitsalaya | Sahara Hospital | Ashirwad Hospital and Research Centre | Royal Hospital,Madhya Pradesh,Gwalior
"28.385, 77.304",28.384764,77.303723,7,Ahuja Clinic | Ashok Nursing Home | Chopra Medical Centre | Dr. R.N. Malik | Nav Jiwan Hospital | Seva Samiti Charitable Hospital and Research Centre / Sewa Samiti Charitable Hospital and Research Centre | Hole Hospital and Maternity Home,Haryana | Maharashtra,Faridabad | Ahmednagar
"28.611, 77.24",28.6112384,77.2401143,7,Gulab Hospital | Lotus Hospital | Shri Ram Hospital | Family Medicare and Heart Centre | Guru Nanak Hospital | Sir Dayaram Memorial Hospital and Surgical Center | Singal Nursing Home,Haryana,Faridabad | Palwal
"29.134, 75.742",29.1339562,75.7422368,7,"Aastha Hospital | Chawla Nursing Home | Kailash Hospital | N. C. Jindal Institute Of Medical Care And Research Centre | N. D. Hospital, Hisar | Ravindra Hospital | Jindal Institute of Medical Sciences",Haryana,Hisar
"9.265, 76.787",9.2647582,76.7870414,7,Archana Hospital | S N Nursing Home | Changethu Bhaskaran Nair Memorial Hospital | Geo Medical Trust Superspeciality Hospital | Sabitha Eye Care Hospital | Mulamoottil Eye Hospital | General Hospital Adoor,Kerala,Pathanamthitta
"11.753, 75.493",11.7532878,75.4928777,6,Josgiri Hospital | Tellicherry Co Operative Hospital | Thalassery Mission Hospital | Shemi Hospital | Tely Medical Centre Ltd | Santhosh Hospital,Kerala,Kannur
"12.769, 75.207",12.7686756,75.2070644,6,Sri Sai Nursing Home | Mahaveer Medical Center | Sathya Sai Annapurna Nursing Home | Father Patrao Hospital | Community Health Centre | Pragathi Speciality Hospital,Andhra Pradesh | Karnataka,Chittoor | Dakshina Kannada
"12.925, 77.547",12.925342583333332,77.54684968333333,6,Shreya Hospital | Anyuta Hospital | Sagar Hospital | Aditya Netralaya - Bangalore | Sagar Hospitals | Vijaya Hospital,Karnataka,Bengaluru Rural | Bengaluru Urban | Tumakuru
"12.928, 77.627",12.9279232,77.6271078,6,Curie Centre Of Oncology | Sharadha Nursing Home | Apollo Koramangla Cradle Limited | CGHS Dispensary No.7 | Acura Speciality Hospital | Devi Eye Hospital,Karnataka,Bengaluru Urban
"13.1, 77.594",13.1004849,77.5940134,6,I-Aim Healthcare Centre | Saranalaya Hospital | Govt Hospital | Kk Hospital | Ashwini Hospital,Karnataka,Bengaluru Urban
"13.56, 78.504",13.560349100000002,78.5036065,6,Bhavya Child Care Center | Chandra Mohan's Nursing Home | Desai Hospital | Rama Orthopaedic Nursing Home | Usha Speciality Hospital | Viswa Orthopaedic Hospital,Andhra Pradesh,Chittoor
"15.835, 78.052",15.8351173,78.0516415,6,New Balaji Super Speciality Hospital | St. Theresa Hospital | Balaji Hospital-Kurnool | Karthik Hospital | Saraswathi Nursing Home | Sri New Balaji Super Speciality Hospital,Andhra Pradesh,Kurnool
"16.173, 75.656",16.1725355,75.6557206,6,Bhadra Nursing Home | Dr. V.N.Joshi Memorial Hospital | Mane Hospital and Research Centre | S N Mc and H S K Hospital | Shri Venkateswara Hospital | Sharan Hospital - Mahalingpur,Karnataka,Bagalkot
"16.212, 77.344",16.2120031,77.3439283,6,Patil Nursing Home | City Poly Clinic | Navodaya Medical College Hospital and Research Centr | Nutan Hospital | Naveen Multispeciality Hospital | Sri Padma Nursing Home,Karnataka,Gadag | Raichur
"18.877, 72.928",18.8772346,72.9283391,6,Dr. Babres Hospital | Jijamata Hospital | Manish Hospital | Sai Krupa Drushti Eye Hospital | Shree Panta Clinic | Uran Children And General Hospital,Maharashtra,Raigarh
"19.024, 72.838",19.023710249999997,72.8378306,6,Siddivinayak Healthcare Pvt Ltd | Ashvini Nursing and Maternity Home | Dr Thakur Hospital | Dr.Patkars Surgical Nursing Home | Well Spring Dr Avinash Phadke Pathlab Clinic | Punamiya Hospital,Maharashtra,Mumbai
"19.036, 73.023",19.0355766,73.0228173,6,Raj Hospital | Aarogya Polyclinic and Health Care Centre | Dr.Sonawane's Hospital | Ojas Nursing Home | Surya Hospital and Iccu | Suyash Nursing Home and Iccu,Maharashtra,Mumbai | Thane
"19.079, 72.906",19.0792247,72.9057813,6,Dr Trivedis Maternity and Nursing Home | Aakar Ivf-Icsi Centre | Dr.Amrish Mehta Diagnostic Centre | Dr.Trivedi's Maternity and Nursing Home | Kamdar Nursing Home and Polyclinic Pvt. Ltd. | Sanghavi Laboratory,Maharashtra,Mumbai
"19.138, 77.321",19.1382514,77.3209555,6,Global Super Speciality Hospital (Prachet and Vithal Hospital Pvt. Ltd) | Shree Venkateshwar Netralay | Vishwa Institute Urology And Kidney Centre | Wadekar Hospital | Radha Govind Hospital | Manik Hospital,Maharashtra,Nanded
"19.141, 72.842",19.1405116,72.8421555,6,Dr Shah Hospital and Acupuncture Research Center | Diamond Hospital | Linkway Nursing Home and Polyclinic | Mother Care Maternity And Surgical Nursing Home - Mumbai | Pooja Nursing Home | Orbit Eye Hospital,Maharashtra,Mumbai
"19.187, 72.969",19.1871159,72.9694667,6,Dr.Pathak`S Nursing Home | Amber Eye Care And Microsurgery Centre | Dr Karavade Eye Clinic | Nest Accident and Fracture Hospital | Pooja Nursing Home - Thane | Suyash Diagnostic Centre,Maharashtra,Thane
"19.19, 72.971",19.1902827,72.9711542,6,Dr Vaidyas Eye Center | Dr. Godbole`S Heart Care Centre Pvt. Ltd. | Thane Health Care Hospital | Dr. Narkhedes Advance Ent Centre | Sai-Krupa Maternity and Surgical Nursing Home | Vaidya Maternity Home,Maharashtra,Thane
"19.878, 75.32",19.878385466666668,75.32020103333333,6,Drushti Eye Institute | Guruprasad Eye Hospital - Aurangabad | Radhai Multispeciality Hospital | Wadgaonkar Eye Hospital | Bagdia Maternity And Nursing Home | Janaki Hospital,Maharashtra,Aurangabad
"20.917, 74.782",20.9172563,74.781752,6,Sai Hospital | Sanjeevan Hospital | Shri Siddheshwar Multispeciality Hospital | Spandan Hospital Dhule | Suman Hospital | Sushrut Hospital,Maharashtra,Dhule
"21.642, 69.629",21.6417069,69.6292654,6,Anand Surgical and Meternity Hospital | Dr B G Parwani Nursing Home | Dr Jadav Children Hospital | Manan Maternity Home | Sagun Hospital | Shree Morarji Kheraj Thakrar Orthopaedic Hospital,Gujarat,Porbandar
"22.417, 72.897",22.4171034,72.896708,6,Jaideep Eye Hospital | Priya Hospital | Roberts Mission Hospital | Shahhvat Children Hospital | Shishu Mangal Hospital | Shree Datt General Hospital,Gujarat,Anand
"22.552, 75.757",22.5524372,75.7565273,6,Fracture Clinic | Getwell Hospital | Malwa Nursing Home | O.P. Memorial Trauma and Naternity Clinic | Pamecha Hospitaland Cardiac Centre | Utkarsh Hospital and Research Centre,Madhya Pradesh,Indore | Mandsaur | Morena
"22.805, 86.203",22.804566500000004,86.2028754,6,Mahatma Gandhi Memorial Hospital | B.R.Seva Sadan and K.K Skin Institute and Research Cen | Brahmananda Narayana Hrudayalaya | Purnima Netralaya | Vardaan Maternity Home and Research Centra | Siddhesh Swastaya Sevashlya Pvt Ltd,Jharkhand,East Singhbhum | West Singhbhum
"22.991, 72.376",22.9912897,72.3755085,6,CHC Sanand | Navjivan Doctor House | Janam Maternity General Hospital | Navjeevan Doctor House | Sanand Hospital and Trauma Centre | Sanand Janta Multispeciality Hospital,Gujarat,Ahmedabad
"23.334, 75.038",23.3341696,75.0376325,6,Ankoor Hospital Neo Ankoor Criti Care Center | Ashirwad Nursing Home | Dr.H.C. Khandelwal Clinic | Maa Falaudi Hospital | Maa Gayatri Hospital | Rathore Nursing Home And Maternity Home,Madhya Pradesh,Ratlam
"24.182, 86.287",24.1821391,86.28695069999999,6,"District Hospital | Rotary Eye Hospital | Sahyog Hospital | Shivam Clinic | PHC, Ganwa | PHC, Pirtand",Jharkhand,Giridih
"25.78, 84.75",25.7795649,84.7498886,6,Shyam Hospital | Susheela Hospital | Apollo Maternity | Life Care Hospital | Meera Hospital | Sanjeevani Hospital Surgical and Maternity Center,Bihar,Saran | Muzaffarpur
"27.949, 80.782",27.9490794,80.7824012,6,Bihpuria CHC | Dalpur CHC | Happy Nursing Home | Mid Town Hospital and Research Institute | Saumerpith Nursing Pvt Ltd | Nowboicha CHC,Assam,Lakhimpur
"29.321, 76.306",29.3211153,76.3058328,6,Gupta Maternity And General Hospital | Mahavir Hospital | Maya Devi Hospital / Maya Medicare | Rathee Hospital | Shanti Maternity And Nursing Home | Shanti Maternity and Nursing Home\n,Haryana,Jind | Rohtak
"29.395, 79.126",29.394764300000002,79.1264997,6,Divya Jyot Eye Hospital | Aashirwad Surgical Hospital and Nursing Home | Satchidananda Institute Of Medical Science | Sanjeevan Hospital and Research Centre | Shri Vyankatesh Hospital and Research Center | Wasnik Hospital,Gujarat | Kerala | Madhya Pradesh | Maharashtra,Ahmedabad | Kasaragod | Jabalpur | Chandrapur
"31.045, 76.705",31.0445587,76.7047904,6,Ayurvedic Hospital Nalagarh | C H C | Govt Ayurvedic Hospital | Aakash Hospital | Ayurvedic Hospital | Community Health Centre,Himachal Pradesh,Solan
"31.651, 78.475",31.6509576,78.4751945,6,"Referal Hospital, Reckongpeo | Dr.RPMC Hospital | Halder kola Ayurvedic Hospital | Primary Health Centre | Zonal Hospital | Project Hospital",Himachal Pradesh,Kinnaur | Kangra
"13.632, 74.69",13.631596300000002,74.6899917,5,Sarojini Nursing Home | Adarsha Hospital | General Hospital | Sri Devi Nursing Home | Sri Manjunatha Hospital - Kundapur,Karnataka,Udupi
"14.428, 74.419",14.4275482,74.4190929,5,"Achyut Pandit Hospital | Dr Halkar Nursing Home | Kumt Nursing Home | Nishant Eye Hospital,Retina Care And Lazer Center | Ramleela Hospital",Karnataka,Uttara Kannada
"14.75, 78.548",14.750033300000002,78.5478809,5,B. G. R. Hospital | Bhavya Nursing Home | Shree Veja Nursing Home | Siva Nursing Home | Vijaya Eye Hospital,Andhra Pradesh,Y.S.R.
"16.191, 81.136",16.1905457,81.1361543,5,Balaji Nursing Home | Shree Rajeevi Nursing Home | Srinivasa Nursing Home | Vani Hospitals | Venkatrama Nursing Home,Andhra Pradesh,Krishna
"16.237, 80.647",16.23718234,80.64711572,5,Janardani Hospital | Gayatri Hospital | Smt D Indira Memorial Meternity Nursing Home | Srijani Eye Hospital | Balaji Cancer Care Centre,Andhra Pradesh,Guntur
"16.429, 74.588",16.4291905,74.5878546,5,Sanmeet Hospital | Shiva Krupa Hospital | Geeta Nursing Home | Vishwas Hospital | Parvati Eye Care Center,Karnataka,Belagavi | Bengaluru Urban
"16.701, 74.235",16.70110064,74.23523938000001,5,Child Hospital and Premature Care Centre / Niramay Bal Rugnalay | Rama Clinic | Shree Kamakshi Hospital | Vijay Hospital | Om Sai Hospital,Maharashtra,Kolhapur
"16.709, 74.456",16.7090008,74.4560807,5,Bargale Eye Care | Accident Fracture Orth and Surgical Hospital | Dr.Amar Kulkarni | Kalp-Deep Hospital | Snehdeep Nursing Home,Maharashtra,Kolhapur
"16.814, 81.521",16.8138415,81.521241,5,Mother Vannini Hospital | Prasad Hospitals | Sri Venkateswara Netralaya | Veenus Nursing Home | Ch. Varalakshmi Nursing Home,Andhra Pradesh,West Godavari
"17.009, 81.79",17.0085074,81.7903215,5,Bhaskara Raju Children Hospital | Alert Emergency Hospital | Gowthami Nursing Home | Harsha Hospitals | Suraksha Health Care P Ltd,Andhra Pradesh,East Godavari | West Godavari
"17.373, 78.548",17.3730192,78.547636,5,Pragathi Hospitals | R K Eye Center | Raghavendra Hospitals | Shri Ramchandra Kidney Centre | Yashaswi Hospital,Andhra Pradesh,Guntur
"17.711, 83.313",17.7106864,83.313465,5,Bharathi Hospital | Genesis Children Hospital | Rk Children Hospital and Perinatal Centre | Samudra Hospitals | Vijetha Hospital,Andhra Pradesh,Visakhapatnam
"17.743, 83.311",17.7429942,83.3107911,5,"Cancer Treatment and Research Center | Padmaja Hospital | Lion Dist 324 C, Cancer Treatment and Research Center | Amg Hospital | Sunita Nursing Home",Andhra Pradesh,Visakhapatnam
"18.107, 83.396",18.1066576,83.3955506,5,Krishna Nursing Home | Sri Sathya Day and Night Hospital | Venkata Rama Hospital | Uday Nursing Home | O.E.U.Lions Eye Hospital,Andhra Pradesh,Vizianagaram
"18.186, 76.042",18.1860659,76.0419409,5,Akshay Hospital | Ameya Hospital | Hambire Navjat Shishu Balrugnalaya And Prajuti Graha | Life Line Charitable Hospital | Malba Hospital,Maharashtra,Latur | Osmanabad
"18.531, 73.847",18.5308225,73.8474647,5,Mmf-Joshi Hospital | National Institute Of Ophthalmology | Oyster And Pearl Hospital Pvt Ltd | Pune Fertility Center | Suman Nursing Home,Maharashtra,Pune
"19.114, 72.87",19.113645,72.8697339,5,Roshni Eye Hospital | Sangeeta Maternity Surgical and Diagnostic Centre | Chiranjeevi Nursing Home | Nutan Mammography And Sonography Centre | Sushrut Nursing Home and Polyclinic,Maharashtra,Mumbai
"19.2, 72.843",19.1998211,72.842594,5,Pratik Hospital and Maternity Home | Akshar Eye Clinic | Paarth Hospital | Saraswati Hospital(Kandivali) | Sumangal Hospital,Maharashtra,Mumbai
"19.97, 79.301",19.9704597,79.3014845,5,Bukkawar Heart And Critical Care Hospital | Shree Maternity And Nursing Home | Shri Sai Nursing Home | Brindavani Hospital | Shweta Hospital Multispeciality,Maharashtra,Chandrapur
"20.011, 73.761",20.0112699,73.7606908,5,Rishikesh Medical Foundation and Research Centre | Micky Mouse Wild Clinic And Hospital | Siddhi Vinayak Hospital | Magnum Heart Institute | Nerlikar Hospital And Research Centre,Maharashtra,Nashik
"21.603, 71.222",21.6031774,71.2220832,5,Shradhha Hospital | Dr. Patolia Surgical and Maternity Hospital | Dr. Pradeep B. Patel | Jivandhara Hospital | Radhika General Hospital,Gujarat,Amreli | Bharuch
"21.768, 72.143",21.76846938,72.14278858,5,Ayushya Cancer Hospital | Perfect Lifecare | Ramakrishna Hospital | Shree Ram Nursing Home | Sir T Hospital,Gujarat,Bhavnagar
"22.751, 72.685",22.750651,72.6846658,5,Anjali Hospital | Nidhi Hospital | Tulsi Hospital | Sainath Hospital | Mahagujarat Hospital and Maternity Home,Gujarat,Kheda
"22.9, 72.991",22.9003143,72.9911677,5,Chc Kathlal | Mangla Maternity Home | Om Maternity and Nursing Home | Shrey Lifecare Private Limited | Vallabh Surgical Hospital And X-Ray Clinic,Gujarat,Kheda
"22.953, 73.333",22.9532413,73.3325516,5,Sarvoday Hospital | Sonaba Hospital and Sadaba Nursing Home | Chc Balasinor | Kacheria Mojilal Gordhandas General Hospital | Kmg General Hospital,Gujarat,Kheda
"22.978, 72.6",22.9782583,72.6002263,5,Chhaya Maternity Nursing Home | Geeta Maternity and Polyclinic Nursing Home | Matrupooja Eye Hospital | Medicure Hospital | Swapn Healthcare Hospital Pvt. Ltd,Gujarat,Ahmedabad
"23.043, 72.563",23.0425151,72.562583,5,Arpan Newborncare Centre | Karma Stone Clinic And Lithotripsy Centre Private | Shrey Hospital Pvt. Ltd. | Welcare Speciality Hospital | Onco Surgical Hospital and Endoscopy Clinic,Gujarat,Ahmedabad
"23.191, 73.896",23.1908041,73.8962994,5,Chc Santrampur | Modi Surgical Hospital and Nursing Home | Parasmani Hospital | Priyal Hospital | Shraddha Maternity and Nursing Hospital,Gujarat,Panchmahal
"23.23, 77.435",23.23012266,77.43514198,5,Jeevan Jyoti Pathak Hospital | Navodaya Hospital And Research Centre | Pathak Hospital | Sankalp Netralya Hospital | N.M.R. Hospital,Madhya Pradesh,Bhopal
"23.776, 72.617",23.7757259,72.6165643,5,Bhavana Hospital | Chc Vadnagar | Dr. Janyantibhai N. Patel | Sardar Patel Ganral Hospital | Vasant Prabha Hospital,Gujarat,Mahesana
"24.042, 84.091",24.0420432,84.0907246,5,Bhagwati Hospital | Gauri Kissan Health Care | Long Life Care | Prakash Chand Jain Hospital | S D Health Centre,Jharkhand,Palamu
"24.476, 86.691",24.4763201,86.6913222,5,Dr Manju Banker | PHC Kairan | PHC Polojori | PHC Sarwan | Sadar Hospital,Jharkhand,Deoghar | Ranchi
"26.112, 85.896",26.111868000000005,85.896004,5,Amrit Nursing Home | Matriva Nursing Home | Prem Medical Research and Rehabilation Center (P) Ltd. | R.K. Ortho Ashram | Mahamaya Nursing Home,Bihar,Darbhanga
"26.121, 85.365",26.120887599999996,85.3647201,5,Sri Krishna Memorial College and Hospital | Krishnadevi Deviprasad Kejriwal Maternity Hospital | Maa Janki Hospital and Research Center Pvt Ltd | Amal Nursing Home | Megha Hospital,Bihar,Muzaffarpur
"26.747, 94.203",26.746520299999997,94.2025859,5,Jorhat Medical College And Hospital | J D S Civil Hospital | Jorhat Nursing Home | Kamalabari Sdch | Malpani Nursing Home Medicure Center),Assam,Jorhat
"27.473, 94.912",27.472832700000005,94.9119621,5,Srimanta Sankardeva Hospital And Research Institute | Assam Medical College Hospital Dibrugarh (Assam) | Aditya Diagnostics and Hospitals | Archana Trauma and Orthopaedics Hospital and Research Centre | Tengakahat PHC,Assam,Dibrugarh
"29.389, 76.96",29.388957999999995,76.9599852,5,Arora Psychiatric Nursing Home | Dr Narayana Datta Hospital | Dr.Narayan Datt Hospital | Soni Hospital | Ravindra Hospital\n,Haryana,Panipat
"29.716, 75.906",29.7163129,75.9056753,5,Garg Ortho and Medicare Centre | General Hospital | Kalyani Nursing Home | Sangam Charitable Hospital | Shalini Surgical and Maternity Hospital,Haryana,Fatehabad
"30.364, 76.796",30.3638896,76.7956825,5,Yafe Indoor | Jaspal Nursing Home And City Medical Center | Sanjivni Eye and Medicare Centre | Jaspal Hospital | Sanjivni Eye Care,Haryana,Ambala
"30.694, 76.861",30.694209100000002,76.860565,5,D Rana`S Hospital Kalaka | Makkar Dental Clinic | Noheria Nursing Home | Shri Ram Clinic | Sidharrth Nursing Home,Haryana,Panchkula
"30.706, 76.856",30.7064709,76.8562405,5,Amar Hospital | Dr Krishan Lal Singla Nursing Home | Kamla Charitable Diagnostic Centre | Kl Nursing Home | Verma Maternity Centre7Nursing Home,Haryana,Karnal | Panchkula
"32.24, 77.189",32.2396325,77.1887145,5,Civil Hospital | Lady Willingdon Hospital | Lady Willngdon Hospital | Kapadia Multispeciality Hospital,Himachal Pradesh | Maharashtra,Kullu | Mumbai
"10.185, 76.375",10.1849092,76.3753046,4,Kg Hospital | Little Flower Hospital And Research Centre | Madonna Medical Centre | St. Philomina`S Mission Hospital,Kerala,Ernakulam
"10.308, 76.334",10.3080272,76.3336779,4,Ccmk Hospitals | St James Hospital | Taluk Head Quarters Hospital | Palace Hospital,Kerala,Thrissur
"10.768, 76.265",10.7676064,76.2652909,4,K.A.Samajam Hospital and Nursing Home | Sutharia | Sanjeevani Hospital Pvt Ltd | Keraleeyaayurveda Samajam Hospital,Kerala,Palakkad
"11.62, 76.084",11.6198449,76.0843341,4,Fatima Mata Mission Hospital | K J Medical Trust Hospital | Kripa Nursing Home | Leo Hospital,Kerala,Wayanad
"12.522, 76.901",12.5221567,76.9009191,4,"Dr Uttam Nandini Nursing Home, | S D Jayaram Hospital and Research Center | Vinayaka Nursing Home | Taluk Govt Hospital Malavali",Karnataka,Mandya
"12.981, 77.539",12.98061,77.538619,4,Aasha Hospital | Jeevani Health And Medicare Pvt Ltd | Vivus West Multi Speciality Hospital | Jeevani Health And Medicare Private Limited,Karnataka,Bengaluru Urban
"13.003, 77.942",13.0034948,77.9424531,4,Bharani Hospital | Rathana Hospital | Sri Krishna Maternity and Health Centre | Vaatsalya Hospital,Karnataka,Kolar
"13.104, 77.571",13.1042445,77.5713193,4,Abhishek Nethradhama | Prasad Hospital | Rangalakshmi Netralaya | Abhishek Netradhama,Karnataka,Bengaluru Rural | Bengaluru Urban
"13.285, 77.608",13.2846993,77.6077865,4,"S.L.N.S.Hospital | Sri Annapoorneshwari Hospital | Hoskote Mission and Medical Centre | Atreya Ayurvedic Medical College, Hospital and Research Centre",Karnataka,Bengaluru Rural
"13.68, 77.669",13.680328,77.6690529,4,Manasa Hospital | S.H.Medical Center | Prasad Hospital | Hope Health Care,Karnataka,Bengaluru Rural | Chikkaballapur | Kolar
"14.749, 78.553",14.7491864,78.5531577,4,Abhilash Netra Vidyasala | Cnr Nursing Home | Orthopaedic And Maternity Hospital | Vaatsalya Hospital,Andhra Pradesh,Y.S.R.
"15.956, 76.115",15.9563219,76.1145993,4,Dr. Gururaj K. Kakhandki Maternity and Nursing Home | R P K Ayurvedic Hospital | Shri S S Kadapatti Memorial Hospital | Srinivas Netralaya,Karnataka,Bagalkot
"16.017, 80.829",16.0174248,80.8294747,4,K J Memorial Hospital | Sri V R M Nursing Home | Vyshnave Nursing Home - Repalle | Sri Sai Krupa Netralayam,Andhra Pradesh,Guntur
"16.092, 80.162",16.0924301,80.1623948,4,Manju Nursing Home | Pragathi Nursing Home - Chilakaluripet | Prasad Nursing Home -Chilakaluripet | Sri Ratna Laxmi Nursing Home,Andhra Pradesh,Guntur
"16.236, 80.055",16.2355381,80.0553534,4,Amulya Nursing Home | Asvini Nethralayam. | Mar Hospitals | Susmitha Ortho Trauma Hospital,Andhra Pradesh,Guntur
"16.572, 82.001",16.5720904,82.0008548,4,Konaseema Institute Of Medical Sciences | Rohine Mother and Child Care Hospital | Sai Leela Orthopaedic Hospital,Andhra Pradesh,East Godavari
"16.69, 74.222",16.690357075,74.22222535,4,Nirmal Nursing Home | Ashwini Hospital | Deshpande Orthopaedic Hospital - Kolhapur | Gangotri Hospital,Maharashtra,Kolhapur
"16.781, 74.552",16.7812047,74.5523643,4,Birnale Hospital | Choudhari Hospital | Shanti Maternity Hospital | Shree Maternity Home,Maharashtra,Kolhapur
"16.811, 74.118",16.8106871,74.1181234,4,"Yashwant Dharmartha Ayurvedic Rugnalay | Tara Hospital | Parvati Hospital, Kale | Shri Ram Clinic",Maharashtra,Kolhapur
"16.83, 75.71",16.8301708,75.710031,4,CHC Usoor | Kathare Nursing Home | Blde Associations Shri B.M. Patil Medical College | Dhanvantri Surgical Nursing Home,Chhattisgarh | Karnataka,Bijapur | Bagalkot | Vijayapura
"16.852, 74.581",16.8523973,74.5814773,4,"The Wanless Hospital | Kranti Cardiac Center | Mhaishalkar Shinde Orthopaedic Postgraduate Research Center,Acciedent and Mulitispeciality Hospital | Ushahkal Nursing Home",Maharashtra,Sangli
"17.669, 75.897",17.6685368,75.8971332,4,"Borade Clinic | Dhanaragiraji Hospital Trust | Pradhan Eye Hospital | Solapur Kidney Care and Research Centre Pvt. Ltd.,",Maharashtra,Solapur
"17.708, 83.31",17.708364,83.3101227,4,Krishna Hospital - Visakhapatnam | Sagara Durga Hospital | Simhadri Hospital | Sri Sagara Durga Medicals,Andhra Pradesh,Visakhapatnam
"17.984, 74.436",17.9844507,74.4360424,4,"Dr. Nikam Patil Hospital | Joshi Hospital Pvt Ltd | Krishnamai Medical And Research Foundtions - Phaltan / Kmrf Nikop Hospital | Rural Hospital, Phaltan",Maharashtra,Satara
"18.114, 75.032",18.1140272,75.0319086,4,Magar Accident and Eye Hospital. | Shreus Nursing Home. | Sudarshan Nursing Home | Khanaware Hospital,Maharashtra,Pune
"18.233, 75.694",18.2333856,75.6941478,4,Barsi Maternity and General Hospital | Jeevandai Hospital | Kavel General Hospital | Samatti Clinic,Maharashtra,Solapur
"18.496, 73.861",18.4957425,73.8611312,4,Ankur Hospital and Diagnostic | Ranka Hospital | CGHS Dispensary No.7 | CGHS Polyclinic,Maharashtra,Pune
"18.512, 73.886",18.5122306,73.88601,4,Dr Meenu Agarwal Clinic | Indira Maternity Home | Kawedia Hospital - Pune | Rahel Hospital,Maharashtra,Pune
"18.558, 73.808",18.558007,73.8075201,4,Disha Diagnostic Center | Parmar Multi Speciality Hospital and Maternity Home | Surya Netralaya | Sai Shree Hospital,Maharashtra,Pune
"18.75, 73.042",18.7501386,73.0420662,4,"Fortis Hiranandani Hospital | J and M Hospital Pvt. Ltd. | M J Hospitals Ltd , | Prerana Hospital",Maharashtra,Mumbai | Thane
"18.755, 73.406",18.7546171,73.4062342,4,"Akshay Medical Foundation, Lonavla | Kamat Hospital- Lonavla | Sanjivani Medical Foundation | Saraswati Hospital",Maharashtra,Pune
"19.021, 72.842",19.021324,72.8424178,4,Ashirvad Clinic(Dr.Vandana Walvekar) | Shrikhande Clinic | Shreedhar Hospital | Shri Siddhivinayak Nursing Home,Maharashtra,Mumbai
"19.035, 72.866",19.0351454,72.8663173,4,Dr Savlas Child Care Centre | Iyers Polyclinic | Krishna Eye Centre | Shanmukhananda Aditya Jyot Eye Institute - Sion - Mumbai,Maharashtra,Mumbai
"19.079, 72.908",19.07907,72.907976,4,Cg Eye Foundaton and Shree Ghatkopar Brahman Samaj | Parakh Hospital And Research Centre - Ghatkopar | Abhishek Nursing Home | Jivdaya Hospital,Maharashtra,Mumbai
"19.091, 72.921",19.091182,72.9208636,4,Laxmi Health Care Center and Iccu | Ruby Medical Centre | Shakuntala Nursing Home | Yashwant Hospital,Maharashtra,Mumbai
"19.123, 72.864",19.1229678,72.8641387,4,Dr.Sakhalkars Maternity and Nursing Home - Andheri | Holy Spirit Hospital - Mumbai | Uma Maternity Nursing Home | Holy Spirit Hospital,Maharashtra,Mumbai
"19.152, 77.307",19.1516636,77.3068769,4,Bidwai Nursing Home | Motewar Netrlaya | Vedant Urology Hospital | Yashoda Hospital Pvt. Ltd.,Maharashtra,Nanded
"19.155, 72.868",19.1551485,72.8678551,4,Tushar Maternity and Surgical Nursing Home | Vardan Nursing Home Pvt.Ltd. | Kanchi Nursing Home | Navjeevan Urology and Stone Care Centre,Maharashtra,Mumbai
"19.163, 72.839",19.16296425,72.83919555,4,Kapadia Multi Speciality Hospital | Siddhartha Municipal General Hospital | Dr. Bamis Fracture and Hand Clinic - Goregaon | Pooja Hospital,Maharashtra,Mumbai
"19.187, 72.955",19.1867519,72.9545494,4,Dr. Priyas Sai Niwas Maternity and Surgical Nursing | Om Children Maternity and Surgical Nursing Home | Modi Hospital - Thane | Shivani Maternity Home Thane,Maharashtra,Thane
"19.196, 72.811",19.1963422,72.8105333,4,Marve Nursing Home | Adarsh Hospital | Dr. Vasa Hospital | Dr. Bahls Surgical Maternity and Polyclinic Nursing,Maharashtra,Mumbai
"19.238, 72.855",19.2375183,72.8548501,4,Dr. R.J. Ganatra's Nursing Home | Dr. Alok Shahs Iccu and Nursing Home | Nanda Nursing Home-Borivli | Ameya Orthopaedic Centre,Maharashtra,Mumbai
"19.577, 74.208",19.5771387,74.2079648,4,Om Gagangiri Hospital | Dr Ithape Hospital | Dr Satpute Hospital | Tambe Hospital - Sangamner,Maharashtra,Ahmednagar
"19.717, 77.149",19.7173703,77.1493722,4,Ahilia Netralaya and Maternity Centre | Shri Vinayak Hospital and Pathology Lab | Snehal Nursing Home | Godavari Giccm Hospital,Maharashtra,Hingoli | Nanded
"19.83, 75.88",19.8296893,75.8800305,4,Despande Home and Maternity Home | Jalna Mission Hospital - Jalna | Shri Ganapati Neralaya. (Division Of Mahyco Trust) | Shri Gurunanak Critical Care and Hospital,Maharashtra,Jalna
"20.032, 74.769",20.0319396,74.7688173,4,Sanjeevan Hospital | Shree General and Maternity Hospital | Mhaske Hospital | Shri Siddhivinayak Hospital and Criticare-Lonand,Maharashtra,Satara
"20.174, 72.764",20.1738123,72.7639662,4,Mamta Hospital | Renuka Hospital | Curewell Medical and Eye Centre | Shree Renuka Hospital,Gujarat,Valsad
"20.391, 72.896",20.3911173,72.895975375,4,Ashirvad Hospital | Shifa Orthopadic Hospital | Shraddha Hospital and Iccu | Urmil Hospital,Gujarat,Valsad
"20.555, 74.51",20.5547497,74.5100291,4,Suyash Hospital | Balaji Accident Hospital | Medicare Hospital and Critical Care Center | Dhanvantari General Hospital,Maharashtra,Dhule | Nashik | Pune
"20.95, 72.919",20.9500794,72.91887815000001,4,Anand Hosptal | Aradhana Hospital | Ajmani General and Maternity Hospital | Krishna Hospital (Karnal),Gujarat | Haryana,Navsari | Karnal
"21.109, 79.07",21.1092205,79.0697156,4,Jasleen Eye Hospital - Nagpur | Kidney Centre Jasleen Hospital | Laser Vision Centre | Waghralkar Ayurved Hospital,Maharashtra,Nagpur
"21.126, 73.112",21.125749,73.1121168,4,Sardar Smark Hospital | Shivjyoti Hospital | Shree Sardar Smarak Hospital (Trust Hospital) | Devanshi Surgical Hospital,Gujarat,Surat
"21.133, 79.073",21.133218,79.0726152,4,Neeti Clinics and Nursing Home | Sushrut Hospital | Drishti Eye Clinic and Squint Centre | Granam Hospital,Maharashtra,Nagpur
"21.135, 79.077",21.134682825,79.077141425,4,Chaturvedi Surgical Hospital | Golhar Nursing Home | Sarakshi Netralaya | Avantika Hospital,Maharashtra,Nagpur
"21.235, 81.655",21.2348617,81.6550471,4,Farishta Nursing Home | Kalda Nursing Home | Rawlani Nursing Home | Swapnil Nursing Home and Research Centre,Chhattisgarh,Raipur
"21.237, 81.654",21.2372225,81.6541913,4,Dr. Tiwaris Maternity And Nursing Home | Heart Care Centre | Saggar Nursing Home | Tiwari Nursing Home,Chhattisgarh,Raipur
"21.246, 81.622",21.24641545,81.62179025,4,Jagjivan Urology Centre | Modi Hospital | Pandey Nursing Home | Sachdev Nursing Home and Diagnostic Entre,Chhattisgarh,Raipur
"21.247, 75.303",21.2472081,75.3031435,4,"Bhatia Hospital | Astha Plastic and Cosmetic Surgery Centre | Shree Anagha Dutt Hospital,Chopda | Vivekanand Hospital - Chopda,Jalgaon",Maharashtra,Jalgaon
"21.705, 72.996",21.7051358,72.9958748,4,"Eye-Q Super Speciality Eye Hospitals, Bharuch | Eye-Q Super Speciality Eye Hospitals | Bharuch Hospital | Shifa Hospital",Gujarat,Bharuch
"22.214, 75.472",22.2138885,75.4723411,4,Malviya Hospital | Adarsh Hospital and Maternity | Shree Shankar Hospital | Vyanktesh Nursing Home and Research Centre,Madhya Pradesh,Dhar
"22.289, 70.777",22.2892287,70.7767843,4,Aaruni Hospital Pvt Ltd | Nitya Children Hospital | Sri Sathya Sai Heart Hospital | Umiya Surgical Hospital,Gujarat,Rajkot
"22.303, 73.2",22.3033187,73.2002291,4,"Neurosurgical Hospital(Vadodra) | Dhvani Ent Hospital | Shreejala Hospital | Sukrut ""Fracture Care"" Ortho Center",Gujarat,Ahmedabad | Vadodara
"22.313, 73.177",22.3132947,73.1765879,4,Aum Advanced Orthopaedic Clinic | Baroda Children Eye Care And Squint Clinic | Kalyan Poly Clinic | Kashvi Digestive Centre - Vadodara,Gujarat,Vadodara
"22.323, 73.158",22.3228667,73.15812700000001,4,Anupama Eye Hospital and Phaco Center | Pallav Hospital | Shreenath Hospital | Shrey Children Hospital Neonatal Care,Gujarat,Vadodara
"22.484, 72.801",22.4836145,72.801351,4,Shree Jalaram Janseva Trust. | Ashish Surgical Hospital | Ishita Hospital and Sonography Centre | Tapan Hospital,Gujarat,Anand
"22.675, 72.869",22.6752076,72.8688241,4,Aditya Ent Hospital | Amee Joint Replacement and Orthopaedic Hospital | E N T Surgical Hospital | Shreenath Hospital,Gujarat,Kheda
"22.683, 72.878",22.6826638,72.8781885,4,D. Z. Patel Cardiology Centre | J.S.Ayurved Mahavidyalaya and P.D.Patel Ayurved Hosp | Mahagujarat Medical Society | Sheth H. J. Mahagujarat Hospital,Gujarat,Kheda
"22.98, 72.493",22.9797708,72.4927108,4,Shilp Orthopaedic Hospital | Navjeevan Care Home (Guj) Pvt Ltd | CHC Sarkhej | Navjeevan Care Home Guj Pvt.Ltd.,Gujarat,Ahmedabad
"22.999, 72.593",22.9990133,72.593244,4,Akshar Surgical Hospital | Dalal Surgical Nursing Home | Synergy Neonatal and Pediatric Centre | New Life Medical and Heart Hospital,Gujarat,Ahmedabad
"23.026, 72.582",23.0263517,72.5819013,4,Arpan Hospital | Navinchandra Mafatlal Medical Trust | Param Neonatal and Paediatric Intensive Care Unit | Shah Hospital,Gujarat,Kheda | Panchmahal | Surat
"23.038, 72.559",23.03773835,72.558757175,4,Nidhi Hospital | Rangshree Clinic | Vedanta Institute Of Medical Sciences | Rhythm Cardio Pulmonory Care Centre and Medical Hospital,Gujarat,Ahmedabad
"23.039, 72.632",23.0386642,72.6322052,4,Karmdeep Orthopaedic - Skin Hospital | Shiv Jyoti Eye Hospital | Aarna Medical Hospital | Janeta Nursing Home,Gujarat,Ahmedabad
"23.05, 72.512",23.0497364,72.5117241,4,Spandan Medical and Research Center | Surveen Children Hospital And Vaccination Centre | Udit Hospital Multi Speciality | Samarpan Maternity And Urosurgical,Gujarat,Ahmedabad
"23.055, 72.549",23.0549589,72.5493202,4,Panchal Urology Centre | Hari Urosurgical Hospital and Andrology Centre | Rhythm Cardio Pulmonary Care Centre | Usha - Deep Hospital and Nursing Home,Gujarat,Ahmedabad
"23.171, 79.93",23.1708138,79.9304742,4,Jamdar Hospital Pvt Ltd | Jan Jyoti Eye Hospital and Zyoptix Laser Centre | Naik Nursing Home | Bombay Hospital and Research Center,Madhya Pradesh,Jabalpur
"23.211, 77.433",23.2111798,77.4329048,4,Bhopal Fracture Hospital | Magnesh Stone Clinic - Bhopal | Malti Hospital | Mangesh Uro Centre,Madhya Pradesh,Bhopal
"23.329, 75.037",23.3292158,75.0370617,4,Maheshwari Hospital | Mehra Nursing Home | Shah Multi Speciality Hospital | Shraddha General Hospital,Madhya Pradesh,Ratlam
"23.593, 72.959",23.5931032,72.9594673,4,Parth Surgical Hospital - Himmatnagar | Sannidhya Ent Hospital | Satyam Hospital | Shivam Orthopadic Hospital,Gujarat,Sabar kantha
"23.746, 84.509",23.7463215,84.5091102,4,C.H.C Mahudhar | Sanjeevani Hospital and Research Centre | Raj Hospital Chipadohar | Sadar Hospital Latehar,Jharkhand,Latehar
"24.467, 74.873",24.4672894,74.8726426,4,Dr. Narula Eye Hospital | Nirog Dham Nursing Home | Pawan Clinic and Nursing Home | Pukhratan Hospital,Madhya Pradesh,Neemuch
"25.221, 85.732",25.2207678,85.7318435,4,Singh Hospital Research Center | Apollo Clinic | Bhavani Clinic | Sinha Poly Clinic,Bihar,Sheikhpura
"25.556, 84.66",25.555983525000002,84.660187475,4,Khwaja Garib Nawaz Welfare Society | Maa Jagdamba Nursing Home | Manav Kalyan Ewam Shodh Sansthan | Ortho Centre,Bihar,Bhojpur
"25.594, 85.159",25.59422,85.158572,4,Child Care Center | Hope Pharma | Shivam Hospital And Research Institute Pvt Ltd | Srijan Centre For Assisted Human Reproduction,Bihar,Patna
"25.594, 85.161",25.5938179,85.1605332,4,Chanakya Hospital | Drishti Eye Care And Research Centre | Kalawind Adarsh Hospital | Swasti Womens Hospital And Research Centre,Bihar,Patna
"25.628, 85.108",25.627595,85.1080322,4,Sahyog Hospital | Chand Memorial Hospital | Narain Nursing Home,Bihar,Patna
"25.929, 86.791",25.9286903,86.7909759,4,Druvit Hospital | Madhipura Christian Hospital Society | Satish Memorial Hospital And Research Center | Dr.D K Gupta,Bihar,Madhepura | Supaul
"26.125, 85.399",26.1246831,85.3994167,4,Ayushman Nursing Home | Modern Nurshing Home | Netralaya | Parijat Nursing Home,Bihar,Muzaffarpur
"26.299, 87.267",26.2992736,87.2666121,4,Baba Gramin Seva Sadan | Dr. Alakh Niranjan Memorial Hospital | Dr. Chaudhary Hospital and Research Institute | Mata Mariam Nursing Home,Bihar,Araria
"26.524, 93.962",26.5238515,93.962337,4,Garmur CHC | Binapani Nursing Home and Hospital | Naharani PHC | Hgm Nursing Home,Assam,Golaghat
"27.172, 93.703",27.1719019,93.7029002,4,"Tara Memorial Hospital | Arunachal State Hospital, Naharlagun | B T M Hospital | Boriatari Memorial Hospital",Arunachal Pradesh,Papum Pare
"28.188, 76.617",28.1878101,76.616809375,4,Arora Nursing Home | Dr. Arora Vijay Memorial Hospital | Kalawati Hospital | Poonam Child Care Centre,Haryana,Rewari
"28.468, 77.026",28.4683613,77.0255377,4,Kharbanda Maternity and Nursing Home | Sheetla Hospital And Eye Institute Private Ltd | Lall Eye Care Centre | Nova Care Clinic,Haryana,Gurgaon
"28.692, 76.924",28.6924464,76.9239727,4,Delhi Hospital and Nursing Home | Mata Sumitra Devi Hospital | Mission Hospital | Sri Rattan Singh Memorial Hospital,Haryana,Jhajjar
"29.135, 77.018",29.1349669,77.0180345,4,Aggarwal Hospital | Moolchand Jain Hospital | Sharma Hospital | Mool Chand Jain Hospital,Haryana,Sonipat
"29.164, 75.719",29.163764325000002,75.7192837,4,Goswami Hospital | Janki Children Hospital | Khanna Medical Centre | Sewak Sabha Hospital,Haryana,Hisar
"29.378, 76.964",29.3781682,76.9644342,4,D.N.Batra Hospital | Dn Hospital | Kundu Hospital | Saradana Hospital / Sardana Hospital,Haryana,Panipat
"29.517, 75.445",29.5168326,75.444669,4,Arora Eye Hospital and Lasiklaser Centre | Hissar Hospital | Pahwa Orthopaedic Hospital - Rsby | Arora Eye Hospital and Laser Centre,Haryana,Fatehabad
"29.786, 76.398",29.7856734,76.3984537,4,Gangaputra Hospital and Research Centre | Jain Maternity And Nursing Home | Kirti Hospital | Shah Hospital,Haryana,Jind | Kaithal
"30.152, 77.301",30.1522754,77.3008506,4,Jain Hospital | Jindal Hospital | Sh O P Memorial Jain Hospital,Haryana,Yamunanagar
"30.383, 76.779",30.38294955,76.7789694,4,J P Hospital | Madan Hospital -  City | Quit Stone Clinic | Mittal Hospital,Haryana,Ambala | Yamunanagar
"30.705, 76.845",30.7052881,76.844708,4,Bandhu Nursing Home | Jindal Nursing Home | Malhotra Nursing Home | Narula Nursing Home,Haryana,Panchkula
"30.719, 76.766",30.718663,76.765879,4,Kidney Centre / Kidney Hospitaland Lifeline Medical Institutions | Mukat Hospital and Heart Institute / Muket Hospital and Heart Institute | Nins Brain and Spine Hospital | Virdi Eye Hospital / Virk Hospital,Chandigarh,Chandigarh
"30.892, 77.106",30.892449,77.1056296,4,Prashar Nursing Home | Aggarwal Eye Hospital | City Hospital | Navjeevan Nursing Home,Himachal Pradesh,Solan
"31.107, 77.171",31.1071394,77.1708039,4,Dr.Jitender Eye Hospital | Grover Dental Clinic | Maria Clinic | Shri Ram Medical Centre,Himachal Pradesh,Shimla
"31.343, 76.763",31.3429426,76.7625073,4,District Ayurvedic Hospital | Regional Hospital | Ayurvedic Hospital,Himachal Pradesh,Bilaspur
"31.468, 76.271",31.468445,76.2707745,4,"Regional Hospital Una | Ayurvedic Hospital, Ispur | District Ayurvedic Hospital | Regional Hospital",Himachal Pradesh,Una
"31.686, 76.521",31.6861745,76.5213092,4,Chc Barsar | DistrictAyurvedic Hospital | Jain Muni Ayurvedic Manvi Hospital | Regional Hospital,Himachal Pradesh,Hamirpur
"32.052, 76.649",32.0521085,76.6492869,4,Civil Hospital | Janani Hospital | Shesh Awashti Memorial Dtil Hospital,Himachal Pradesh,Kangra
"32.111, 76.536",32.1108599,76.5362526,4,Bimal Nursing Home | Civil Hospital | Sushma Hospital And Women Care Centre | Dattals Thakur Bhawani Singh Memorial Hospital,Himachal Pradesh,Kangra
"32.571, 77.032",32.5709987,77.0319784,4,"District Ayurvedic Hospital | Regional Hospital, Keylong | DistrictAyurvedic Hospital | Regional Hospital",Himachal Pradesh,Lahaul and Spiti
"9.383, 76.574",9.3834522,76.574057,4,I Vision Eye Hospital A Unit Of Jasm Eye Hospital Pvt Ltd | Mary Queens Mission Hospital | Tiruvalla Medical Mission | Pushpagiri Medical College,Kerala,Pathanamthitta
"9.989, 76.579",9.9894229,76.5789749,4,Vallakkalil Hospital | Nedumchalil Trust Hospital | St.George Hospital | Women and Childrens Hospital,Kerala,Ernakulam
"10.132, 76.482",10.131939,76.4821849,3,Luke Memorial Eye Hospital | S. N. Mission Hospital | Vathiyayath Hospital,Kerala,Ernakulam
"10.152, 76.232",10.151915,76.2317114,3,Chaitanya Nursing Home | Santhi Clinic and Hospital | Shajy Hospital,Kerala,Ernakulam
"10.345, 76.209",10.3446664,76.2093715,3,Irinjalakuda Co-Operative Hospital | Sacred Heart Mission Hospital | Lal Memorial Hospital,Kerala,Thrissur
"10.976, 76.231",10.9755349,76.2305308,3,Family Polyclinic | Ramdas Clinic and Nursing Home | M.E.S Medical College,Kerala,Malappuram | Perintalmanna
"11.703, 76.083",11.703206,76.0833999,3,"Dm Wims (Wayanad Institute Of Medical Sciences) - Meppadi (Po),Wayanad | M.O.S.C.Medical Mission Eye Hospital | P B M Hospital",Kerala,Wayanad
"11.879, 75.369",11.879374399999998,75.3687048,3,A K G Memorial Co Operative Hospital | Kannur Co-Operative Hospital Society Limited | Madhan Rao Scindia Hospital,Kerala,Kannur
"11.88, 75.377",11.8797372,75.3770694,3,Ashoka Hospital | Fatima Hospital | Payyanur Co-Operative Hospital,Kerala,Kannur
"12.741, 77.825",12.7409127,77.8252923,3,Prasad Eye Hospital | The Apollo Clinic and Surgical Centre | N.R. Hospital,Karnataka,Bengaluru Urban
"12.873, 74.855",12.873010033333335,74.85492013333334,3,Colaco Hospital | Karnakaka Ayurveda Medical College Hospital | Mangalore Nursing Home,Karnataka,Dakshina Kannada
"12.887, 75.026",12.886995,75.0260667,3,"Ba Hospital | Somayaji Hospital, | Anupam Nursing",Karnataka,Dakshina Kannada
"12.916, 77.629",12.915982300000001,77.6294511,3,Gold Star Hospital and Research Center | Spatica Super Speciality Hospital | Bhagavathi Multi Speciality Hospital,Karnataka,Bengaluru Urban
"12.917, 77.585",12.9171155,77.58506390000001,3,Sri Krishna Sevashrama Hospital | Apollo Bengaluru Cradle Limited | Shri Krishna Sevashrama Hospital,Karnataka,Bengaluru Urban
"12.92, 77.575",12.9198247,77.57500113333333,3,Prabha Eye Clinic and Research Center | Netra Enterprises Prabhu Eye Clinic and Research Center | Prabha Eye Clinic and Research Centre,Karnataka,Bengaluru Urban
"12.925, 77.577",12.925255,77.577359,3,Nethradhama Hospitals Pvt. Ltd | Nethradhama Super Speciality Eye Hospital | Nethradhama Superspeciality Eye Hospital,Karnataka,Bengaluru Rural | Bengaluru Urban
"12.925, 77.594",12.9250074,77.5938028,3,Ragavs Diagnostic and Research Centre Pvt Ltd | Dr Kamini Rao Hospital(A Unit Of Bacc Health Care Pvt Ltd) | Reddy Orthopaedic and General Nursing Home,Karnataka,Bengaluru Urban
"12.931, 77.62",12.9309785,77.6199608,3,St John's Medical College Hospital | St.John's Medical College Hospital | St. JohnS Medical College Hospital\n,Karnataka,Bengaluru Urban
"12.934, 77.584",12.933863,77.584263,3,"Cloud Nine Kida Clinic Pvt (Bangalore) Ltd | The Cradle | Cloud Nine, Jayanagar",Karnataka,Bengaluru Urban
"12.957, 78.274",12.957412499999998,78.2742403,3,Mathru Chaya Maternity And Surgical Home | Chetana Hospital and Maternity Home | Shyam Hospital,Karnataka,Kolar
"12.958, 77.716",12.958340400000003,77.7155779,3,Sankara Eye Care Hospital | Shankar Eye Hospital | Sankara Eye Hospital,Karnataka,Bengaluru Urban
"12.959, 77.524",12.958994566666666,77.5236875,3,Sri Vinayaka Hospital | Krishna Loka Hospital | Apollo Speciality Hospital,Karnataka,Bengaluru Urban
"12.974, 77.543",12.974333,77.542641,3,Citi Hospital | Gayathari Hospital Pvt Ltd | Gayathri Hospital,Karnataka,Bengaluru Urban
"13.004, 77.688",13.0040167,77.6877765,3,Sri Ram Netralaya and Surgical Entre | Patil Hospital | Sri Ram Hospital,Karnataka | Maharashtra,Bengaluru Urban | Solapur
"13.009, 77.566",13.008767,77.5657871,3,"Vagus Super Speciality Hospital Pvt. Ltd., | Manjunatha Maternity Home and Surgical Centre | Vagus Super Speciality Hospital",Karnataka,Bengaluru Urban
"13.012, 77.552",13.011624866666667,77.55199713333333,3,Narayana Nethralaya | Fortis Hospitals Limited | Narayana Nethralaya\n,Karnataka,Bengaluru Urban
"13.039, 77.592",13.0386393,77.59200829999999,3,Allamaprabhu Hi-Tech Hospital | Ulsoor Referal Hospital | Dr.K. Narasimhaiah Hospital,Karnataka,Bagalkot | Bengaluru Urban | Tumakuru
"13.051, 77.512",13.0506057,77.5118463,3,Sri Venkateshwara Eye Hospital | Vijaya Nursing Home | Sarojini Hospital,Karnataka,Bengaluru Urban
"13.073, 77.797",13.0730023,77.7966975,3,Ashwini Hospital | Kempanna Nursing Home | Shreyas Maternity Home,Karnataka,Bengaluru Rural
"13.264, 76.47",13.2637814,76.4702946,3,Bidare Lingappa Smaraka Hospital | Chethana Hospital | Chiranjeevi Nursing Home,Karnataka,Tumakuru
"13.529, 75.363",13.5288647,75.3630796,3,Adarsh Hospital | Prashamani Hospital | Shama Childrens Hospital,Karnataka,Chikkamagaluru
"13.689, 75.245",13.6894963,75.2449892,3,Manasa Nursing Home | Melige Hospital | Sri Jayachamarajendra Government Hospital,Karnataka,Shivamogga
"13.935, 75.574",13.934556199999998,75.573519,3,Mallikarjuna Nursing Home | Sadhana Eye Hospital | Sindhu Urology Hospital,Karnataka,Shivamogga
"14.448, 79.984",14.4483939,79.9843099,3,Madurai Netralaya | R.S.R.Hospital | Thanuja Maternity Hospital,Andhra Pradesh,SPSR Nellore
"14.47, 78.83",14.4701485,78.8297701,3,Palla Krishnaiah Memorial And Nursing Home | Sri Krishna Sahithi Eye Hospital | Vurimi Savitramma Cardiac Centre,Andhra Pradesh,Y.S.R.
"14.665, 74.3",14.665308700000002,74.3000878,3,Arya Medical And Research Centre | Dr Kamal Hospital and Medical Research Centre | K.L.E. Society Kamal Hospital and Mrc,Karnataka,Uttara Kannada
"14.672, 77.602",14.6723351,77.6018211,3,Dr Akbar Eye Hospital And Laser Centre | Mnr Nursing Home | Priya Multispeciality Hospital,Andhra Pradesh,Anantapur
"14.818, 74.142",14.8184812,74.1416127,3,Guru Krupa Nursing Home | Konkan Medical Centre | Dr Pikles New Nursing Home,Karnataka,Uttara Kannada
"15.415, 75.044",15.4153155,75.0435916,3,Cranio Facial Surgeryand Research Centre | Sdm College Of Medical Science And Hospital | Sdm Narayana Hrudayalaya Heart Center,Karnataka,Dharwad
"15.505, 73.792",15.504928299999998,73.7919103,3,Anurag Nursing Home; | Chaitanya Child Care Centre | Sanjivani Hospital and Iccu,Maharashtra,Thane
"15.511, 80.04",15.511269,80.0398918,3,G S R Hospital | Bharathi Nursing Home | Sai Nursing Home,Andhra Pradesh,Prakasam
"15.511, 80.041",15.511333,80.0412671,3,Mps Memorial Hospital | Ravi Mother and Child Hospital | Sevita Nursing Home,Andhra Pradesh,Prakasam
"15.513, 80.04",15.5129969,80.0404447,3,Aravind Eye Hospital | Devi Hospital | Srinivasa Hospital,Andhra Pradesh,Prakasam
"16.005, 73.689",16.0049648,73.6890972,3,Dr. Akerkar Hospital | Dr.Navangule Orthopedic Hospital | Sumati Accident and Orthopedic Hospital,Maharashtra,Sindhudurg
"16.159, 74.816",16.1591849,74.8156199,3,Dr Umarani Ganga Surgical and Fracture Clinic | Masurkar Multi-Speciality Medical Centre | Soubhagya Nursing Home,Karnataka,Belagavi
"16.226, 74.35",16.226445,74.3499691,3,Hattarki Hospital | Lt Kedari Redkar Charitable Hospital and Research | Sai Deep Fracture and Accident Hospital,Maharashtra,Kolhapur
"16.24, 80.037",16.2398274,80.0374843,3,Venkateswara Mother and Child Hospital | Anantha Nursing Home | Bala Tripura Nursing Home,Andhra Pradesh,Guntur
"16.24, 80.649",16.2395313,80.6493396,3,Ganga Kumari Memorial Children Nursing Home | J.K Hospital | Vadlamudi Hospital,Andhra Pradesh,Guntur
"16.243, 80.647",16.243214899999998,80.64694316666667,3,Aruna Hospital | Dr Chadalavada Krishnaiah Multi Speciality Hospital | Health Hospitals,Andhra Pradesh,Guntur
"16.275, 73.707",16.2753319,73.706594,3,Drishit Eye Hospital | Dr. Nagavekar Hospital and Nursing Home | Gurukrupa Hospital,Maharashtra,Sindhudurg
"16.289, 80.46",16.2893144,80.4604643,3,Amaravathi Institute Of Medical Sciences Pvt Ltd | Sai Chandan Eye Hospital | Vasan Eye Care Hospital,Andhra Pradesh,Guntur
"16.305, 80.44",16.305141,80.4403014,3,Bmr Hospitals | Gopala Krishna Nursing Home | Sri Sai Hospitals,Andhra Pradesh,Guntur
"16.333, 75.286",16.3333105,75.2858208,3,Hosur Hospital | Sri Sai Orthopaedic Trauma Center | V.K.Patil Memorial Orthopadic Hospital,Karnataka,Bagalkot
"16.369, 80.844",16.3689549,80.8441914,3,Rotary Eye Hospital | Samat Nursing Home | Usha Nursing Home,Andhra Pradesh,Krishna
"16.509, 80.639",16.5089355,80.6385881,3,Chinnari Hospital | Raja Nursing Home | The Orthopaedic Nursing Home,Andhra Pradesh,Krishna
"16.545, 81.521",16.544893,81.521241,3,Nallaparaju Venkata Raju Hospital | Neeladri Hospital | S.V.R. Maternity Hospital,Andhra Pradesh,West Godavari
"16.568, 81.997",16.567804,81.9972968,3,Adarsha Hospital | Sri Konaseema Specialities Hospital | V.N.Nursing Home,Andhra Pradesh,East Godavari
"16.694, 74.245",16.693993600000002,74.24511969999999,3,City Hospital | Pragati Netra Rugnalaya | Sakhadeo Hospital,Maharashtra,Kolhapur
"16.707, 74.234",16.7066456,74.2340731,3,Jaya Urology Hospital | Lokmanya Hospital | Kolhapur Institute Of Orthopaedics And Trauma - Kolhapur,Maharashtra,Kolhapur
"16.865, 81.926",16.8652942,81.9261999,3,Santhi Childrens Hospital | Sri Bikkina Nursing Home | Srinivasa Nursing Home,Andhra Pradesh,East Godavari
"16.966, 82.227",16.9663046,82.2270885,3,Sanjivi Orthopaedic Hospital | Sudha Urology And Andrology Hospital | Vasan Eye Care Hospital,Andhra Pradesh,East Godavari
"17.011, 81.783",17.0112469,81.7827774,3,Bharadwaja Heart and Maternity Centre | Krishna Nursing Home | Sri Ramadas Hospitals,Andhra Pradesh,East Godavari
"17.064, 78.489",17.0636719,78.4886912,3,Ajmal Nursing Home | Dr Kotareddy Hospitals | Harini Peoples Clinic,Andhra Pradesh,Prakasam
"17.355, 82.543",17.355267,82.5429325,3,Doctors Plaza | Sri Mallikarjuna Nursing Home | Suresh Hospital,Andhra Pradesh,East Godavari
"17.393, 78.473",17.393101333333334,78.4727702,3,"Medwin Hospital | Swarup Eye Centre, Chapel Road",Andhra Pradesh,Hyderabad
"17.44, 78.498",17.4399295,78.4982741,3,Sunshine Heart Institute | Apollo Hospital | Vijaya Health Care,Andhra Pradesh,Hyderabad
"17.445, 78.466",17.4447068,78.4663812,3,"Homeocare International | Ankura Hospital for Children and Women, Secunderabad | Pace Hospital",Andhra Pradesh,Hyderabad
"17.681, 74.013",17.68087,74.0126036,3,Sanchit Accident And Maternity Hospital | Shivam Maternity and Surgical Hospital | Neo Care Centre,Maharashtra,Satara
"17.685, 73.993",17.6847964,73.9925526,3,Girija Neurosurgical Icu and Hospital[Satara] | Wagholikar Eye Clinic | Dhanvantari Hospital,Maharashtra,Satara
"17.688, 83.213",17.6881121,83.2131206,3,Amrutha Nursing Home Private Limited | Sri Rama Hospital | Susruta Hospital,Andhra Pradesh,Visakhapatnam
"17.694, 74.009",17.693589,74.0094172,3,Jeevandhara Hospital | Thoke Hospital | Urmila Maternity Home,Maharashtra,Satara
"17.727, 83.305",17.726810333333333,83.30504046666667,3,Usha Rani Nursing Home | Kala Hospitals Pvt Ltd | Maxivision Laser Centre Pvt Ltd,Andhra Pradesh,Y.S.R. | Visakhapatnam
"17.915, 77.505",17.9148799,77.5046101,3,Government District Hospital | Sri Siddaruda Surgical and Maternity Nursing Home | Sri Sidharoad Charitable Hospital,Karnataka,Bidar
"17.949, 73.892",17.9486823,73.8918897,3,W.F.P Memorial Hospital | Sunita Hospital | Jeevanprakash Hospital,Maharashtra,Satara
"18.19, 76.044",18.1898221,76.0435425,3,Kazi Hospital | Ram Krishna Hospital | Shreeyash Hospital,Maharashtra,Latur
"18.289, 83.906",18.2890868,83.9055997,3,Kims Sai Seshadri Hospital | Krishna Nursing Home | Santhi Nursing Home,Andhra Pradesh,Srikakulam
"18.405, 76.564",18.4050333,76.564311,3,Alpha Superspeciality Hospital | Jatal Hospital | Jatal Hospital and Research Centre,Maharashtra,Latur
"18.501, 73.514",18.5010536,73.5137654,3,Pirangut General Hospital | Indira Nursing Home | Shushrusha Dr Lalbegi General and Maternity Home,Maharashtra,Pune
"18.555, 73.906",18.5551442,73.9062243,3,Diagnopoint Polyclinic and Diagnostic | Dr. Bumb Nursing Home | Shree Tirupati Health Care,Maharashtra,Pune
"18.76, 73.863",18.7602664,73.8630346,3,Anand Hospital | Core Hospital | Unicare Hospital - Chakan,Maharashtra,Pune
"19.024, 72.837",19.0241157,72.8365432,3,Dr.Vaze Hospital | Urology and Infertility Clinic Dadar | Vijeet Stone Center,Maharashtra,Mumbai
"19.035, 72.84",19.0351534,72.8404432,3,"Dr. Mathure`S Surgical Clinic | Dr.(Mrs,) Renu L. Vallicha | Nadkarni Clinic",Maharashtra,Mumbai
"19.037, 72.839",19.0374901,72.8390644,3,P D Hinduja National Hospital and Medical Research Centre | P.D.Hinduja National Hospital and Research center | P D Hinduja National Hospital and Research Centre,Maharashtra,Mumbai
"19.06, 72.901",19.059879866666666,72.9007443,3,Kolekar Hospiatl | Rushabh Nursing Home and Eye Hospital | Rushabh Eye Hospital And Laser Centre,Maharashtra,Mumbai
"19.071, 72.878",19.0707532,72.8781322,3,Dr Shehnaz Shaikh Clinic | Hamidani Laser Vision Centre | Sunder Childrens Nursing Home,Maharashtra,Mumbai
"19.072, 72.834",19.0716903,72.8341267,3,Chrysalizz | Gopi Nursing Home | Kumar Clinic,Maharashtra,Mumbai
"19.077, 72.999",19.0770644,72.9989925,3,Hiranandani Fortis Hospital | Uma Hospital | Mohanlal Jivandas Hospital Pvt Ltd,Maharashtra,Thane
"19.088, 72.905",19.087971200000002,72.90497533333333,3,Medico Surgical Clinic And Hospital | Sarita Eye Clinic | Vaibhav Polyclinic and Siddharth Nursing Home,Maharashtra,Mumbai
"19.109, 73.005",19.109334,73.004973,3,Hanumant Super Speciality Hospital | Navjivan Hospital | Sharada Medical Nursing Home and Eye Care Pvt. Ltd.,Gujarat,Gandhinagar
"19.111, 72.866",19.1110621,72.8655922,3,Dr.Sandip Anand | Kiran Care and Cure Hospital | Rachana Maternity Paediatric and Surgical Nursing Ho,Maharashtra,Mumbai
"19.116, 72.831",19.1160222,72.8313139,3,Sujay Hospital,Maharashtra,Mumbai
"19.119, 72.88",19.1188585,72.8802146,3,Saish Nursing Home and Icu | Dr. M.C.Desai Eye Clinic and Microsurgury Eye Centre | Seven Hills Hospital,Maharashtra,Mumbai
"19.12, 72.905",19.1196773,72.9050809,3,S B Nursing Home and Icu | Padmalaya Maternity and Surgical Home | Sri Sai Eye Care Centre,Maharashtra,Mumbai
"19.124, 74.74",19.1241695,74.7399301,3,Shri Swami Samarth Hospital | Kamalnayan Accident Hospital | Sushrut Cosmetic and Laser Center,Maharashtra,Ahmednagar
"19.143, 73.012",19.1425582,73.0120312,3,Dr Mahajan Hospital and Industrial Trauma Center | Dr Mahajans Hospital and Itc | Dr. Mahajan`S Hospital and Industrial Trauma Centre,Maharashtra,Mumbai | Thane
"19.151, 72.937",19.150697333333333,72.93713353333334,3,Krishna Nursing Home | Nadkarni Eye Care Centres | Omkar Hospital,Maharashtra,Mumbai
"19.153, 72.997",19.153192,72.9969872,3,Gandhi Hospital - Navi Mumbai | Aayush Multispeciality Hospital | Yash Nursing Home,Maharashtra,Mumbai | Thane
"19.175, 72.953",19.1750749,72.95292703333332,3,Chetna Critical Care Unit | Jas-Raj Hospital | Mission Nephro-Uro Pvt Ltd,Maharashtra,Mumbai
"19.182, 72.947",19.1822352,72.9468948,3,Dr Redkars Maternity and Nursing Home | Dr.Redkar's Maternity and Nursing Home | Joshi Surgical Hospital,Maharashtra,Mumbai
"19.261, 76.777",19.2609958,76.776665,3,Ashma Clinic | Dhanorkar Hospital - Parbhani | Surya I.C.U. Swastik Chember Gavhane Road Parbhani,Maharashtra,Parbhani
"19.302, 72.85",19.3017788,72.8502601,3,Ramlok Ent Clinic | Seetabai Children Hospital | Shraddha Maternity Nursing Home (P) Ltd,Maharashtra,Thane
"19.306, 72.859",19.3056009,72.8593755,3,Pradha Maternity and Medical Nursing Home | Prajwal Eye and Dental Clinic | Rradha Maternity and Medical Nursing Home,Maharashtra,Thane
"19.881, 75.353",19.8813337,75.3534997,3,Dr Manju P Jilla Hospital | Jilla Hospital | Dr. Jilla Hospital,Maharashtra,Aurangabad
"19.993, 73.804",19.9930737,73.8037119,3,City Care Hospital And Research Centre Pvt. Ltd | Sukhakarta Multispeciality Hospital | Kotwal Nursing Home,Maharashtra,Nashik
"20.014, 73.811",20.0139048,73.8106232,3,Sarthak Hospital | Sukhakarta Rugnalaya | Swami Hospital Nasik,Maharashtra,Nashik
"20.11, 73.947",20.109893,73.9467331,3,Life Care Hospital | Barde Maternity Hospital | Karandikar Hospital and Research Center,Maharashtra,Nashik
"20.712, 76.566",20.7116217,76.5661276,3,Ingle Hospital | Life Line Hospital | Muskan Multispecialty Hospital,Maharashtra,Buldhana
"20.769, 72.978",20.7690264,72.9777738,3,Atrik Hospital | New Atrik Hospital | Snehal Hospital,Gujarat,Navsari
"20.926, 77.764",20.9261231,77.7644591,3,Jamthe Hospital | Sagane Eye Hospital | Belokar Hospital,Maharashtra,Amravati
"20.998, 75.557",20.9984587,75.5570776,3,Shri Naval Hospital And Ivf Center | Vatshalya Maternity Hospital and Infertility Clinic | Shree Surgical And Maternity Home,Maharashtra,Jalgaon
"21.004, 75.564",21.0042518,75.5639874,3,Chirayu Childrens Critical Care Centre - Jalgaon | Doshi Hospital | Rote Hospital,Maharashtra,Jalgaon
"21.128, 79.113",21.1284924,79.11331,3,Dr Gaikwad Critical Care Center Private Limited | Dr. Gaikwad's Critical Care Centre Private Limited | Khalatkar Hospital,Maharashtra,Nagpur
"21.133, 79.071",21.132932166666667,79.07115473333333,3,Dr. Baraskar Multispeciality Hospital And Dialysis | Meditrina Institute Of Medical Sciences | Sneh Nursing Home,Maharashtra,Nagpur
"21.134, 79.076",21.133981,79.0755613,3,Ganju Haematology Clinic and Hospital | Midas Institute Of Gastroenterology | Mother Care Nursing Home,Maharashtra,Nagpur
"21.135, 79.082",21.1354284,79.0817265,3,Evista Eye Care Centre | Hardeo Hospitals Pvt Ltd | Mulik Hospital,Maharashtra,Nagpur
"21.141, 79.06",21.1405719,79.060432,3,Central India Cancer Research Institute | Dr. Mehta Surgical and Paediatric Nursing Home | Sparsh Clinics,Maharashtra,Nagpur
"21.166, 73.565",21.166359,73.5645054,3,Chc Songadh | Sanjeevani Children Hospital | Sarthak Hospital,Gujarat,Surat
"21.175, 79.656",21.1750113,79.6558242,3,Kukde Nursing Home | Sukhad Nursing Home | Shanti Children Hospital,Maharashtra,Bhandara
"21.176, 79.051",21.176061366666666,79.05125449999998,3,Shubham Diabetic and Medical Centre | Taj Krupa Genral Hospital And Maternity Home | Tajkrupa Hospital,Maharashtra,Nagpur
"21.182, 72.819",21.1820719,72.81911096666666,3,Retina Clinic | Sai Anjali Ent-Head and Neck Hospital | Suikruti Eye Hospital,Gujarat,Surat
"21.185, 72.82",21.1850329,72.8200548,3,Gastro Care (Gastro Intenstinal Endoscopy Centre) | Girish Group Of Hospital Pvt Ltd. | Ketan Children Hospital,Gujarat,Surat
"21.211, 81.352",21.2108165,81.3516936,3,Twincity Icu and Medical Centre - Bhilai | Twin City Hospital | Bhilai Gayatri Hospital,Chhattisgarh,Bilaspur | Durg
"21.228, 79.19",21.2275312,79.1900834,3,Pranjal Nursing Home | Rathi Children and Maternity Hospital | Sayali Nursing Home,Maharashtra,Nagpur
"21.257, 73.303",21.2570719,73.3030715,3,C.H.C.Areth | C.H.C.Mandvi | Pushoak Hospital,Gujarat,Surat
"21.257, 81.644",21.2570648,81.6442625,3,Dr. Rajehwari Kulkarni Surgical Hospital And Dia | Gurunanak Hospital | Jain Hospital,Chhattisgarh,Raipur
"21.34, 72.755",21.3401369,72.7553918,3,Sadhna Kutir Hospital | C.H.C.Sayan | C.H.C.Olpad,Gujarat,Surat
"21.462, 80.221",21.4624491,80.2209773,3,Gondia Hospital And Medical Research Centre | Somani Nursing Home | Central Hospital And Critical Care Centre - Gondia,Maharashtra,Gondia
"21.488, 70.952",21.4884946,70.9517078,3,Ishvaram Surgical Hospital | S G Kamaliya Mamorial Hospital | Sujal Hospital and Icu,Gujarat,Amreli
"21.511, 71.817",21.5109255,71.8170773,3,Mansihji Hospital-Palitana | Rasiklal. M. Dhariwal Hospital | Shri Shatrunjay Hospital Trust,Gujarat,Bhavnagar
"21.629, 72.994",21.629485900000002,72.99441,3,Dr. Ajmanis Dave Orthopaedic Hospital | Kruti Ent Hospital | Purohit Children Hospital,Gujarat,Bharuch
"21.872, 73.503",21.8715143,73.5030517,3,General Hospital | Mehta Hospital | Shree Vijay Surgical and Maternity Hospital,Gujarat,Narmada
"21.907, 77.894",21.9066922,77.8940894,3,Mamta Hospital and Maternity Home | Rathi Hospital | Subhadra Hospital,Madhya Pradesh,Betul
"22.055, 73.117",22.055216,73.1172573,3,Aatmiya Hospital | Chc- Karjan | Smt. Malini Kishore Sanghvi Hospital And Educational Complex,Gujarat,Vadodara
"22.057, 78.938",22.057437000000004,78.9381729,3,Maternity and Surgical Centre | Siddharth Hospital | Sthapak Heart House Pvt Ltd,Madhya Pradesh,Chhindwara
"22.205, 69.659",22.205260300000003,69.6587765,3,Bansi Maternity and Surgical Hospital | General Hospital - Jamkhambhalia | Kanzaria Heart Care Hospital,Gujarat,Jamnagar
"22.244, 68.968",22.2441975,68.9684562,3,Eye Hospital(Rama Charitable Arogyadham) | Shree Dwarkadhish Hospital | Dwarkadhish Multispeciality Hospital,Gujarat | Maharashtra,Jamnagar | Nashik
"22.288, 70.795",22.288031400000005,70.795218,3,Dr.Dholakia Orthopaedic Hospital | Naman Neurosurgical Nursing Home | Shreyas Hospital,Gujarat,Rajkot
"22.29, 73.235",22.289571500000005,73.2354972,3,Om Prasutigruh | Samvedan Multispeciality Hospital | Sannidhi Super Speciality Orthopaedic Hospital,Gujarat,Vadodara
"22.304, 73.399",22.3036529,73.3985737,3,Dhiraj General Hospital | Jodhal Hospital | Kinjal Hospital and Nursing Home,Gujarat,Vadodara
"22.309, 73.174",22.309169433333334,73.17383226666666,3,"Eye-Q Super Speciality Eye Hospitals, BPC Road | Dr M C Jain, Jain Eye Associates | Dr. M.C. Jain Eye Clinic",Gujarat,Vadodara
"22.31, 73.171",22.30998843333333,73.1713754,3,Bina Clinic Eye Care Centre | Kesha Hospital | Vision Plus Lasik Laser Center,Gujarat,Vadodara
"22.318, 72.619",22.318081700000004,72.6189845,3,Shakti Children Hospital | Smt.Lilavatiben Bhagwatilal Rao General Hospital | Vishrut Surgical Hospital,Gujarat,Anand
"22.369, 82.747",22.3694909,82.7468511,3,Dandekar Nursing Home | Korba Hospital | Krishna Hospital,Chhattisgarh,Korba
"22.561, 72.962",22.5612734,72.9618316,3,Dattu Hospital | Gauri Nursing Home and Maternity Hospital | Rajal Surgical Hospital,Gujarat,Anand
"22.566, 72.962",22.566221099999996,72.9619717,3,B N Patel Institute Of Paramedical And Science | Deep Hospital | Palak Hospital,Gujarat,Anand
"22.605, 77.754",22.6054858,77.753544,3,"Dayal Multi Speciality Hospital,Itarsi. | Mata Mandir Hospital | Rathi Hospital",Madhya Pradesh,Hoshangabad
"22.692, 72.868",22.6919474,72.8683209,3,Kantalaxmi Hospital | Shreeji`S Life Support Hospital | Shubham Hospital,Gujarat,Kheda
"22.703, 75.873",22.703039900000004,75.8729802,3,"Shri Gurdev Netra Chikitsalaya | Centre for Sight, Indore",Madhya Pradesh,Indore
"22.743, 72.444",22.7428431,72.4435674,3,Jivandeep Hospital | P.H.C.KOTH | CHC Dholka,Gujarat,Ahmedabad
"22.774, 73.621",22.773846433333333,73.62063060000001,3,Burhani Maternity Home | Juva Orthopaedic Hospital | Sanjivani Children Hospital,Gujarat,Panchmahal
"22.984, 72.61",22.9839274,72.6102337,3,Jhanvi Fracture and Orthopaedic Hospital | Joitiba General Hospital,Gujarat,Ahmedabad
"22.997, 72.6",22.997283499999998,72.5995933,3,Shashvat Child Care | Ramanlal Hospital | Sardar Hosital,Gujarat,Ahmedabad
"23.0, 70.893",23.000061400000003,70.8927307,3,Diagnostic Centre and Surgical Hospital | Shivam Maternity Home and Surgical Hospital | Soni Hospital,Gujarat,Rajkot | Vadodara
"23.01, 72.645",23.00998733333333,72.64500783333334,3,"Dhwani General Hospital, Nursing Home and Materity Home | Dhwani General Hospital Nursing Home and Maternity Home | Odhav Orthopaedic Hospital",Gujarat,Ahmedabad
"23.013, 72.546",23.012803199999997,72.5457093,3,Aerimita Hospital and Ashvinau Research | Navkar Hospital,Gujarat,Ahmedabad
"23.025, 72.697",23.024772599999995,72.6970077,3,CHC Singarva (Daskroi) | CHC Sanand | CHC Singarva,Gujarat,Ahmedabad
"23.039, 72.638",23.038882766666664,72.63828353333334,3,Raghukul Ortho Hospital | Shree Shakti Medical Hospital | Netra Raksha Hospital,Gujarat,Ahmedabad
"23.046, 72.536",23.0459343,72.536235,3,Cornea Foundation | Nandan Maternity Home | Ortho Kids Clinic,Gujarat,Ahmedabad
"23.049, 72.563",23.0488101,72.5628106,3,Cancer Associates | Vrundavan Hospital | Uro Care,Gujarat,Ahmedabad
"23.06, 72.558",23.059562,72.558009,3,Harsiddh Hospital | Aneri Orthopaedic and Maternity Hospital | Neo Children Hospital,Gujarat,Ahmedabad
"23.06, 72.577",23.060214899999995,72.5766759,3,Chirag Hospital | Deep-Dhara Nursing Home | Dr. Manish Ravals Hospital,Gujarat,Ahmedabad
"23.075, 70.134",23.075296999999996,70.133673,3,Dhairya Medical Hospital and Icu Centre | Morakhia Medical Nursing Home | Shivam Eye Care,Gujarat,Kachchh
"23.086, 72.593",23.086214300000005,72.5933097,3,Netra Chikitsa Trust | Sabarmati Development Society Sanchalit Sheth Shri Pukhraj Raichand General Hospital | Sheth Shree Pukhraj Raichand Gen Hospital,Gujarat,Ahmedabad
"23.109, 72.592",23.109205399999997,72.5915629,3,Netra Jyoti Eye and Ent Hospital | Shilp E.N.T Clinic and Hospital | Vijaya Maternity and Surgical Nursing Home,Gujarat,Gandhinagar
"23.124, 72.053",23.1236377,72.0527421,3,CHC Viramgam | Sanjivani Hospital,Gujarat,Ahmedabad
"23.159, 79.932",23.1588306,79.9318623,3,Golcha Hospital And Urological Research Centre | Silver Oak Hospital | Bhandari Memorial Hospital,Madhya Pradesh,Jabalpur
"23.16, 79.924",23.159895700000003,79.9237865,3,Aashish Hospital | Aditya Superspeciality Hospital and Trauma Centre | Dr. Ravi Agrawal Eye Hospital and Phako Centre,Madhya Pradesh,Jabalpur
"23.172, 77.413",23.171514899999995,77.4128193,3,Anupam Hospital | Mishra Hospital | Marsiddhi Hospital,Madhya Pradesh,Bhopal
"23.179, 75.797",23.1793593,75.7971004,3,Apollo Eye Hospital | Radiant Eye Hospital | Dr. Deshmukh Mother and Child Hospital,Madhya Pradesh,Ujjain
"23.232, 77.394",23.2324644,77.3940927,3,Astha Hospital | R.A Stone and Surgical Care | Siddharth Eye Hospital,Madhya Pradesh,Bhopal
"23.373, 85.331",23.372575300000005,85.3314058,3,Jagannath Life Care Pvt Ltd | Prabhawathi Hospital | Sisir Sewa Kendra,Jharkhand,Ranchi
"23.609, 72.386",23.6090066,72.3857558,3,Doctor House | Liones General Hospital | Majmundar Surgical Hospital,Gujarat,Mahesana
"23.669, 86.151",23.6692956,86.151112,3,Om Sri Sai Hospital and Research Centre | Chc Peterwar | Fahad Hospital,Jharkhand,Bokaro
"23.81, 90.413",23.810332,90.4125181,3,Hospito Care | Jai Shree Swasthya Kendra | Matra Chaya,Bihar,East Champaran
"23.839, 78.738",23.838804999999997,78.7378068,3,Ganesh Memorial Hospital | Khemchand Jain Hospital And Research Centre | Shri Chaitanya Hospital,Madhya Pradesh,Sagar
"23.856, 85.031",23.8562744,85.0306242,3,"Jivan Jyoti | PHC, Tandwa | Raj Nandini Hospital",Jharkhand,Chatra
"23.92, 72.367",23.9196207,72.3668366,3,Dr Rajesh R Bhargava Nursing Home | Shriji Medical And Heart Hospital | Sonam Hospital and Urology Centre,Gujarat,Patan
"23.951, 86.817",23.9505496,86.8170132,3,Gurudeo Astha Seva Sadan | PHC Nala | PHC Narayanpur,Jharkhand,Jamtara
"24.159, 72.406",24.1594553,72.4058875,3,Jain Children and Surgical Hospital | Joshi Hospital - Palanpur | Shree Tmsj and Shah Mm Eye Hospital,Gujarat,Banas kantha
"24.89, 85.545",24.8895703,85.5449206,3,Aadarsh Nursing Home | Aarya Swashthya Seva Sansthan | Life Line Nursing Home,Bihar,Nawada
"25.198, 85.515",25.198214700000005,85.51487349999998,3,Ashirbad Sewa Sanstha | Nalanda Netralaya and Maternity Home Pvt. Ltd. | Tara Aarogya Sasthan,Bihar,Nalanda
"25.307, 85.277",25.3068221,85.2773191,3,Dr. B.R. Ambedkar Hospital and Research Centre | Sandali Hospital Pvt. Ltd. | Khushi Hospital,Bihar,Nalanda
"25.539, 87.568",25.5385943,87.5676712,3,Onyx Dental And Implant Center | Sanjeewini Nursing Home | Nidaan Hospital,Bihar,Katihar
"25.54, 87.568",25.539579899999996,87.5684895,3,Jannakshya Nursing Home | Shamim Nursing Home | Sharan Clinic,Bihar,Katihar
"25.599, 85.158",25.5992827,85.1579665,3,Abhinandan Hospital | Jeevak Heart Hospital and Research Institute Pvt Ltd | Vijai Hospital,Bihar,Patna
"25.605, 85.088",25.6046194,85.0884757,3,Dr. Bimal Hospital and Research Center | Dr. Bimal Hospital And Researhc Centre Pvt Ltd | Vimal Hospital and Research Centre,Bihar,Patna
"25.616, 85.121",25.6159353,85.120699,3,Child Hospital | Dr. Sarojini Sinha Memorial Shiv-Shakti Hospital | Harsh Clinic,Bihar,Patna
"25.88, 86.583",25.8801297,86.58296990000001,3,Ashirvad Nursing Home | Heart Care Clinic | Sai Seva Sadan,Bihar,Saharsa
"26.119, 85.905",26.1193569,85.9048962,3,Darbhanga Medical College and Hospital | M/S Sinha Clinic | Navjeevan Hospital,Bihar,Darbhanga
"26.129, 85.373",26.129036866666667,85.37306339999999,3,Mishra Hospital | Prashant Memorial Charitable Hospital | R.P.M.C.Hospital,Bihar,Muzaffarpur
"26.13, 85.902",26.1303638,85.9023453,3,Dwivedi Clinic | M/S Sanjay Surgical and Urological Kendra | Prof. R.P.Gami Memorial Hospital,Bihar,Darbhanga
"26.143, 91.79",26.1433459,91.7897953,3,G N R C Heart Institute | Dispur Polyclinic and Nursing Home | Hm Hospital and Research Centre Pvt.Ltd,Assam,Kamrup
"26.145, 91.736",26.1445169,91.7362365,3,Gauhati Medical College and Hospital (GMCH) | Gauhati Medical College Hospital | Guwahati Neuro Research Centre Ltd,Assam,Kamrup
"26.797, 84.498",26.7968036,84.498316,3,Dr.Deepak Jayswals Hosital | Choudhary Memorial Medical Centre | Shivam Nursing Home,Bihar,West Champaran
"26.983, 94.642",26.982609799999995,94.6424521,3,East Point Hospital And Res Centre | Sarma Nusring Home | H M Hospital and Research Center,Assam,Sivasagar
"28.148, 76.221",28.147701,76.2210794,3,Agarwal Nursing Home and Alpha Diagnostic Center | Children Hospital and Maternity Home | Goyal Eye Hospital,Haryana,Mahendragarh
"28.15, 77.325",28.1496671,77.3251902,3,Aryan Hospital | Garg Nursing Home | Palwal Hospital,Haryana,Palwal
"28.345, 77.322",28.3448712,77.3223915,3,Kesar Hospital | Mittal Hospital | Anuradha Hospital and Trauma Centre,Haryana,Faridabad
"28.395, 77.324",28.3952729,77.3238274,3,Jeewan Jyoti Hospital | Kalra Child Care Centre | Perfect Vision,Haryana,Faridabad
"28.463, 77.028",28.4625522,77.0283798,3,Gupta Hospital | Rajiv Memorial Eye Infirmary | Verma E.N.T. Hospital,Haryana,Gurgaon
"28.467, 77.021",28.4669699,77.0209947,3,Aryan Hospital Private Limited | Bindal Hospital And Maternity Centre | Shanta Hospital,Haryana,Gurgaon
"28.471, 77.015",28.47075356666667,77.01489856666667,3,Dr. Balbir Nursing Home | Giridhar Hospital | Haryana Nursing Home-I,Haryana,Karnal
"28.546, 77.556",28.5461902,77.55621,3,Dhankar Nursing and Maternity Home | Krishna Hospital | Shanti Hospital and Maternity Home,Haryana,Bhiwani
"28.649, 70.651",28.6491211,70.6514213,3,Life Care Emergency Centre | Life Care Health Maintenance Organisation | Vyoma General Nursing Home,Gujarat,Ahmedabad
"28.704, 77.077",28.703577,77.0768908,3,Ankur Children Hospital | Holy Cross Hospital | Rishabh Surgical Hospital,Gujarat,Bharuch | Surat
"29.0, 77.033",28.999544599999997,77.0327381,3,Gupta Nursing Home | Jankidas Kapur Memorial Hospital | Raj Child Health Care and Immunization Centre,Haryana,Sonipat
"29.097, 75.964",29.0971845,75.9637413,3,Chum Children Hospital | Dhatarwal Hospital -Maternity and Laproscopic Center | Shree Kali Devi Eye and General Hospital,Haryana,Hisar
"29.138, 76.693",29.138406399999997,76.6932438,3,Gohana Hospital | Sajni Nursing Home | Setiya Nursing Home,Haryana,Sonipat
"29.152, 75.726",29.1517831,75.7257012,3,City Hospital | Progressive Medical Care and Research Center Pvt Ltd | Central Medical Centre (CMC),Haryana,Hisar
"29.169, 75.727",29.1694579,75.7268204,3,"Nawal Hospital | Eye-Q Super Speciality Eye Hospitals, Hisar, Barwala Road | National Fertility and Test Tube Baby Centre",Haryana,Hisar
"29.364, 75.906",29.364187599999998,75.9056753,3,Bansal Hospital | Global Health Center | Goel Orthopaedic Hospital,Haryana,Hisar
"29.399, 76.972",29.3986523,76.971507,3,D.K. Gastro-Care Clinic | Delhi Eye Hospital | Jain Ent Center,Haryana,Panipat
"29.801, 76.426",29.8008373,76.4264804,3,Aakash Hospital | Bharat Medical Centre | The Subhash Verma Surgical Hospital,Haryana,Hisar
"30.158, 76.877",30.15764,76.8766024,3,Gaur Maternity and Surgical Hospital | Landmark Hospital | Sidharth Hospital,Haryana,Kurukshetra
"30.34, 76.868",30.340106199999997,76.867772,3,Aashirwad Nursing Home | Garg Eye Hospital | Gupta Hospital,Haryana,Ambala
"30.381, 76.78",30.3814646,76.7799074,3,Manocha Hospital | Pc Sharma Eye Hospital | Pheladelephia Mission Hospital,Haryana,Ambala
"30.56, 77.295",30.5599327,77.295483,3,District Ayurvedic Hospital | DistrictAyurvedic Hospital | Referral Hospital,Himachal Pradesh,Sirmaur
"30.69, 76.848",30.6898813,76.8483677,3,Chakravarty Nursing Home / Chakshu Clinic | Chakravarty Nursing Home | Chakravarty Polyclinics,Haryana,Panchkula
"30.692, 76.837",30.691889399999997,76.8370739,3,Jyoti Dental and Eye Care Centre | Phoneix Hospital | Phoenix Hospital,Haryana,Panchkula
"31.106, 77.179",31.1058233,77.1787114,3,Goel Eye and Goel Dental Clinic and X- Rays | Goel Eye Clinic | Goel Dental Clinic,Himachal Pradesh,Shimla
"31.205, 77.752",31.2045526,77.7523608,3,"Ayurvedic Hospital | Ayurvedic Hospital, Rohru | Civil Hospital",Himachal Pradesh,Shimla
"31.449, 76.705",31.4491451,76.7047904,3,Civil Hospital | Rainbow Hospital,Himachal Pradesh,Bilaspur
"31.699, 76.732",31.698955800000004,76.7324084,3,Civil Hospital | Referal Hospital Sarkaghat | Referal Hospital,Himachal Pradesh,Mandi
"31.958, 77.109",31.957851,77.1094597,3,"Civel Hospital Kullu | Ayurvedic Hospital, Katrai | Civil Hospital",Himachal Pradesh,Kullu
"32.105, 76.379",32.1053971,76.3789037,3,"C.H.C. | Community Health Centre | Sood Nursing Home, Chahri",Himachal Pradesh,Kangra
"32.173, 74.184",32.1733916,74.1835533,3,Eye Q Super Speciality Eye Hospitals | Jaipur Children Hospital - Rsby | Poonam Eye Hospital - Rsby,Haryana,Fatehabad
"32.219, 76.323",32.219042,76.3234037,3,"District Ayurvedic Hospital | Zonal Hospital, Dharamshala | DistrictAyurvedic Hospital",Himachal Pradesh,Kangra
"32.443, 76.533",32.442849,76.5329269,3,"Ayurvedic Hospital, Bharmour | Ayurvedic Hospital | Community Health Centre",Himachal Pradesh,Chamba
"32.553, 76.126",32.5533633,76.1258083,3,"Government Hospital | Regional Hospital, Chamba | Regional Hospital",Himachal Pradesh,Chamba
"32.915, 76.466",32.9151619,76.4664307,3,"P H C, Purthi | Community Health Centre | Primary Health Centre",Himachal Pradesh,Chamba
"9.227, 76.85",9.2267063,76.8496779,3,Swami Saswathikananda Mission Hospital | Believers Church Medical Centre | Chc Konni,Kerala,Pathanamthitta
"9.318, 76.611",9.3183275,76.6110845,3,Pamlatheeram Ayurvedic Riverside Village | Sanjivani Multi-Speciality Hospital | Surya Hospital,Kerala,Alappuzha | Kollam
"9.588, 76.514",9.5878227,76.5144244,3,H and W Cardiac Center | Vasan Eye Care Hospital | Hw Cardiac Center,Kerala,Kottayam
"9.893, 76.722",9.8929802,76.7221082,3,Archana Hospital | Chazhikattu Hospital Pvt Ltd | St.Mary Hospitals,Kerala,Idukki
"10.003, 76.55",10.0032141,76.5502271,2,Ahalia Foundation Eye Hospital | Nedumchalil Hospital,Kerala,Ernakulam
"10.004, 76.31",10.0043274,76.3100883,2,Specialists Hospital | Alexander Eye Center (Unit Of Kelman Health First Hospital Network Pvt Ltd),Kerala,Ernakulam
"10.082, 76.383",10.082247,76.3828446,2,Ayswarya Hospital | Thaqdees Hospital Limited,Kerala,Ernakulam
"10.084, 76.361",10.08368,76.3609132,2,Carmel Hospital | S.V. Pharmacy and Nursing Home,Kerala,Ernakulam
"10.108, 76.346",10.1075702,76.345662,2,Najath Hospital | Ayurveda Nursing Home,Kerala,Ernakulam
"10.115, 76.473",10.1146721,76.4726289,2,K M K Hospital | V.M.M Ospital,Kerala,Ernakulam
"10.224, 76.198",10.2244299,76.1977737,2,Craft Hospital | Modern Hospital .,Kerala,Thrissur
"10.371, 76.309",10.3710814,76.3087282,2,Santhi Speciality Hospital | Mother and Child Hospital Kodakara,Kerala,Thrissur
"10.558, 76.218",10.5578039,76.2175978,2,Thrissur District  Co-Operative Hospital | Saroja Nursing Home,Kerala,Thrissur
"10.564, 76.171",10.5640202,76.1711283,2,Amala Cancer Hospital And Research Centre | Amala Institute of Medical Sciences,Kerala,Thrissur
"10.799, 76.643",10.799477,76.6427152,2,Dr Menons Hospital | Sai Nursing Home,Kerala,Palakkad
"10.803, 76.135",10.8030227,76.1348944,2,Cns Ayurveda Chikitsalayam and Research Center | Vaidyamadham Vaidyasala and Nursing Home,Kerala,Palakkad
"10.998, 76.972",10.9978567,76.9715147,2,Lakshmi Nursing Home | Mahalakshmi Nursing Home,Karnataka,Hassan
"11.12, 76.12",11.1202984,76.1199677,2,Ahalia Foundation Eye Hospital | Korambayil Hospital - Manjeri,Kerala,Malappuram
"11.177, 75.831",11.1765652,75.8314146,2,Koyas Hospital. - Calicut | Koya's Hospital,Kerala,Kozhikode
"11.255, 75.784",11.2549673,75.7840907,2,Chest Hospital | City Eye Foundation,Kerala,Kozhikode
"11.255, 75.786",11.2550641,75.7856766,2,Malabar Diabities Foundation and Re-Search Centre | R.M.Hospital,Kerala,Kozhikode
"11.279, 76.24",11.279432,76.239785,2,Pg Mediacal Trust Hospital | Devi Nursing Home,Kerala,Malappuram
"11.289, 75.788",11.288879,75.7883228,2,Malabar Hospitals and Urology Centre | Malabar Multispecialty Centre Pvt. Ltd.,Kerala,Kozhikode
"11.831, 92.659",11.8311681,92.6586401,2,Inhs Dhanvantri | Maricar Hospital,Andaman and Nicobar Islands,South Andaman
"11.874, 75.383",11.8736408,75.3833445,2,"Speciality Hospital | S.M,. Hospital;",Kerala,Kannur
"12.105, 75.206",12.1050687,75.2058336,2,Mukunda Hospital | Payyanur Medicare Center,Kerala,Kannur
"12.12, 76.68",12.1199769,76.680093,2,Mamatha Health Care | Nanjangud Clinic,Karnataka,Mysuru
"12.312, 76.648",12.3116496,76.6481549,2,Sita Ranga Nursing Home /Hospital | Vatsalya Health Solutions,Karnataka,Mysuru
"12.422, 76.693",12.4215561,76.6931273,2,Dr.T P Satish | Kalpataru Dignostic Centre,Karnataka,Mandya
"12.424, 75.738",12.4244205,75.7381856,2,Ashwini Hospital | Sri Rajarajeshwari Hospital,Karnataka,Kodagu
"12.754, 75.213",12.7542568,75.2127038,2,Dhanvanthari Hospital | Girija Clinic Maternity and General Nursing Home,Karnataka,Dakshina Kannada
"12.766, 75.208",12.7655103,75.2077356,2,Adarsha Hospital | Puttur City Hospital,Karnataka,Dakshina Kannada
"12.877, 74.844",12.8770257,74.8442813,2,Nayana Nethralaya Eye Hospital | Saroj Multispeciality Hospital,Karnataka,Dakshina Kannada
"12.879, 74.851",12.8785516,74.8514668,2,Mangala Hospital and Mangala Kidney Foundation | Prathiba Eye Hospital,Karnataka,Dakshina Kannada
"12.891, 77.596",12.8908649,77.5961959,2,Mayo Hospital | Srushti Hospital,Karnataka,Bengaluru Rural
"12.906, 77.596",12.906406,77.5958928,2,Shekar Nethralaya,Karnataka,Bengaluru Urban
"12.91, 77.593",12.9099647,77.5925166,2,Divakars Global Hospitals | Ravindranath Ge Medical Associates Pvt Ltd,Karnataka,Bengaluru Urban
"12.918, 77.556",12.917938,77.555796,2,Nu Hospital | Bkf Chande Nephro Urology Centre Nurtrust,Karnataka,Bengaluru Urban
"12.92, 77.56",12.92013825,77.56010425,2,Hillside Hospital | Yogananda Medical and Research Centre,Karnataka,Bengaluru Urban
"12.921, 77.584",12.92074165,77.58373900000001,2,Bacc Healthcare Pvt Ltd. | Tirumalai Eye Clinic And Surgical Centre,Karnataka,Bengaluru Urban
"12.923, 77.575",12.9227076,77.5749764,2,Rama Krishna Nursing Home | Ramkrishna Nursing Home,Karnataka,Bengaluru Urban
"12.924, 77.551",12.92407405,77.5511777,2,Ring Road Hospital | Shanbhag Nursing Home,Karnataka,Bengaluru Urban
"12.924, 77.573",12.923867999999999,77.57311915,2,Dr. Vidyananda's Surgery and Dia Centre | Sridevi Nursing Home,Karnataka,Bengaluru Urban
"12.927, 77.592",12.9270695,77.5923719,2,K C General Hospital | General Hospital K.R Nagar,Karnataka,Bengaluru Urban | Mysuru
"12.927, 77.638",12.9266059,77.6377755,2,Marvel Hospital and Fertility Center | Marvel hospitals and Fertility centre,Karnataka,Bengaluru Urban
"12.929, 77.582",12.9290883,77.5819886,2,"Vasan Eye Care Hospital | Vasan Eye Care Hospital, Jayanagar",Karnataka,Bengaluru Urban
"12.933, 77.582",12.933219,77.5815604,2,Garden City Hospital,Karnataka,Bengaluru Urban
"12.933, 77.584",12.93310665,77.5841791,2,Fracture Of Tibial Spine Orthopaedic Clinic | Nature Cure Hospital,Karnataka,Bengaluru Urban
"12.933, 77.613",12.9325662,77.6125214,2,Sri Venkateshwara Hospital | Sri Venkateshwara Hospitals,Karnataka,Bengaluru Urban
"12.934, 77.621",12.9337039,77.6214323,2,"Novamed Centers India Pvt Ltd | Nova Specialty Surgery Center, Koramangala",Karnataka,Bengaluru Urban
"12.937, 77.602",12.9372107,77.6018794,2,"Kidwai Memorial Institute Of Oncology | Kidwai Cancer Institute, Bangalore",Karnataka,Bengaluru Urban
"12.938, 77.58",12.937683,77.580401,2,The Bangalore Hospital | The Bengaluru Hospital,Karnataka,Bengaluru Urban
"12.94, 77.585",12.93994935,77.58529155,2,Mahabodhi Mallige Hospital | Manasa Medical Centre (P) Ltd,Karnataka,Bengaluru Urban
"12.94, 77.587",12.9396233,77.5866713,2,Drs 7 Maiya Multispeciality Hospital | Maiya Multispecialty Hospital,Karnataka,Bengaluru Urban
"12.942, 77.575",12.9421166,77.5753609,2,Rangadore Memorial Hospital | Trinity Hospital And Heart Foundation,Karnataka,Bengaluru Urban
"12.957, 77.563",12.9567051,77.5626974,2,Retina Institute Of Karnataka | Retina Institute Of Karnatakaa,Karnataka,Bengaluru Urban
"12.959, 77.519",12.9590918,77.5192061,2,Shridevi Hospital | Sri Maruthi Hospital,Karnataka,Bengaluru Urban
"12.959, 77.561",12.9594745,77.560953,2,Amruth Biological and Clinical Services Pvt Ltd. | Ravi Kirloskar Memorial Hospital,Karnataka,Bengaluru Urban
"12.959, 77.568",12.959199049999999,77.56796965000001,2,Shree Nandi Hospital | Ganga Hospital and Clinical Laboratory,Karnataka,Bengaluru Urban
"12.96, 77.713",12.9600915,77.7129903,2,Aayug's Health Care | Akshay Mallya Hospital,Karnataka,Bengaluru Urban
"12.961, 77.595",12.9607569,77.594633,2,Yellamma Dassappa Hospital - Bangalore | Yellamma Dasappa Hospital,Karnataka,Bengaluru Urban
"12.967, 77.545",12.967283,77.5447472,2,Sri Kalabyraveshwara Swamy Ayurvedic Medical Colle | Shree Kalabyraveswara Swamy Ayurveda Medical College And Hospital,Karnataka,Bengaluru Urban
"12.969, 77.615",12.9687069,77.6145906,2,Hosmat Hospital,Karnataka,Bengaluru Urban
"12.971, 77.582",12.9714646,77.5815375,2,D.G.Hospital | Sevakshetra Hospital,Karnataka,Bengaluru Urban
"12.971, 77.628",12.971300450000001,77.6276521,2,Syamala Hospital | Belle Vues Cambridge Hospital,Karnataka,Bengaluru Urban
"12.973, 77.636",12.97344,77.635628,2,Nethradhama Super Speciality Eye Hospital-Indiranagar | Nethradhama Superspeciality Eye Hospital,Karnataka,Bengaluru Urban
"12.975, 77.513",12.9745975,77.5129877,2,Vijaya Nethralaya | Deepashri Hospital,Karnataka,Bengaluru Rural | Bengaluru Urban
"12.979, 77.695",12.978847,77.69493345000001,2,Nirmala Nursing Home | Vasan Eye Care Hospital,Karnataka,Bengaluru Urban
"12.979, 80.232",12.9785849,80.2320987,2,Apollo Rm Hospital | Lalitha Healthcare Pvt.Ltd.(A Fortis Network Hospital),Karnataka,Bengaluru Urban
"12.981, 74.803",12.9807123,74.8031446,2,Padmavathi Hospital | Venus Hospital,Karnataka,Dakshina Kannada
"12.984, 77.554",12.9840427,77.5541855,2,Rajajinagar Meternity Home | Sreerampura Referal Hospital,Karnataka,Bengaluru Urban
"12.985, 77.551",12.98471,77.5508027,2,Jinka Nursing Home | Vaidyam Hospital,Karnataka,Bengaluru Urban
"12.987, 77.375",12.9865934,77.3746046,2,L.R Hospital | Supriya Nursing Home,Karnataka,Bengaluru Urban
"12.988, 77.56",12.988074000000001,77.5598641,2,Suguna Hospital,Karnataka,Bengaluru Urban
"12.989, 75.273",12.9886641,75.2725454,2,Community Health Centre | Raghavendra Clinic and Nursing Home,Karnataka,Dakshina Kannada
"12.991, 77.542",12.9910459,77.54199955,2,Panacea Hospital Pvt Ltd | Rathnashree Dental Care,Karnataka,Bengaluru Urban | Mysuru
"12.991, 77.594",12.9911307,77.5937662,2,Bhagwan Mahaveer Jain Hospital | Bhagawan Mahaveer Jain Heart Centre,Karnataka,Bengaluru Rural | Bengaluru Urban
"12.995, 77.54",12.99490755,77.5399665,2,Basaveswara Medical Centre | Trupti Nursing Home,Karnataka,Ballari | Bengaluru Urban
"12.996, 77.612",12.9959689,77.6124149,2,Cantonment Poly Clinic And Nursing Home | Dr. Thomas`S Cantoment Poly Clinic andNursing Home,Karnataka,Bengaluru Urban
"12.998, 77.546",12.9978747,77.546252,2,Padmabhushan Dr Mc Modi Charitable Eye Hospital | Pristine Hospital,Karnataka,Bengaluru Urban
"13.0, 77.541",13.0001603,77.5411082,2,"R.R,OrthopedicandSurgical Centre | Bangalore Institute Of Oncology",Karnataka,Bengaluru Urban
"13.0, 77.55",12.999754,77.550445,2,Ananya Hospital Pvt.Ltd. | Ananya Hospital,Karnataka,Bengaluru Urban
"13.0, 77.567",13.0000884,77.5670569,2,Indira Eye Clinic | Vijaya Ent Care Centre,Karnataka,Bengaluru Urban
"13.003, 77.564",13.0030624,77.5642928,2,Manipal Northside Hospital | Sukruthi Eye Care Microsurgical Centre,Karnataka,Bengaluru Urban
"13.007, 76.107",13.0068048,76.1072863,2,Mangala Hospital | Sampige Nursing Home,Karnataka,Hassan
"13.007, 77.56",13.007136299999999,77.56026944999999,2,Smt.Shantha and Sri J.A.Narayanarao Foundation For Medical Sciences | Samprathi Eye Hospital And Squint Centre,Karnataka,Bengaluru Rural | Bengaluru Urban
"13.007, 77.569",13.0073411,77.5687973,2,Chhaya Nursing Home | Si Chhaya Multi Speciality Hospital,Karnataka,Bengaluru Urban
"13.008, 76.11",13.0079751,76.1102303,2,Jayashree Nursing Home | Malnad Nursing Home,Karnataka,Hassan
"13.015, 77.651",13.01503625,77.65115745,2,"Srinivasa Eye Hospital | Vasan Eye Care Hospital, R.T.Nagar",Karnataka,Bengaluru Urban
"13.026, 77.558",13.025502,77.5576219,2,Dr.T.V.Ramesh Piles Hospital | Dr. T.V.Ramesh Piles Hospital,Karnataka,Bengaluru Urban
"13.03, 77.591",13.0296311,77.5911303,2,Vinayaka Hospital,Karnataka,Bengaluru Urban
"13.035, 77.575",13.034865700000001,77.57489419999999,2,Lakshmi Hospital | S. J. Hospital,Karnataka,Bengaluru Urban
"13.037, 77.591",13.03688085,77.59108119999999,2,Nova Medical Centres Pvt Ltd | N J Hospital,Karnataka,Bengaluru Urban | Mysuru
"13.038, 77.629",13.0377347,77.6288279,2,Avian Medicare and Research Centre | Sakaria Healthcare Pvt. Ltd.,Karnataka,Bengaluru Urban
"13.058, 77.597",13.0576513,77.5967615,2,Moodalapallya Meternity Home | Sri Venkateshwara Hospital,Karnataka,Bengaluru Urban
"13.073, 77.503",13.0730767,77.5030755,2,Sapthagiri Hospital,Karnataka,Bengaluru Rural | Bengaluru Urban
"13.097, 77.542",13.0965073,77.5420588,2,Dr Ramachandra Hospital | Rajalakshmi Hospital,Karnataka,Bengaluru Urban
"13.215, 74.996",13.2150997,74.9961799,2,Amar Jyothi Clinic | Dr T M A Pai Rotary Hospital,Karnataka,Udupi
"13.31, 76.254",13.3104549,76.2537052,2,Ashwini Hospital | Naghabushan Hospital,Karnataka,Hassan
"13.366, 78.575",13.36592,78.5750141,2,Balaji Hospital | Vijaya Nursing Home,Andhra Pradesh,Chittoor
"13.404, 76.625",13.4037986,76.6246,2,Aditya Orthopaedic and Trauma Center | Srinivasa Nursing Home,Karnataka,Tumakuru
"13.42, 75.257",13.4197675,75.2566564,2,Primary Health Centre | Sharada Dhanvantari Charitable Hospital,Karnataka,Chikkamagaluru
"13.551, 78.506",13.5508703,78.50597,2,Balaji Multi Speciality Hospital | Bhavyas Children Hospital,Andhra Pradesh,Chittoor
"13.553, 78.507",13.553374,78.5065719,2,Madanapalle Hospital Pvt Ltd | Shantharam Hospital,Andhra Pradesh,Chittoor
"13.597, 75.972",13.5968033,75.9724491,2,Arekal Nursing Home | Vishvamanava Hospital,Karnataka,Chikkamagaluru
"13.624, 79.431",13.6244611,79.4310052,2,Dbr And Sk Super Speciality Hospital | Raghavendra Urological Super Speciality Hospital (Russh Hospital),Andhra Pradesh,Chittoor
"13.634, 79.421",13.6338436,79.4210045,2,Bhaskar Allergy and Chest Hospital | Prashanth Hospital,Andhra Pradesh,Chittoor
"13.664, 77.209",13.6643166,77.2088987,2,J.S. Hospital | Sri Raghavendra Hospital,Karnataka,Tumakuru
"13.678, 79.352",13.6781837,79.352188,2,M S Hospital | Rajankunte Hospital,Andhra Pradesh | Karnataka,Chittoor | Bengaluru Urban
"13.709, 75.816",13.7086667,75.815859,2,Ashirwad Nursing Homes - Tarikere | Vasuda Hospital,Karnataka,Chikkamagaluru
"14.167, 75.04",14.1670402,75.0403,2,Chandini Hospital | Padmamba Hospital,Karnataka,Shivamogga
"14.231, 76.398",14.2305594,76.3984537,2,Pampa Shree Surgigal Centre | Ravi Nursing Home,Karnataka,Chitradurga
"14.28, 74.444",14.2797502,74.4439252,2,St Ignatius Hospital | Vivekananda Agogyadhama,Karnataka,Uttara Kannada
"14.313, 76.653",14.313395,76.6528225,2,Lakshmi Sreenivasa Nursing Home | Sr. Thirumala Hospital,Karnataka,Chitradurga
"14.45, 79.986",14.4501074,79.9859957,2,Susrutha Uro Renal Hospital | Vijaya Hospital,Andhra Pradesh,SPSR Nellore
"14.451, 79.986",14.4506929,79.9862656,2,Ramakrishna Diabetes Research Center | Sireeha Netralaya,Andhra Pradesh,SPSR Nellore
"14.463, 75.917",14.46261,75.91719925000001,2,Susruta Eye Clinic And Laser Centre | Ashraya Hospital,Karnataka,Davangere
"14.48, 78.834",14.480391,78.8340173,2,Balaji Nursing Home | Dr G R K R Multi Speciality Hospitals,Andhra Pradesh,Y.S.R.
"14.676, 77.604",14.6755437,77.6036802,2,Suma Eye Clinic | Swetha Ent Hospital,Andhra Pradesh,Anantapur
"14.687, 78.391",14.686981,78.3909238,2,Tata Reddy Ramalinga Reddy Nursing Home | Sree Tati Reddy Ramalinga Reddy Nursing Home,Andhra Pradesh,Y.S.R.
"14.753, 78.551",14.7528736,78.5514834,2,Kalyana Chakravarthy Hospitals - Proddatur | Nikhil Nursing Home,Andhra Pradesh,Y.S.R.
"15.25, 74.617",15.2496775,74.6173738,2,Dr.G.V.Bhat Hospital | General Hospital-- Dandeli,Karnataka,Uttara Kannada
"15.269, 76.391",15.2688542,76.3909241,2,K.L.S Hospital - Hospet | Tho Hospet,Karnataka,Ballari
"15.347, 75.125",15.3474564,75.1253824,2,Padmavathi Hospital | Akshay Hospital,Andhra Pradesh | Karnataka,Anantapur | Tumakuru
"15.352, 75.138",15.351753,75.1379294,2,K L E S Hospital | Renuka Eye Hospital,Karnataka,Dharwad | Haveri
"15.354, 75.128",15.3541984,75.1281027,2,Dr.Ghanti Hospital | Nalwad Multispeciality Hospital and Research Centre,Karnataka,Dharwad
"15.364, 75.115",15.3639291,75.1145061,2,"Dr.Mudaraddis Eye Maternity and Surgical Hospital | Sushruta Multispeciality Hospital and Research Center Pvt. Ltd.,",Karnataka,Dharwad
"15.364, 75.123",15.36398675,75.12267245000001,2,Maathoshree Hospital | Maruthi Netralaya,Karnataka,Dharwad | Gadag
"15.394, 75.08",15.3935685,75.0800957,2,Dr Kalsoor Hospital | The Karnatak Cancer Therapy And Research Institute,Karnataka,Dharwad
"15.429, 76.535",15.4290801,76.5352105,2,Annapurna Multispeciality Hospital | Dr G Chandrappa Multi Speciality Hospital,Karnataka,Gadag
"15.432, 75.639",15.4316894,75.6388297,2,Hosmath Hospital | Renuka Hospital,Karnataka,Gadag
"15.465, 73.862",15.4647522,73.8624893,2,Goa Medical College,Goa,North Goa | South Goa
"15.483, 78.485",15.4830623,78.4854947,2,Murali Hospital | Sri Balaji Nursing Home,Andhra Pradesh,Kurnool
"15.497, 80.055",15.497106,80.0548894,2,K V Nursing Home | Kommalapati Veeraiah Nursing Home,Andhra Pradesh,Prakasam
"15.514, 80.044",15.5141463,80.0438555,2,Yamini Eye Care - Prakasam | Sri Lakshmi Nursing Home,Andhra Pradesh,Prakasam
"15.7, 75.733",15.6995608,75.7329592,2,Dr. Mallappa Meternity Nursing Home | Rajiv Ghandhi Education Societys Hospital,Karnataka,Gadag
"15.814, 80.355",15.8135755,80.3547286,2,Sri Saraswathi Nursing Home | Vijaya Nursing Home,Andhra Pradesh,Prakasam
"15.827, 78.047",15.8272826,78.047005,2,Sri Vijaya Durga Cardiac Centre | Suseela Netralaya and Maternity Hospital,Andhra Pradesh,Kurnool
"15.838, 74.501",15.8376978,74.5009168,2,Dr.T.S.Tejaswi | Dr.Hanjis Maternity And Nursing Hom,Karnataka,Belagavi
"15.842, 80.349",15.8423622,80.3491599,2,Prema Hospital | Solomon Nursing Home [Chirala],Andhra Pradesh,Prakasam
"15.851, 73.639",15.8514136,73.6389038,2,Dr Manchekar Hospital | Shree Hospital and Polyclinic - Vengurla,Maharashtra,Sindhudurg
"15.889, 73.827",15.888506,73.8266659,2,Shree Mhatre Hospital | Yashraj Hospital and Maternity Home,Maharashtra,Raigarh | Sindhudurg
"15.905, 73.821",15.9052627,73.8213213,2,Jeevanjyot Hospital | Shivam Hospital,Maharashtra,Sindhudurg
"16.057, 79.745",16.0568398,79.7453318,2,G Show Reddy Memorial Nursing Home | Sajana Nursing Home,Andhra Pradesh,Guntur
"16.062, 80.55",16.0615501,80.5497294,2,Adilakshmi Nursing Home | Ravi Cardiac and Diabetic Care Center,Andhra Pradesh,Guntur
"16.158, 75.647",16.1575876,75.6469934,2,Hanagal Shri Kumareshwar Hospital | S Nijalingappa Medical College and Hsk Hospital and Research Center,Karnataka,Bagalkot
"16.201, 74.36",16.2008538,74.35983,2,Hattarki Hospital and Trauma Center | Ganga Hospital,Madhya Pradesh | Maharashtra,Indore | Kolhapur
"16.214, 77.36",16.2143954,77.3604356,2,Gpv Neuro Superspeciality Hospital | Navodaya Hospital,Karnataka,Raichur
"16.296, 80.449",16.2964097,80.4490511,2,Bayya Ent Hospital And Research Centre | Sudarsana Eye Hospital,Andhra Pradesh,Guntur
"16.315, 80.441",16.3146349,80.4409967,2,Sravani Hospital | Hi Tech Trauma And Critical Care Hospital Ltd,Andhra Pradesh,Guntur
"16.317, 74.139",16.3174346,74.1386767,2,Gargoti Maternity Home | Shikalgar Hospital,Maharashtra,Kolhapur
"16.326, 80.428",16.3258784,80.427861,2,Sanjivi Orthopaedic and Physiotherapy Centre | Sree Geetha Eye Hospital,Andhra Pradesh,Guntur
"16.333, 75.285",16.3331873,75.2851599,2,Chetana Hospital | Sanjivini Children Hospital,Karnataka,Bagalkot
"16.39, 75.111",16.3896542,75.1107527,2,Dr Ar Belagalis Hospital | Shrinivas Nursing Home,Karnataka,Bagalkot
"16.433, 81.697",16.4329833,81.6966198,2,Aswani Mother and Child Hospital | Narsapur Christian Hospital,Andhra Pradesh,West Godavari
"16.434, 80.568",16.4339081,80.56776855000001,2,Sri Vijayasai Hospital | Sree Venkateswara Nursing Home,Andhra Pradesh,Guntur
"16.441, 80.993",16.4410255,80.9926327,2,Sacred Heart Hospital | Sri Venkateswara Nursing Home,Andhra Pradesh,Krishna
"16.495, 80.662",16.495035,80.6618234,2,Padmavathi Hospital Mother and Child Care Cntre | Santhi Nursing Home,Andhra Pradesh,Krishna
"16.512, 80.64",16.5115334,80.6396287,2,"Lakshmi Nurisng Home, Vijayawada | Vijaya Durga Nursing Home",Andhra Pradesh,Krishna
"16.514, 80.629",16.5139502,80.628529,2,Vijay Orthopaedic And Accident Care | Prasanthi Hospitals,Andhra Pradesh,Krishna
"16.514, 80.631",16.5135579,80.6314048,2,Sri Venkata Sai Urology and Maternity Center | Sri Venkatasai Urology and Maternity Centre,Andhra Pradesh,Krishna
"16.518, 74.95",16.5177012,74.9497472,2,Ashirwad Nursing Home | Shri S.B.Odeyar Memorial Hospital,Karnataka,Belagavi
"16.52, 80.69",16.5196022,80.6895583,2,Life Spring Hospitals | Life Spring Hospital,Andhra Pradesh,Krishna
"16.523, 80.615",16.5226281,80.6153485,2,Amma Hospital | Deepak Nursing Home,Andhra Pradesh,Krishna
"16.543, 81.495",16.5427881,81.4952414,2,Siva Srinivasa Ent Hospital | Sri Krishna Eye Institute,Andhra Pradesh,West Godavari
"16.549, 73.601",16.5494405,73.6009811,2,Karmarkar Hospital | Sushrut Surgical and Maternity Hospiotal,Maharashtra,Ratnagiri
"16.621, 80.541",16.6209149,80.5413043,2,Dr Mohanarao Memorial Super Speciality Hospital | Matha Nursing Home,Andhra Pradesh,Krishna
"16.695, 74.244",16.6948193,74.2444699,2,"Dhanwantri Fracture, Orthopaedic And Arthroscopy Centre | Samarth Clinic",Maharashtra,Kolhapur
"16.698, 74.229",16.6983718,74.2289376,2,Saraswati Hospital and Advanced Medical Care Center - Kolhapur | Sushrusha Nursing Home and Premature Baby Care Unit,Maharashtra,Kolhapur
"16.714, 81.101",16.7135229,81.1009882,2,"Sankara Netra Chikitsalaya | Vijaya Hospital, Eluru",Andhra Pradesh,West Godavari
"16.752, 81.689",16.7519865,81.6889554,2,Lakshmi Arundhati Nursing Home | Sri Venkata Ramana Nursing Home,Andhra Pradesh,West Godavari
"16.76, 81.679",16.7603084,81.6788364,2,"Bharathi Nursing Home, Tanuku | Srinivasa Mother and Child Care Centre",Andhra Pradesh,West Godavari
"16.823, 74.596",16.823421,74.5959735,2,Shree Poly Clinic and Manakapure Hospital | Sortur Hospital,Maharashtra,Sangli
"16.845, 74.602",16.8453567,74.6019776,2,Dr Ashok Patil Clinic | Kullolli Hospital,Maharashtra,Sangli
"16.846, 77.479",16.8455916,77.4786965,2,Giffard Memorial Hospital | Bhargavi Nursing Home,Andhra Pradesh,Krishna
"16.854, 74.572",16.8535993,74.5722213,2,Sharddha Surgical And Accident Hospital | Shraddha Surgical and Accident Hospital,Maharashtra,Sangli
"16.855, 74.572",16.8552,74.57215,2,Narayan Medical Nursing Home | Paramashetti Hospital,Gujarat | Maharashtra,Navsari | Sangli
"16.948, 82.253",16.9482342,82.2528975,2,Haritha Hospitals | Sai Sudha Hospital,Andhra Pradesh,East Godavari
"16.996, 81.777",16.9955344,81.777335,2,Aruna Hospital and Poly Clinic | Sri Satya Nursing Home,Andhra Pradesh,East Godavari
"17.007, 81.788",17.0068375,81.7875023,2,Kamalakar Hospital | Surya Hospital,Andhra Pradesh,East Godavari
"17.01, 81.776",17.0096947,81.7760339,2,Buddudu Orthopeadic Hospital | Siddhartha Orthopaedic Hospital and Polyclinic,Andhra Pradesh,East Godavari
"17.015, 81.773",17.0151123,81.7725499,2,Akira Eye Hospital | Sree Latha Hospital,Andhra Pradesh,East Godavari
"17.021, 81.771",17.0209155,81.7711827,2,"Chaitanya Nursing Home | Centre For Sight, Rajahmundry",Andhra Pradesh,East Godavari
"17.048, 74.263",17.047761,74.2625418,2,Asha Maternity Children S Hospital | Porwal Hospital,Maharashtra,Jalgaon | Sangli
"17.077, 82.139",17.0769388,82.1385327,2,Apollo Samudra Hospitals | Life Line Emergency Hospital,Andhra Pradesh,East Godavari
"17.284, 74.181",17.2837224,74.1805104,2,Sharada Clinic | Suman Hospital [Karad],Maharashtra,Satara
"17.324, 76.865",17.3242617,76.86484,2,Avinash Shah Memorial Multispeciality Hospital and Research Centre | Basaveshwar Teaching and General Hospital,Karnataka,Gulbarga
"17.373, 78.49",17.3730927,78.4900381,2,Apollo Emergency Centre | Dr.Agarwal's Eye Hospital,Andhra Pradesh,Hyderabad
"17.42, 78.499",17.4196548,78.4990004,2,Sagar Lal Memorial Hospital and Matadin Goel Research Center | Gandhi Medical College and Hospital,Andhra Pradesh,Hyderabad
"17.434, 75.195",17.4340512,75.1953934,2,Dr.Kelkar Maternity Home and Paediatic Hospital | Yashoda Hospital,Maharashtra,Solapur
"17.474, 78.564",17.4738037,78.5641765,2,"Jeevana Jyothi Hospitals Ltd., | Supriya Hospital",Andhra Pradesh | Karnataka,Anantapur | Bengaluru Urban
"17.495, 78.4",17.4947934,78.3996441,2,Prasad Hospital | Sankhya Hospital,Andhra Pradesh,Hyderabad
"17.643, 75.92",17.6428208,75.9200629,2,Savaskar Nursing Home | Dr. Karvekar Hospital and Fertility Clinic,Maharashtra,Solapur
"17.663, 75.909",17.6625542,75.908528,2,Ashwini Sahakari Rugnaylay | Valvekar Nursing Home - Solapur,Maharashtra,Solapur
"17.68, 74.018",17.6804639,74.018261,2,Dr Kandalgaonkar Eye Hospital | Sukhatankar Hospital,Maharashtra,Satara
"17.685, 74.017",17.6846523,74.016792,2,Bhosale Netra Rugnalaya [Satara] | Nandadeep Hospital and Research Centre,Maharashtra,Satara
"17.691, 73.997",17.6908169,73.9969229,2,Chiryu Childran Hospital and Research Center | Satara Camp Lions Nab Netra Rugnalay,Maharashtra,Satara
"17.7, 73.986",17.7000314,73.9855774,2,Mangalmurti Hospital | Barge Hospital [Satara],Maharashtra,Satara
"17.703, 74.543",17.7031208,74.5433988,2,"Shree Datta Hospital [Khatav] | Kharat Hospital , Mhaswad",Maharashtra,Satara
"17.71, 83.303",17.71039725,83.303293,2,Indus Hospitals | Manipal Hospital,Andhra Pradesh,Visakhapatnam
"17.724, 83.32",17.7243064,83.3195085,2,City Care Hospital | Apollo Heart Hospital,Andhra Pradesh,Visakhapatnam
"17.726, 83.313",17.7261263,83.3127965,2,Free Polio Surgical and Research Foundation | Visakha Ent Hospital,Andhra Pradesh,Visakhapatnam
"17.733, 83.307",17.7325733,83.3070106,2,Anupama Surgical And Children Hospital | Good Health New Central Hospital,Andhra Pradesh,Visakhapatnam
"17.736, 83.273",17.7358253,83.2733459,2,Dr Rama Rao Hospital | Sun Multi Speciality Hospital,Andhra Pradesh,Visakhapatnam
"17.753, 73.188",17.753112,73.1880618,2,Bhatkar Hospital - Dapoli-Ratnagiri | Dr.Patwardhan Hospital,Maharashtra,Ratnagiri
"17.989, 76.326",17.9885116,76.3260992,2,Makhane Hospital | Hanarge Hospital,Maharashtra,Osmanabad
"18.01, 76.071",18.010037,76.0710681,2,Janki Hospital | Peshwe Hospital,Maharashtra,Osmanabad
"18.034, 75.516",18.0339662,75.5160676,2,Bahubali Hospital | Dr Lonavat Hospital,Maharashtra,Solapur
"18.146, 73.843",18.1458199,73.8429847,2,Burande Hospital | Shubhangad Goregaonkar Smruti Rugnalaya,Maharashtra,Pune
"18.149, 74.575",18.1486231,74.574795,2,Kamal Drishti Eye Center | Shri Sai Eye Hospital,Maharashtra,Pune
"18.155, 74.581",18.1547039,74.5806179,2,Niramay Medical Foundation and Research Centre Pvt. Ltd. | Shreyash Hospital,Maharashtra,Pune | Satara
"18.304, 83.883",18.3044903,83.8830523,2,Amrutha Hospital | Radha Krishna Nursing Home,Andhra Pradesh,Srikakulam | Vizianagaram
"18.394, 77.113",18.3942882,77.1126009,2,Suvaidya Maternity and Nursing Home | Dnyaneshwar Hospital,Maharashtra,Latur
"18.404, 75.195",18.4044833,75.1953934,2,Dr Whatkar Hospital | Medical College Hospital,Maharashtra,Solapur
"18.439, 73.117",18.4389511,73.1167514,2,Dr Jadhav Nursing Home | Wagles Nursing Home,Maharashtra,Raigarh
"18.458, 73.868",18.4575324,73.8677464,2,Nityanand Rehabilitation and Residential Mental Heal | Sai Sneh Hospital and Diagnostic Centre Pvt Ltd,Maharashtra,Pune
"18.461, 75.659",18.4608782,75.6586295,2,Girija Rugnalya | Khaire Hospital,Maharashtra,Osmanabad
"18.475, 73.822",18.47484475,73.8222877,2,Madhukar General Hospital | Shree Sai Retina And Eye Care Center - Pune,Maharashtra,Pune
"18.475, 73.958",18.4752603,73.9577445,2,Shinde Hospital | Mane Deshmukh Hospital,Maharashtra,Pune | Solapur
"18.483, 73.827",18.4828427,73.8271901,2,Chinchanikar Hospital | Prachiti Hospital and Research Center,Maharashtra,Pune
"18.491, 73.825",18.4914674,73.8253649,2,Khenat Hospital and Maternity Home | Vivekanand Medical Foundations Dr Khenat Hospital and Maternity Home,Maharashtra,Pune
"18.491, 73.858",18.4910978,73.8581298,2,Dugad Hospital Pvt Ltd | Shree Balaji Eye Hospital,Maharashtra,Pune
"18.492, 74.023",18.4920458,74.0234863,2,Biniwale Clinic | Npil Dr Golwilkar Labs Pvt Ltd,Maharashtra,Pune
"18.494, 73.852",18.49369425,73.85172639999999,2,Indumati Diabetic And Heart Care Centre | Zore Bal Hospital,Karnataka | Maharashtra,Dharwad | Satara
"18.501, 73.93",18.5013128,73.9301982,2,Poojan Children Hospital and Neonetal Centre | Zenith Hospital,Gujarat | Maharashtra,Ahmedabad | Pune
"18.504, 73.901",18.5042104,73.9014439,2,Fatima Convent Sahyadri Clinic | CIMETs Inamdar Multispeciality Hospital,Maharashtra,Pune
"18.504, 73.92",18.5043882,73.9199564,2,Kausalya Hospital | Sahyadri Hospital Hadapsar,Maharashtra,Pune
"18.508, 73.83",18.5076495,73.8295031,2,Sanjeevan Hospital | Sahyadri Hospital,Maharashtra,Pune
"18.511, 73.818",18.51073385,73.8179384,2,Medilaser Eye Clinic - Pune | Vinayak Netralaya - Pune,Maharashtra,Pune
"18.518, 73.841",18.518329,73.8406428,2,Accurate Diagnostics Pvt Ltd | Gupte Hospital Of Accurate Diagnostics Pvt Ltd,Maharashtra,Pune
"18.518, 73.842",18.5175566,73.84166,2,Shreeyash Hospital | Shree Medical Foundation Prayag Hospital,Maharashtra,Pune
"18.519, 73.852",18.5194431,73.8519356,2,Patil Eye Clinic | Kn Gujar Memorial Hospital And Dr. Gujar Institute Of Medical Sciences - Karad,Maharashtra,Satara
"18.52, 73.867",18.519888,73.867026,2,King Edward Memorial Hospital (Kem Hospital) | Kem Hospital,Maharashtra,Pune
"18.524, 73.865",18.5240566,73.8646945,2,Baddur Clinic | CGHS Dispensary No.4,Karnataka | Maharashtra,Bagalkot | Pune
"18.53, 73.877",18.5302599,73.876847,2,Jehangir Hospital | N.M.Wadia Institute Of Cardiology,Maharashtra,Pune
"18.546, 77.576",18.5458672,77.5762703,2,Patil Rugna Sevalaya and Maternity Home | Sanjivan Multispeciality Hospital,Maharashtra,Nanded
"18.568, 73.851",18.56808045,73.85087905,2,Naik Hospital | Srinivas Children Hospital,Maharashtra,Pune
"18.589, 73.812",18.5894736,73.8119573,2,Siddhi Health Care Center | Bhakti Hospital,Maharashtra,Pune
"18.614, 73.773",18.6141133,73.7726814,2,Ushakiran Eye Hospital | Phoenix Hospital,Maharashtra,Pune
"18.619, 73.798",18.6191874,73.7976431,2,Kaushal Hospital | Siddhi Hospital,Maharashtra,Pune
"18.624, 73.812",18.6239079,73.8124984,2,Amrut Hospital | Natasha Nursing Home,Maharashtra,Pune
"18.629, 73.852",18.6286266,73.8518209,2,Sushrut Hospital | Pataskar Hospital,Maharashtra,Pune
"18.642, 73.796",18.6417909,73.7961718,2,Lohade Hospital | Lokmanya Hospital,Maharashtra,Pune
"18.648, 72.882",18.64830285,72.88189735,2,Dr.Kumthekar's Eye Hospital | Jayashree Hospital,Maharashtra,Raigarh
"18.658, 72.877",18.6584467,72.8766554,2,Anandi Maternity and Child Hospital | Modern Nursing Home and Intensive Care Unit,Maharashtra,Raigarh
"18.701, 81.249",18.7009579,81.2491298,2,N.M.D.C. Appolo Central Hospital | PHC(Bacheli),Chhattisgarh,Dantewada
"18.727, 76.386",18.7271743,76.385803,2,Mandakini Hospital | Nityaseva Hosptial,Maharashtra,Beed
"18.738, 75.312",18.7380109,75.312064,2,Anand Hospital | Ghodke Hospital,Maharashtra,Ahmednagar
"18.779, 83.426",18.7793178,83.4257009,2,Jayasree Hospital | Karshaka Maharshi Hospital,Andhra Pradesh,Vizianagaram
"18.819, 76.11",18.8191649,76.1096608,2,Munde Hospital | Sparsh Maternity and Surgical Hospital,Maharashtra,Beed
"18.826, 74.375",18.8259051,74.3752419,2,Nityaseva Hospital | Walunj Hospital,Maharashtra,Pune
"18.919, 73.328",18.9192249,73.3277223,2,Dhanvantari Nursing Home | Mayur Clinic (Sabne Hospital),Maharashtra,Raigarh
"18.946, 84.582",18.9456083,84.582481,2,Arogyavaram Eye Hospital and Contact Lens Clinic | Mahalaxmi Nursing Home,Andhra Pradesh,Srikakulam
"18.949, 75.335",18.9485435,75.3353875,2,Sukhanjali Hospital | Durga Hospital,Maharashtra,Jalgaon
"18.952, 72.834",18.952263,72.8340598,2,Dholkawalla Maternity Home | The Hussonally Abdulally Dholkawalla Wakf Charity Trust,Maharashtra,Mumbai
"18.953, 72.818",18.952508,72.818199,2,Saifee Hospital,Maharashtra,Mumbai
"18.968, 72.807",18.9681978,72.8072647,2,Jaslok Hospital | Jaslok Hospital And Research Centre,Maharashtra,Mumbai
"18.973, 72.804",18.972711,72.804394,2,"Breach Candy Hospital Trust | Breach Candy Hospital, Mumbai",Maharashtra,Mumbai
"18.975, 72.813",18.9746477,72.8128577,2,Shetty Nursing Home (Shetty Health Services Pvt. Ltd.) | Shetty Nurshing Home,Maharashtra,Mumbai
"18.989, 73.118",18.9894007,73.1175162,2,Ghanate Hospital Panvel | Paramount Medical Services Pvt Ltd,Maharashtra,Raigarh
"18.989, 75.76",18.9890893,75.7600785,2,Chiranjeev Bal Rugnalaya | Shree Maternity and Nursing Home,Maharashtra,Beed
"19.002, 72.842",19.0021567,72.8415793,2,K B H B Charitable Ophthalmic and E.N.T Hospital | Shree Bidada Sarvodaya Trust Hospital,Maharashtra,Mumbai
"19.01, 72.843",19.0099129,72.8426858,2,G S B S Medical Trust | Suprabha Surgicare,Maharashtra,Mumbai
"19.013, 73.017",19.0133957,73.0165529,2,Ashwini Nursing Home- Nerul | Shree Balaji Hospital - Nerul,Maharashtra,Thane
"19.015, 72.858",19.0151285,72.8580644,2,Rotunda Nursing Home | Micro Care Diagnostic Centre,Maharashtra,Mumbai
"19.016, 72.828",19.0158466,72.8279973,2,Asha Surgical and Maternity Home Laparoscopy and Famil | Savla Medical Center,Maharashtra,Mumbai
"19.016, 75.743",19.0156893,75.7429636,2,Netradham Obsessed For Complete Eye Care | Rutuswapn Aarogya Pratisthan / Netradham,Maharashtra,Beed
"19.019, 72.848",19.01891565,72.84818705,2,Akshi Eye Centre | Asmi Arthroscopy and Sports Medicine Institute,Maharashtra,Mumbai
"19.021, 72.838",19.0207984,72.8384577,2,Navneet Jain Health Center | Shree Vardhaman Sthanakvasi Jain Shravak Sangh Dadar Sanchalit Navneet Jain Health Centre,Maharashtra,Mumbai
"19.021, 72.904",19.0208354,72.904425,2,Dr.Bhute Nursing Home | Sai Baba Hospital,Maharashtra,Mumbai
"19.025, 73.042",19.0251178,73.0423421,2,Dr Jairaj Hospital | Dr. Jairaj`S Hospital,Maharashtra,Thane
"19.04, 72.851",19.0402084,72.8508504,2,Bava Medical Centre | Sai Medicure Services Pvt. Ltd. (Sai Hospital),Maharashtra,Mumbai
"19.041, 73.015",19.0409524,73.0150146,2,Aryan Hospital | Ayurvedic Treatment Center,Maharashtra,Thane
"19.044, 73.066",19.0439138,73.0656152,2,Abms Clinic | Nimisha Medical Centre,Maharashtra,Raigarh
"19.048, 72.857",19.0480285,72.857092,2,Dr. Sushil D Nakhates Child Care Centre and Shruti Nursing Home | Lfe Care Hospital - Dharavi,Maharashtra,Mumbai
"19.052, 72.835",19.0515721,72.8346314,2,Lilavati Hospital and Research Center | Lilavati Hospital and Research Centre,Maharashtra,Mumbai
"19.052, 72.931",19.051694,72.930923,2,Dr. Tidke Hospital | Omkar Nursing Home,Maharashtra,Mumbai
"19.054, 72.885",19.0536352,72.8851743,2,Neurogen Brain And Spine Institute | Surana Sethia Hospital and Research Centre,Maharashtra,Mumbai
"19.06, 72.899",19.0597308,72.8989478,2,Aayush Eye Clinic | Aayush Eye Clinic Microsurgery and Laser Centre,Maharashtra,Mumbai
"19.06, 73.014",19.059797,73.0142845,2,Millennium Life Line Hospital and Research Centre | Sanpada General Hopital,Maharashtra,Thane
"19.07, 73.083",19.0703781,73.08287425,2,Tata Memorila Centre Navi Mumbai | Aarya Multispecility Hospital and I C C U,Maharashtra,Raigarh | Thane
"19.072, 73.001",19.0723058,73.0006774,2,Zaveri Eye Clinic | Dhrushti Eye Clinic and Microsourgery Centre - Vashi- Navi Mumbai,Maharashtra,Mumbai | Thane
"19.074, 82.008",19.0740973,82.008014,2,M P M Hospital | Government Medical College,Chhattisgarh,Bastar
"19.076, 72.908",19.0757557,72.9081922,2,Dr Mehta Nursing Home | Jack-N-Jill Nursing Hoe - Ghatkopar -Mumbai,Maharashtra,Mumbai
"19.078, 72.997",19.07813855,72.9969341,2,Dr. Anthony F D Souza | Dr. Kunnure Hospital And Iccu,Maharashtra,Thane
"19.081, 73.0",19.08114905,73.0004943,2,Dharam Hospital | Mandakini Ctscan Centre,Chandigarh | Maharashtra,Chandigarh | Mumbai
"19.083, 72.839",19.0825013,72.8387327,2,Clilical Pathology and Bacteriology Clinic | Day Care Eye Clinic(Dr.S.V.Sharma Eye Clini),Maharashtra,Mumbai
"19.089, 72.908",19.088857949999998,72.90778035,2,Furia's Eye Clinic | Matangi Nursing Home,Maharashtra,Mumbai
"19.094, 74.737",19.0937592,74.7365224,2,Dr. Tamboli Balrugnalaya / Chiranjiv Clinic And Child Development Centre | Hruday Mitra Cardiac Care Unit,Maharashtra,Ahmednagar
"19.097, 72.924",19.0966611,72.9239095,2,Godrej Memorial Hospital,Maharashtra,Mumbai
"19.102, 72.85",19.1020484,72.85001845,2,"Vivek Pathology Laboratory | Dr. Manoj Shah , Fractureaccident - Orthopaedic",Maharashtra,Mumbai
"19.103, 73.007",19.1033194,73.0067258,2,Dr D Y Patil Hospital and Research Center | Padmashree Dr. D.Y. Patil Hospital and Research Centre,Maharashtra,Thane
"19.108, 72.838",19.1083063,72.8382876,2,"Life Care Iccu , Medical and Surgical Emergencies | The Mediheights Shreeji Hospital and Research Center",Maharashtra,Mumbai
"19.109, 72.856",19.108955299999998,72.8559082,2,Kripa Eye Clinic | Shree Ramnath Eye Care,Maharashtra,Mumbai
"19.111, 72.833",19.110608,72.832553,2,Center For Cataract Surgery - Mumbai | The Vission Eye Centre,Maharashtra,Mumbai
"19.113, 73.733",19.1132337,73.7326775,2,Gade Hospital | Bhosle Hospital,Maharashtra,Pune
"19.115, 72.836",19.1145832,72.8358707,2,Dr. Sanjay Soni | Criticare Multispeciality Hospital and Research Centre,Maharashtra,Mumbai
"19.119, 72.872",19.1185922,72.872193,2,Srl Ranbaxy Ltd | Speciality Ranbaxy Ltd,Maharashtra,Mumbai
"19.129, 72.825",19.12872385,72.82483655,2,Sengal Patan Lab | Vijay Opticians,Maharashtra,Mumbai
"19.136, 72.849",19.1364893,72.8488709,2,Dr. Kamats Hospital - Jogeshwari - Mumbai | Dr. Shindes Childrens Hospital And Nicu,Maharashtra,Mumbai
"19.137, 72.917",19.1374852,72.917394,2,Dr. L.H. Hiranandani Hospital | Dr. L H Hiranandani Hospital,Maharashtra,Mumbai
"19.144, 72.824",19.144015,72.82410655,2,Reges Bone And Joint Care Centre | Suman Eye Clinic and Surgery Centre,Maharashtra,Mumbai
"19.144, 72.825",19.143667100000002,72.8248718,2,Dr. Khosla`S Dental Centre | Gandhi Nursing Home,Maharashtra,Mumbai
"19.145, 72.937",19.144628150000003,72.9370665,2,J. K. Child Health Care and Nicu | Jeevan Jyot Hospital,Maharashtra,Mumbai
"19.146, 72.823",19.1455917,72.8229639,2,Pushpa Maternity Home | Sanghvi Hospital (Andheri),Maharashtra,Mumbai
"19.146, 72.935",19.1462749,72.9353872,2,Eye and I Dr.Kolhe's Eye Clinic | I and Eye Dr Kolhes Eye Clinic,Maharashtra,Mumbai
"19.149, 72.997",19.1488782,72.9969872,2,Dr Rajiv Chandras Asha Hospital and Iccu | Dr. Doke's Shraddha Hospital,Maharashtra,Thane
"19.151, 77.309",19.1510311,77.3092565,2,Dhabale Orthopaedic and Dental Hospital | Marathawada Bal Rugnalya,Maharashtra,Nanded
"19.152, 72.944",19.1515624,72.9435765,2,Dr. Raut`S Maternity and Surgical Nursing Home | Diamond Maternity and General Hospital,Maharashtra,Mumbai
"19.155, 77.31",19.1552074,77.3104428,2,Ashwini Critial and Heart Center Pvt.Ltd. | Suvidha Cardiac Centre Pvt. Ltd.,Maharashtra,Nanded
"19.159, 77.308",19.1588441,77.3078406,2,Dr Komawar Hospital | Jayashree Ent and Maternity Nursing Home,Maharashtra,Nanded
"19.16, 77.316",19.1596656,77.315805,2,Om Hospital | Godavari Institute Of Critical Care Medicine Hospital,Maharashtra,Hingoli | Nanded
"19.167, 72.951",19.16735835,72.95091805,2,Holy Trinity Hospital | Lakshmi Nursing Home,Maharashtra,Mumbai
"19.17, 72.958",19.1695809,72.9579077,2,Mahatme  Eye Hospital | Maruti Nursing Home,Maharashtra,Mumbai
"19.173, 72.954",19.1734608,72.9535574,2,Drishti Eye Care Centre | Rpm Aarogya Hospital Private Limited (Chetna Critical Care Unit and Spt Hosp),Maharashtra,Mumbai
"19.174, 72.848",19.1738547,72.8476718,2,Gokul Nursing Home and Iccu | Dr Mandot Modern Clinical Pathology Laboratory,Maharashtra,Mumbai
"19.174, 72.86",19.1737578,72.8597274,2,Gokuldham Medical Centre | Sudha Hospital and Polyclinic,Maharashtra,Mumbai
"19.175, 72.942",19.1747331,72.9419373,2,Padmashree Nursing Home (Mulund) | Aastha Health Care - Mumbai,Maharashtra,Mumbai
"19.176, 72.948",19.1758053,72.9476017,2,Ashirwad Critical Care Unit | Dr. Mukhis Raj Hospital,Maharashtra,Mumbai
"19.176, 72.952",19.1761159,72.9517295,2,Daxini Heart Centre | Prasad Surgical and Children Nursing Home,Maharashtra,Mumbai
"19.183, 72.857",19.1825133,72.8565805,2,Malad Clinical and Pathological Laboratory | Sanjeevani Surgical and General Hospital,Maharashtra,Mumbai
"19.192, 72.835",19.1918191,72.8348753,2,"Fortis Hospitals, Mulund | Fortis Hospital Mulund",Maharashtra,Mumbai
"19.195, 72.965",19.1954727,72.9652491,2,Dhanvantri Childrens Hospital | Dr Subodh Mehtas Advance Orthopedic and Joint Replacement Center,Maharashtra,Thane
"19.198, 72.843",19.1980732,72.8426229,2,Surana Hospital And Research Centre | Bhatia Maternity and Ivf Centre,Maharashtra,Mumbai
"19.199, 72.975",19.1985423,72.9748448,2,Dr.Nalavade Multispeciality Hospital | Janam Hospital,Maharashtra,Thane
"19.21, 72.818",19.2100454,72.8183494,2,Gayatri Maternity and Gynaec Clinic | Gyatri Maternity and Gynaec Clinc,Maharashtra,Mumbai
"19.211, 72.874",19.2114533,72.8737217,2,"Omm Sai Nursing Home - Kandivali, Mumbai | Paramount Ganpati Health Care - Kandivali",Maharashtra,Mumbai
"19.218, 72.978",19.2183307,72.9780897,2,Sahayog Nursing Home | Shiv Om Hospital,Maharashtra,Thane
"19.219, 72.852",19.2187105,72.8522215,2,Lancelot Dialysis Unit | Vasudhan Cosmetic Plastic Surgery Centre,Maharashtra,Mumbai
"19.23, 72.855",19.229882,72.8546175,2,Varachha General Hospital | Smt.Laxmiben Dhanji Devshi Health Centre,Gujarat | Maharashtra,Surat | Latur
"19.237, 72.844",19.2371877,72.8441358,2,Shree Krishna Hospital | M.M.Hospital,Maharashtra,Mumbai
"19.246, 72.851",19.2461644,72.8509056,2,Chhaya Surgical Home | Sohum Eyecare and Oculoplasty Centre,Maharashtra,Mumbai
"19.255, 72.857",19.25510655,72.85699475,2,Shree Arihant Eye Care Centre | Shri K.V.O.Jain Manav Seva Kendra Navneet High -Te,Maharashtra,Mumbai
"19.259, 76.779",19.259248,76.779096,2,Godavari Hospital | Mother Sai Maternity Home,Maharashtra,Parbhani
"19.261, 76.775",19.2609695,76.7747511,2,Deshmukh Hospital | Ratnaprabha Dental Clinic,Maharashtra,Parbhani
"19.28, 72.862",19.28041295,72.8620832,2,Gayatri Maternity and Ear Nose Throat Hospital | Sanjeevani Hospital For Women And Children,Maharashtra,Thane
"19.281, 72.867",19.280583,72.8666866,2,Janak Hospital | Roshni Maternity and Nursing Home,Maharashtra,Thane
"19.285, 72.87",19.2849906,72.8700495,2,Take Care Maternity And Nursing Home | Thunga Hospital Pvt Ltd,Maharashtra,Thane
"19.286, 72.869",19.2856295,72.8693515,2,Deepak Hospital | Tanwar Hospital,Maharashtra,Thane
"19.288, 72.859",19.2879249,72.85919910000001,2,Om Hospital | Umrao Hospital,Maharashtra,Thane
"19.289, 73.034",19.2891713,73.0337355,2,Suman Hospital | Abhimaan Maternity and Surgical Hospital - Thane,Maharashtra,Nashik | Thane
"19.29, 72.86",19.2896128,72.8596712,2,Parmar Nursing Home | Badri-Vishal Polyclinic and Hospital,Maharashtra,Thane
"19.495, 72.86",19.4945979,72.8604097,2,Anand Maternity And Nursing Home - Mumbai | Orbit Super Speciality Hospital,Maharashtra,Mumbai | Thane
"19.551, 74.928",19.5511772,74.9281063,2,Saraswati Hospital | Shri Shaneshwar Gramin Rugnalaya,Maharashtra,Ahmednagar
"19.717, 77.142",19.7171458,77.1423399,2,Dhanwantari Critical Care I C U | Sant Tukaram Hospital And Criticare Centre,Maharashtra,Hingoli
"19.84, 75.247",19.8399697,75.2469262,2,Jeevanjyot Hospital | Awanti Clinic and Nursing Home,Maharashtra,Aurangabad
"19.853, 74.001",19.8530593,74.0006328,2,Gare Hospital | Siddhivinayak Super Speciality Hospital - Nasik,Maharashtra,Nashik
"19.876, 73.845",19.8762883,73.8448469,2,Dr.Joshi Hospital | Swadi Hospital,Maharashtra,Nashik
"19.893, 75.319",19.8930198,75.3185466,2,"Col. Sir. R.N. Chopra Nursing Home | Govt Medical College Hospital ,Jammu",Jammu and Kashmir,Jammu
"19.952, 79.298",19.9519005,79.2976855,2,Agrawal Nursing Home | Shobha Health Care and Dialysis Hospital,Maharashtra,Chandrapur
"19.958, 79.288",19.9579215,79.2882455,2,Anande Hospital | Dr. Wasnik Hospital,Maharashtra,Chandrapur
"19.972, 73.757",19.9722057,73.756976,2,Aashirwad Hospital | Usha Hospital,Maharashtra,Nashik
"19.983, 73.847",19.9834934,73.8474084,2,"Devika Nursing Home, Sindhi Colony, Station Road, Durg | Shristi Institute Of Medical Science And Research Center",Chhattisgarh,Korba
"19.987, 73.783",19.9872146,73.7825499,2,Dr. Ganorkars Fracture Treatment Centra and Maternity Home | Shreeya Hospital,Maharashtra,Nashik
"19.992, 73.794",19.992092200000002,73.79355874999999,2,Sahyadri Speciality Hospital- Nashik. | Wockhardt Hospitals,Maharashtra,Nashik
"20.001, 73.777",20.0010407,73.7767097,2,Dr. Satish Patil | Suyash Hospital,Maharashtra,Nashik
"20.006, 73.793",20.0058802,73.7933809,2,Dr. Upasani Maternity and Nursing Home | Sanjeevani Criticare And Research Centre Pvt Ltd,Maharashtra,Nashik
"20.052, 73.789",20.0520829,73.7886066,2,Gajre Hospital Neuro Centre | Sai Pushpa Hospital,Maharashtra,Jalgaon
"20.389, 72.911",20.3893155,72.9106202,2,Haria L. G. Rotary Hospital | Abhyankars Hospital,Gujarat,Valsad
"20.393, 72.896",20.3933749,72.8961431,2,Aadit Hospital | Chc Vaapi,Gujarat,Valsad
"20.454, 74.997",20.4542184,74.9974444,2,"Om Netralaya And Dental Clinic | Saraswati Hospital, Jalgoan",Maharashtra,Jalgaon
"20.464, 74.997",20.4640778,74.9968543,2,Stree Chaitanya Maternity and Surgical Nursing Home | Vijay Hospital,Maharashtra,Jalgaon
"20.513, 72.949",20.5131604,72.9486001,2,Pardi Hospital | Chc Pardi,Gujarat,Valsad
"20.774, 73.361",20.7744629,73.3607258,2,Sooraj Hospital | Suraj Hospital,Gujarat,Navsari
"20.774, 73.498",20.7737289,73.4975656,2,Chc Waghai | Shri Om Sairam Clinic,Gujarat,Navsari
"20.848, 81.261",20.8481946,81.2605577,2,Pushpa Hospital | Sanjivani Hospital,Chhattisgarh,Durg
"20.896, 74.762",20.8955207,74.7622886,2,Apurva Critical Care | Tushar Hospital,Maharashtra,Dhule
"20.904, 74.756",20.9036087,74.7559189,2,Jawahar Medical College | Tajnaksh Healthcare,Maharashtra,Dhule
"20.908, 77.77",20.908462,77.7695066,2,Ashirwad Nursing Home | Vatsalya Nursing Home,Maharashtra,Amravati
"20.914, 72.832",20.913777,72.832216,2,Chc - Maroli | Chc - Mandir,Gujarat,Navsari
"20.921, 77.756",20.9207512,77.755937,2,Dr. Ashish Masankar | Galaxy Hospital and Apex Critical Care,Maharashtra,Amravati
"20.926, 77.752",20.9255627,77.75233245000001,2,Rathi Hospital | Shri Amba Maternity and Surgical Hospital,Maharashtra,Amravati
"20.929, 77.797",20.9285946,77.7969757,2,Dr. Barabde Hospital and Critical Care Unit | Ultra Sound Clinic (Dr. Barabde),Maharashtra,Amravati
"21.009, 75.555",21.009089799999998,75.55503049999999,2,Sheetal Hospital | Shree Samarth Mansopchar Hospital,Maharashtra,Jalgaon
"21.012, 75.558",21.0116488,75.5582376,2,Dr. Datar E.N.T. Hospital | Manshanti Hospital,Maharashtra,Jalgaon
"21.037, 75.064",21.0370122,75.0638298,2,Amar Hospital | Ganesh Hospital,Maharashtra,Jalgaon
"21.113, 73.389",21.1125619,73.3885526,2,Kalidas Hospital | Shreeji Eye Hospital,Gujarat,Tapi
"21.117, 79.054",21.1169805,79.0541319,2,Kalptaru Maternity and Surgical Nursing Home | Shri Vyankatesh Multispeciality Hospital,Maharashtra,Nagpur
"21.117, 79.072",21.1173186,79.0718621,2,Dharmadhikari Hospital | Dr V E Tambe Critical Care Unit,Maharashtra,Nagpur
"21.123, 79.063",21.1228115,79.0625156,2,Ankit Nirsing Home | Torney Maternity Nursing Home,Maharashtra,Nagpur
"21.131, 79.098",21.1312503,79.0975962,2,Cph Centre Point Hospital and Medical Research Institute Pvt. Ltd. | Ram Netralaya,Maharashtra,Nagpur
"21.132, 79.077",21.1322929,79.0773139,2,Dadasaheb Lanjewar Hospital | Sud Surgical And Maternity Hospital,Maharashtra,Nagpur
"21.134, 79.081",21.1343323,79.0809789,2,Rnh Hospital | Rathi Nursing Home,Maharashtra,Nagpur
"21.135, 79.076",21.13484425,79.07572875,2,Dr. S M Patil Medical Nursing Home | Shanta Spine Institute,Maharashtra,Nagpur
"21.136, 79.069",21.13573405,79.0689229,2,Central Neurological Institute | Karandikar Maternity And Nursing Home,Maharashtra,Nagpur
"21.136, 79.077",21.1355004,79.0770625,2,Anjani Eye Hospital | Late Dr Anjani Mokadam Memorial Charitable Trust Anjani Eye Hospital,Maharashtra,Nagpur
"21.143, 79.107",21.1433091,79.1068667,2,Sawarkar Multi Speciality Hospital | Dr Sawarkars Multi Speciality Clinical Care Hospital,Maharashtra,Nagpur
"21.145, 79.083",21.1453998,79.0831649,2,Dr. Mangala Ketkar | Ketkar Nursing Home,Maharashtra,Nagpur
"21.166, 72.813",21.16596495,72.81332280000001,2,Purnima Clinic | Amruta Hospital,Gujarat,Surat
"21.168, 79.054",21.1679049,79.0542289,2,CGHS Dispensary No.2 | CGHS Dispensary No.\n2A,Maharashtra,Nagpur
"21.183, 72.83",21.1832575,72.8302061,2,Trupti Heart and Medical Hospital | Surat Health Service Pvt Ltd,Gujarat,Surat
"21.184, 79.117",21.1838991,79.1170673,2,Ambade Eye Hospital | Harshal Maternity Nursing Home,Maharashtra,Nagpur
"21.186, 79.071",21.1858034,79.0705042,2,Awadh Clinic and Nursing Home | Avadh Clinic and Nursing Home,Maharashtra,Nagpur
"21.19, 72.814",21.1901099,72.8139369,2,Nupur General Hospital | Kadhiwala Orthopaedic Hospital,Gujarat,Surat | Valsad
"21.192, 72.8",21.192093649999997,72.79988355,2,Apple Hospital | Prarthana Maternity and Nursing Home,Gujarat,Ahmedabad | Surat
"21.193, 81.283",21.1928238,81.282749,2,Naik Nursing Home | Vardhman Hospital,Chhattisgarh,Durg
"21.194, 81.351",21.1938475,81.3509416,2,Bhilai Nursing Home | Revival Medical Centre,Chhattisgarh,Durg
"21.204, 72.841",21.2041104,72.8412563,2,Desai Hospital | Navdeep Hospital,Gujarat,Banas kantha
"21.207, 72.797",21.2067365,72.7970535,2,Aastha Surgical Hospital | Lady Care Hospital,Gujarat,Surat
"21.211, 81.298",21.2110753,81.2979888,2,Amrit Kalash Hospital | Shree Balaji Hospital,Chhattisgarh,Durg
"21.213, 81.651",21.2134248,81.6514524,2,Sanjeevani Cbcc Usa Cancer Hospital | Narayana Hrudayalaya Mmi Hospital (Managed By Narayana Hrudayalaya Pvt Ltd - Bangalore) - Raipur,Chhattisgarh,Raipur
"21.217, 72.866",21.2174566,72.8664993,2,Vrindavan Hospital | Sanskar Children Hospital,Gujarat,Surat
"21.233, 81.635",21.233314,81.6350172,2,Bagdi Nursing Home | Janaswamy Foundation (Janaswamy Eye Clinic),Chhattisgarh,Raipur
"21.238, 81.665",21.2377647,81.6651457,2,Maa Sharda Nursing Home | Karma Hospital,Chhattisgarh,Raipur
"21.249, 81.654",21.2494064,81.6538489,2,Jeewan Memorial Hospital For Plastic Surgery and Uro | Tripathi Hospital,Chhattisgarh,Raipur
"21.252, 81.641",21.2517979,81.6407956,2,Suprita Hospital | Pt.J N M Medical College,Chhattisgarh,Raipur
"21.259, 81.645",21.2589304,81.6446049,2,Jubesta Hospital,Chhattisgarh,Raipur
"21.278, 77.524",21.2779007,77.5242089,2,Rawat Accident Hospital | Sarla Maternity and Surgical Nursing Home,Maharashtra,Amravati
"21.381, 79.746",21.3809616,79.74585450000001,2,Bhure Maternity and Children Hospital | Kochar Nursing Home,Maharashtra,Bhandara
"21.448, 80.194",21.4476204,80.1944807,2,B J Hospital and Research Institite | Balaji Nursing Home,Maharashtra,Gondia
"21.597, 71.223",21.5965827,71.2233524,2,Harikrishna Childran Hospital | Madhav Orthopaedic Hospital,Gujarat,Amreli
"21.641, 69.614",21.6412697,69.6136479,2,Arpan Maternity Hospital | Shrey Hospital and Icu,Gujarat,Porbandar
"21.714, 73.032",21.7142143,73.0316727,2,Harihar Hospital | Shri A T Shah Ayur Sarv Hospital,Gujarat,Bharuch
"21.719, 73.15",21.719148,73.1497549,2,Kasturba Hospital | Seva Rural Trust Hospital,Gujarat,Bharuch
"21.769, 72.144",21.7686046,72.1443199,2,Om Ent and Sinus Clinic | Lakhani Children Hospital,Gujarat,Bhavnagar
"21.813, 80.184",21.812876,80.1838293,2,Balaghat Hospital | Kevin Hospital,Madhya Pradesh,Balaghat
"21.833, 75.633",21.8329311,75.6333537,2,"Shada Hospital | Vijaylaxmi Hospital And Research Centre,",Madhya Pradesh,Khargone
"21.834, 75.615",21.8335244,75.6149893,2,District Hospital | Rogi Kalyan Samiti Distict Hospital,Madhya Pradesh,Khargone
"21.843, 76.356",21.8434782,76.3564929,2,Shubham Hospital | Shubam Hospital,Madhya Pradesh,Khandwa
"21.87, 73.503",21.8699113,73.5028274,2,Rajpipla Public Hospital | Usha Maternity and Surgical Hospital,Gujarat,Narmada
"21.911, 77.901",21.9108031,77.9011842,2,Lashkare Hospital | Padhar Hospital,Madhya Pradesh,Betul
"22.069, 81.686",22.0685419,81.6856808,2,Christian Hospital | Sukhnandan Hospital,Chhattisgarh,Mungeli
"22.085, 82.15",22.085048,82.15016395,2,Jachman Memorail Mission Hospital | R. B. S. Hospital,Chhattisgarh,Bilaspur
"22.172, 73.581",22.1715494,73.5814967,2,Chc- Sankheda | Shree Jalaram Eye And General Hospital,Gujarat,Vadodara
"22.176, 76.068",22.1764007,76.068199,2,Holy Cross Maternity Hospital | Jain Hospital,Madhya Pradesh,Khargone
"22.267, 70.8",22.2667609,70.799588,2,H. J Doshi Sarvajanik Hospital And Medical Resear | Harilal Jechand Doshi Sarvajanik HospitalandMedical,Gujarat,Rajkot
"22.276, 70.8",22.276491,70.8002882,2,Nakshatra Children Hospital | Shivani Hospital,Gujarat,Rajkot
"22.289, 70.799",22.2888967,70.7992173,2,Darshan Eye Care Centre | Savjiani Medico Pvt. Ltd. (Darshan Eye Care Clinic and Phaco Centre),Gujarat,Rajkot
"22.29, 70.798",22.2901202,70.7983502,2,Dhruva Eye Hospital | Parth Hospital,Gujarat,Rajkot
"22.294, 70.792",22.2936308,70.7918496,2,Dastur Hospital | Thanky Hospital,Gujarat,Rajkot
"22.301, 70.768",22.3013432,70.7677375,2,Retina Hospital | Ashka Maternity Homeand Surgical Hospital,Gujarat,Rajkot
"22.301, 73.23",22.3008284,73.2300986,2,Anuja Surgical Hospital | Indrapuri Hospital,Gujarat,Vadodara
"22.303, 73.202",22.3027535,73.2021766,2,Chintamani Orthopaedic Hospital | Dr. Anand Sudalkars Eye Clinic And Retinal Laser Centre,Gujarat,Vadodara
"22.307, 70.792",22.3074223,70.7916183,2,Dristhy Hospital | Mathur Hospital,Gujarat,Rajkot
"22.307, 73.196",22.3066529,73.1958506,2,Dr Thakorbhai V Patel Eye Institute and Sheth M L Vaduwala E | Sheth M. L. Vaduwala Eye Hospital,Gujarat,Vadodara
"22.31, 73.17",22.3096323,73.1695637,2,Hi-Tech Eye Surgery Clinic | New Vision Laser Centers,Gujarat,Vadodara
"22.313, 73.202",22.312796,73.202328,2,A Super Speciality Orthopaedics Hospital | Viroc A Super Speciality Orthopaedic Hospital,Gujarat,Vadodara
"22.314, 70.791",22.3144697,70.7905408,2,Pandit Deendayal Upadhyay Medical College (P.D.U Medical College) | Christ Hospital,Gujarat,Rajkot
"22.331, 72.623",22.3308288,72.6234847,2,Cardiac Care Center | Shri Maneklal Mohanlal Parikh Cardiac Care Centre,Gujarat,Anand
"22.344, 73.176",22.344005250000002,73.1760568,2,Ankur Children Hospital | Smita Surgical Clinic,Gujarat,Vadodara
"22.358, 73.167",22.358201049999998,73.16734875,2,Chc- Chhani | Satyam Hospital - Valpoi Sattari,Gujarat,Vadodara
"22.458, 70.066",22.457549,70.0663884,2,Oshwal Hospital | Smt.Maniben Vaghjibhai Shah Oshwal Hospital,Gujarat,Jamnagar
"22.489, 72.658",22.4888038,72.6579865,2,CHC Tarapur | Jamna Hospial,Gujarat,Anand
"22.506, 73.472",22.5063722,73.4718525,2,K.S.Sheth Sarvajanik Prasutigruh P.M.Parikh Gener | Malay Medical and Heart Hospital,Gujarat,Panchmahal
"22.539, 72.72",22.5388801,72.7200608,2,C. C. Patel Sarvajanik Hospital | CHC -Sojitra,Gujarat,Anand
"22.548, 72.925",22.5476561,72.9251379,2,Late Sarpanch V.P. Patel Memorial Hospital. Municipal Borough Hospital | S. G. Patel Ayurveda Hospital,Gujarat,Anand
"22.549, 72.929",22.5485948,72.9290413,2,Arpita Nursing Home | Kaival Hospital,Gujarat,Anand
"22.636, 75.811",22.6363845,75.8106927,2,Dr.P.S. Hardia Advanced Eye Surgery and Research Ins | Indore Cancer Foundation,Madhya Pradesh,Indore
"22.682, 72.875",22.681839,72.8754141,2,Dr Jayant Shah Hospital | Dr Solanki Hospital,Gujarat,Kheda
"22.687, 72.87",22.6865365,72.8698618,2,Aaradhna Hospital | Dr. K. V. Modi,Gujarat,Kheda
"22.689, 75.833",22.6891947,75.8330591,2,Gaur Nursing Home | Akanksha Nursing Home,Haryana | Madhya Pradesh,Kurukshetra | Indore
"22.69, 75.844",22.690303,75.843557,2,Aashirwad Nursing Home | Ashirwad Maternity and Nursing Home,Madhya Pradesh,Indore
"22.692, 72.843",22.6921892,72.8425277,2,Keya Hospitals | Prarthana Hospital,Gujarat,Kheda
"22.696, 75.855",22.6957659,75.8547941,2,Choithram Hospital and Research Centre,Madhya Pradesh,Indore
"22.7, 72.849",22.7001357,72.8485635,2,Ddmm Heart Institute | D D M M Institute Of Cardiology,Gujarat,Kheda
"22.701, 75.87",22.70131085,75.87011774999999,2,Centre For Skin And Venirial Diseases | Matrum Hospital and Maternity Home,Madhya Pradesh,Indore
"22.713, 75.841",22.7125956,75.8411395,2,Indore Netra Chikitsalay | Indore Eye Hospital,Madhya Pradesh,Indore
"22.713, 75.875",22.7125132,75.8754389,2,Vision Centre | Gurjar Hospital and Endoscopy Centre,Madhya Pradesh,Indore
"22.716, 75.856",22.7163974,75.8559145,2,Dr. R. N. Jaiswal | Gangwal Hospital,Madhya Pradesh,Indore
"22.718, 75.878",22.717870599999998,75.8780656,2,Ent Hospital and Research Center | Dr. Aditya Agarwal Eye Site,Madhya Pradesh,Indore
"22.719, 75.876",22.71929,75.875857,2,Dr Kailash Singh Nursing Home | Suraj Vision Centre,Madhya Pradesh,Indore
"22.72, 75.882",22.7203646,75.8823457,2,Global Sng Hospital - Indore | Sng Hospital,Madhya Pradesh,Indore
"22.721, 75.893",22.721423,75.893038,2,"Lahoti Medicare Pvt Ltd., | Medicare Hospital and Research Centre",Madhya Pradesh,Indore
"22.724, 75.897",22.7235035,75.8970307,2,Disha Fertility and Surgical Centre | K D Care Hospital,Madhya Pradesh,Indore
"22.726, 75.818",22.7264301,75.8178424,2,Geetanjali Hospital | Citizen Hospital,Madhya Pradesh,Indore
"22.731, 75.877",22.731337,75.876914,2,"G.K. Max Hospital , Indore | Greater Kailash Hospital",Madhya Pradesh,Indore
"22.734, 75.89",22.7341777,75.89017355,2,Vidhya Nursing Home | Life Line Hospital,Madhya Pradesh,Indore
"22.756, 75.9",22.7559912,75.8995044,2,Allied Dignostic Center and Blood Bank | Ashish Nursing Home,Madhya Pradesh,Indore
"22.764, 75.886",22.7643177,75.88604055,2,Rajshree Hospitals | Life Care Hospital,Madhya Pradesh,Indore
"22.791, 86.166",22.7907697,86.1661178,2,Nu-Life Nursing Home | Shiva Nursing Home,Jharkhand,West Singhbhum
"22.816, 70.829",22.8158929,70.8294617,2,"Jivandeep Hospital | Parth Hospital, Morbi",Gujarat,Rajkot
"22.819, 72.941",22.8187034,72.9410302,2,Lucky Hospital | Chc Mahudha,Gujarat,Kheda
"22.832, 74.263",22.8317208,74.2634159,2,Ashirwad Hospital | Chirayu Hospital,Gujarat,Dahod
"22.833, 69.356",22.8334196,69.3555988,2,Gauri Hospital - Maternity Home and Sonagraphy Centre | Harsh I.C.U and Neelam Hospital,Gujarat,Kachchh
"22.981, 72.599",22.980950149999998,72.5988403,2,"Dr, Nayan V Shah Surgical Hospital | Harshil Medical Nursing Home",Gujarat,Ahmedabad
"22.983, 71.474",22.9832248,71.474461,2,Om Surgical and Nursing Home | Ved Hospital and Maternity Home,Gujarat,Surendranagar
"22.993, 72.596",22.9926277,72.5963139,2,Eva Women's Hospital and Gynaec Endoscopy Centre | Shilp Orthopaedics And Trauma Centre,Gujarat,Ahmedabad
"22.994, 72.613",22.9943678,72.6131219,2,Killol Children Hospital | Raj Ent Hospital,Gujarat,Ahmedabad
"22.997, 72.608",22.9973381,72.6080444,2,Ashirwad Children and Eye Hospital | V and M Orthopaedic Centre,Gujarat,Ahmedabad
"23.006, 72.533",23.0057242,72.5329318,2,Sankalp Eye Hospital | Shridhaj Orthopaedic Hospital,Gujarat,Ahmedabad
"23.026, 72.562",23.0262331,72.5623124,2,Smt.NHL Municipal Medical College | C.H.Nagri Eye Hospital,Gujarat,Ahmedabad
"23.027, 72.522",23.0273062,72.5217587,2,Tulip Women's Hospital | Matulya ENT Clinic,Gujarat,Ahmedabad
"23.035, 72.566",23.0348708,72.5663963,2,Samved Orthopaedic Hospital | Sanjivani Eye Hospital and Phaco Centre,Gujarat,Ahmedabad
"23.039, 72.64",23.0388245,72.6401135,2,Ano Care Hospital | Hari Krishna Uro Surgical Hospital,Gujarat,Ahmedabad
"23.046, 72.534",23.046168,72.533821,2,Gurukul E.N.T. Hospital | Milan Orthopaedic and Fracture Hospital,Gujarat,Ahmedabad
"23.046, 72.542",23.0455997,72.5421714,2,Livewell Pain Clinic | Jaydeep Hospital,Gujarat,Ahmedabad
"23.051, 72.562",23.0505421,72.5618768,2,Chirag Surgical Hospital | Radhaswami Nursing Home,Gujarat,Ahmedabad
"23.053, 72.526",23.0528734,72.5257004,2,Indus Hospital And Iccu Pvt Ltd | Newage Medicare,Gujarat,Ahmedabad
"23.054, 72.546",23.0543323,72.545606,2,Devi Hospital | Shruti Maternity and Surgical Nursing Home,Gujarat,Ahmedabad
"23.057, 72.557",23.0569687,72.5574046,2,Nidhi Eye Hospital | Asha Maternity Hospital,Gujarat,Ahmedabad
"23.057, 72.561",23.0568889,72.5607879,2,Samata Hospital Pvt.Ltd - Ahmedabad | Dr.Saurabh Shah Orthopaedic Hospital,Gujarat,Ahmedabad
"23.058, 72.55",23.0578255,72.5495996,2,Modi Eye Care | Umiya Surgical Hospital,Gujarat,Ahmedabad
"23.062, 72.566",23.062385,72.5663858,2,Life Lie Children and Healthcare Hospital Pvt. Ltd. | Satyam Urology and Kidney Hospital Pvt. Ltd.,Gujarat,Ahmedabad
"23.065, 72.643",23.065368,72.643426,2,Rudraksh Hospital,Gujarat,Ahmedabad
"23.067, 72.562",23.0673225,72.5623968,2,Manshi Multispeciality Hospital | Navjivan Maternity and Orthopaedic Hospital,Gujarat,Ahmedabad
"23.113, 72.576",23.1126977,72.5759444,2,CHC Chandkheda,Gujarat,Ahmedabad | Gandhinagar
"23.154, 75.803",23.1540107,75.8025492,2,G.D.Birla Memorial | Shree G .D Bira Memorial Health Center,Madhya Pradesh,Ujjain
"23.16, 79.921",23.16022005,79.92103589999999,2,Dashmesh Hospital and Research Center | Ashish Hospital,Madhya Pradesh,Jabalpur
"23.163, 79.937",23.1632475,79.9369993,2,Ayushman Childrens Hospital | Jabalpur Hospital Research Centre,Madhya Pradesh,Jabalpur
"23.172, 79.915",23.1724758,79.9150724,2,Rama Chatterjee Nuring Maternity Home Frature and Ac | Saket Nursing Home,Madhya Pradesh,Jabalpur
"23.215, 77.429",23.214548,77.4293184,2,Meenakshi Hospital | Ajwani Eye Tech Centre,Madhya Pradesh,Bhopal
"23.215, 77.439",23.2153589,77.4393601,2,National Hospital For Heart and Critical Care | Sushma Hi-Tech Intensive Care Hospital and Research,Madhya Pradesh,Bhopal
"23.217, 72.642",23.216719,72.6421769,2,Tej Care Center | Shri Ram Hospital,Gujarat | Haryana,Gandhinagar | Panchkula
"23.218, 77.394",23.218288,77.3941654,2,Sharda Hospital and Diagnostic Center | Shukla Hospital and Maternity Home,Madhya Pradesh,Bhopal
"23.24, 77.406",23.2404899,77.4063625,2,Faith and Hope Hospital | Peoples General Hospital Pvt Ltd,Madhya Pradesh,Bhopal
"23.251, 77.463",23.25054605,77.4627756,2,Anantshree Multispeciality Hospital | Bhopal Memorial Hospital and Research Center,Madhya Pradesh,Bhopal
"23.264, 77.394",23.2636437,77.3937193,2,"L.B.S Hospital` | Shrinath Nursing Home,Indore",Madhya Pradesh,Bhopal
"23.271, 77.381",23.2713688,77.3812494,2,Ankur Maternity And Nursing Home | Jawaharlal Nehru Cancer Hospital and Research Centre,Madhya Pradesh,Bhopal
"23.277, 77.415",23.2769379,77.4153597,2,Agrawal Hospital | Suditi Hospital - Bhopal,Madhya Pradesh,Bhopal
"23.278, 77.403",23.2782364,77.4034124,2,Ajwani Eye Hospital | Apex Hospital,Madhya Pradesh,Bhopal
"23.298, 72.331",23.29785,72.3310025,2,Asharafi Dispensary | Jivandeep Orthopaedic Hospital,Gujarat,Mahesana
"23.33, 75.045",23.3301488,75.0447506,2,Chahar Trma Centre | Samarpan Hospital And Research Centre,Madhya Pradesh,Ratlam
"23.348, 85.851",23.3484396,85.8511827,2,Silli Nursing Home | PHC Silli,Jharkhand,Ranchi
"23.364, 85.35",23.3644346,85.3497794,2,Capital Hospitaland Reserch Centre | Ranchi Surgicare Centre,Jharkhand,Ranchi
"23.367, 85.325",23.3666425,85.3248851,2,"Pushpdeep Trauma,Replacement And Spine Clinic | Shrishti Nursing Home",Bihar,Bhagalpur
"23.373, 85.339",23.373434,85.338819,2,Debuka Nursing Home | Kamal Eye Clinic,Jharkhand,Ranchi
"23.374, 85.337",23.373572,85.3371531,2,K. C. Roy Memorial Hospital | Krishna Nursing Home,Jharkhand,Ranchi
"23.392, 85.352",23.391997,85.352257,2,Jharkhand Eye Bank Hospital and Reserch Centre | Rahat Nursing Home,Jharkhand,Lohardaga
"23.398, 85.355",23.3980889,85.3549568,2,Sanjeevani Nursing Home | Surya Hospital and Research Centre,Jharkhand,Lohardaga
"23.405, 85.485",23.4051886,85.4852488,2,PHC Angara | Rupsona Hospital and Research Centre,Jharkhand,Ranchi
"23.435, 85.321",23.4345371,85.321376,2,Kanke General Hospital And Research Centre Pvt Ltd | PHC Kanke,Jharkhand,Ranchi
"23.459, 85.092",23.4586973,85.0921648,2,Mandar Referral Hospital | Holly Family Hospital,Jharkhand,Ranchi
"23.561, 72.751",23.5609405,72.7510921,2,Parnasha Surgical Hospital | Swami Ramanand Saraswati T B Clinic and General Hos,Gujarat,Mahesana
"23.573, 85.132",23.5734821,85.1317295,2,Gandhi Nursing Home | PHC Burmu,Jharkhand,Ranchi
"23.594, 72.962",23.5936894,72.9617257,2,Vrundavan Eye Hospital | Ashay Eye Hospital,Gujarat,Ahmedabad | Sabar kantha
"23.627, 85.521",23.6271925,85.521097,2,Aman Pathological Lab | Narayan Seva Sadan,Jharkhand,Ramgarh
"23.644, 86.131",23.6437787,86.1314871,2,Shanti Health Care Hospital | Surgy Centre Maternity Cum Nursing Home,Jharkhand,Bokaro
"23.645, 86.136",23.6454162,86.1357423,2,Prudence Hospital | Surgery Center,Jharkhand,Bokaro
"23.696, 72.542",23.695974,72.5419263,2,Dr. Dahyabhai Patel Clinic | Sanjivini Charitable Trust and Aapi Hospital,Gujarat,Mahesana
"23.833, 80.397",23.8325328,80.3971781,2,G.K Hospital and Endosurgery Centre | Gurukripa Hospital and Endosurgery Centre,Madhya Pradesh,Katni
"23.851, 78.787",23.8514011,78.7869335,2,Janak Nursing Home | Narayan Hospital,Madhya Pradesh,Sagar
"24.155, 83.8",24.1548982,83.7995617,2,Garhwa Nursing Home | Gulab Hospital,Jharkhand,Garhwa
"24.16, 72.433",24.159609,72.4326297,2,Lions Club Of Charitable Trust | Shubh Jayanti Lions Orthopaedic Hospital,Gujarat,Banas kantha
"24.172, 72.435",24.1717485,72.4350053,2,Isha Heart and Medical Hospital | Vatsalya Maternity and Gynaec Hospital,Gujarat,Banas kantha
"24.172, 72.437",24.1721621,72.4372801,2,Palanpur Female Hospital | Zaveri Mangalji Vamalshi Dispensary andShree L.L.Parikh and Shri C.L.Parikh Hospital,Gujarat,Banas kantha
"24.197, 86.283",24.1972055,86.2828018,2,Navjeevan Nursing Home | Navdeep Clinic,Jharkhand,East Singhbhum | Giridih
"24.208, 84.654",24.2084411,84.6535984,2,"PHC, Pratappur | Shri Ram Sevasadan",Jharkhand,Chatra
"24.331, 72.852",24.3310019,72.8516531,2,Pushpak Hospital | Amar Hospital,Gujarat,Surat | Vadodara
"24.442, 84.592",24.4417581,84.5915294,2,Sanjevani Nursing Home | Rog Nidan Charitable Hospital,Bihar,Gaya
"24.56, 84.799",24.5595131,84.7994271,2,Dr. Kundu Poly Clinic | Rishav Nursing Home,Bihar,Gaya
"24.576, 80.842",24.5760876,80.8419307,2,Dr Jha Hospital | Joy Care Center,Madhya Pradesh,Satna
"24.58, 80.853",24.5803188,80.852989,2,Keerti Orthopaedic Home | Netra Jyoti Micro Surgery Eye Hospital and Contact Lens Centre,Madhya Pradesh,Satna
"24.59, 73.7",24.5897924,73.7002436,2,New Pragathi Nursing Home | Santhathi Infertility and Maternity Center,Karnataka,Mandya
"24.653, 85.505",24.6532356,85.5045711,2,Bharti Nursing Home | Laxmi Nursing Home,Bihar,Patna | Nawada
"24.746, 78.832",24.7456147,78.8320779,2,Christian Hospital | Matritva Maternity Home,Madhya Pradesh,Chhatarpur | Tikamgarh
"24.788, 84.987",24.7881685,84.98742195,2,Haddy Hospital and Art Center | Orthopadic Center,Bihar,Gaya
"24.789, 84.995",24.7890344,84.9950793,2,Abhineet N H and Research Centre | Al-Zahir Navjeevan Hospital and Reasearch Center,Bihar,Gaya
"24.896, 79.587",24.8956533,79.5867703,2,Dr. M.R. Bhagwat Memorial Hospital | Kalda Plastic and Cosmetic Surgery Institute and Burn Centre,Chhattisgarh,Raipur
"24.949, 84.013",24.9489545,84.0134408,2,Bindawasini N Home | Hands Clinic,Bihar,Rohtas
"25.18, 85.511",25.1803482,85.5108935,2,Khushboo Hospital | Sharwan Poly Clinic,Bihar,Nalanda
"25.199, 85.53",25.1992111,85.5295189,2,Sharda Laxmi Surgery Centre | Dr Ashwani Ent Hospital,Bihar,Nalanda
"25.243, 86.975",25.2427952,86.9754441,2,Dr. Hemant Kumar Das | Angika Nursing Home,Bihar,Banka | Bhagalpur
"25.252, 86.984",25.2519508,86.9839293,2,Satyam Matri Shishu Kendra | Sharda Hospital,Bihar,Bhagalpur
"25.327, 84.801",25.3271021,84.8007315,2,Ekram Nursing Home | Lord Buddha Research Hospital,Bihar,Patna
"25.336, 83.6",25.3359129,83.5995013,2,Sumitra Seva Sadan | Savitri Seva Sadan,Bihar,Vaishali
"25.396, 85.918",25.3961861,85.917677,2,Nazareth Hospital | U.S.Hospital,Bihar,Patna
"25.506, 86.482",25.5060221,86.4824208,2,Manju Poly Clinic | Raj Hospital And Research Centre,Bihar,Khagaria
"25.56, 84.668",25.5604346,84.6678542,2,Heera Surya Nursing Home | Orthopaedics Clinic,Bihar,Bhojpur
"25.598, 85.204",25.5977535,85.204372,2,Akriti Nursing Home | Magadh Nursing Home,Bihar,Patna
"25.605, 85.085",25.6049962,85.0846588,2,Hai Medicare and Research Institute | Getwell Hospital,Bihar,Patna
"25.606, 85.165",25.6062727,85.1650548,2,Magadh Hospital | Antar Jyoti Charitable Eye Hospital,Bihar,Patna
"25.609, 85.158",25.6090586,85.1583778,2,Magadh Hospital | Shahi Hospital (A Unit Of Abhishek Memorial Trust),Bihar,Patna
"25.609, 85.162",25.6094014,85.1615998,2,Ashutosh Nursing Home | Dr. Nirmala Rai,Bihar,Gaya | Patna
"25.75, 86.038",25.7495914,86.0379079,2,Lifeline Hospital | Mishra Nursing Home,Bihar,Samastipur
"25.864, 85.176",25.8639603,85.1764491,2,Chetnarayan Maternity Home | Stone Clinic and Modern Surgery Centre,Bihar,Vaishali
"25.873, 86.579",25.8733282,86.5791485,2,Mahaveer Hospital and Orthocare Centre | Ugratara Netra Chikitsalaya Hospital,Bihar,Saharsa
"26.116, 85.93",26.115861,85.9300161,2,"R B Memorial Hospital | Anant Arogya Neketan ,",Bihar,Darbhanga
"26.129, 85.375",26.1291321,85.3746527,2,Sight Care | Standard Diagnostics,Bihar,Muzaffarpur
"26.129, 85.376",26.1288636,85.3755816,2,Sanjeevani Clinic and Nursing Home | Healthy Home,Bihar,Muzaffarpur
"26.129, 85.905",26.1293757,85.904578,2,Arora Nursing Home | Satya Sai Nursing Home,Bihar,Darbhanga
"26.132, 86.611",26.1317087,86.6107106,2,Anant Nursing Home | Goyet Clinic,Bihar,Supaul
"26.162, 91.77",26.1620495,91.7697044,2,Nemcare Hospital | Guwahati Medical College Hospital,Assam,Kamrup
"26.192, 78.151",26.192112,78.1514712,2,Upadhyay Hospital And Research Centre Pvt Ltd - Gwalior | Garima Hospital,Madhya Pradesh,Gwalior
"26.195, 78.157",26.1953714,78.1569602,2,Dr. Kaul Hospital and Research Centre | Mundhra Nursing Home,Madhya Pradesh,Gwalior
"26.195, 78.161",26.1947626,78.1607196,2,I.P. and Dr. O.S. Dewan Memorial Hospital and Research | Dewan Memorial Hospital,Madhya Pradesh,Gwalior
"26.197, 78.161",26.1973702,78.16085915,2,Chandak Hospital | Olyai Hospital,Madhya Pradesh,Gwalior
"26.212, 78.177",26.2123249,78.1770914,2,Maheshwari Nursing Home | Arun Memorial I.C.U,Madhya Pradesh,Gwalior
"26.219, 86.078",26.218532,86.0784459,2,Haider Hospital and Reasearch Center | Jeevan Jyoti Nursing Home,Bihar,Madhubani
"26.227, 78.23",26.2271955,78.2300168,2,Gupta Hospital and Maternity Home | Kalyan Memorial And Kdj Hospital - Gwalior,Madhya Pradesh,Gwalior
"26.227, 84.364",26.2265771,84.3635782,2,Calcutta Nursing Home | Chandra Jyoti Netralaya,Bihar,Siwan
"26.344, 92.681",26.3442582,92.6809935,2,G.D.Hospital | Pkb Nursing Home Pvt Ltd,Assam,Nagaon
"26.347, 86.072",26.3468544,86.0715474,2,Nayan Jyoti Netralaya | Surgical Clinic,Bihar,Madhubani
"26.418, 85.049",26.4180749,85.0490069,2,Madan Raj Nursing Home | Susrut Shalya Chikitsha Kendra,Bihar,East Champaran
"26.445, 91.441",26.4446185,91.4410527,2,Pragati Nursing Home/Diacare | United Hospital And Research Centre,Assam,Nalbari
"26.463, 84.441",26.4626937,84.4412166,2,Medical Institute and Hospital (Dr. M. Kumar) | Surgi Uro Centre,Bihar,Gopalganj
"26.49, 90.551",26.490206,90.5512687,2,Lower Assam Hospital And Research Centre | S.M. Hospital and Diagnostic Centre,Assam,Bongaigaon
"26.559, 78.787",26.5587354,78.7872876,2,Niramaya Hospital - Bhind | Pooja Clinic,Madhya Pradesh | Maharashtra,Bhind | Latur
"26.588, 86.137",26.5883988,86.1370148,2,Jeeva Deep Charitable Trust | Dr. Uma Kant Jha,Bihar,Madhubani
"26.61, 84.857",26.6098139,84.8567932,2,Chandralekha Health Care | Vaishanavi Hospital,Bihar,East Champaran
"26.75, 94.195",26.7496881,94.1949013,2,A G Nursing Home | Sanjivani Hospital,Assam,Jorhat
"27.283, 80.832",27.2829667,80.8318247,2,Maa Dhumavati Hospital | Sewa Poly Clinic and Hospital,Bihar,Samastipur
"27.291, 95.669",27.2910662,95.6694606,2,Margherita Community Health Centre | Rontix Hospital,Assam,Tinsukia
"27.492, 77.674",27.4924134,77.673673,2,Sun Valley Hospital - Guwahati | Rajeev Memorial Health Care Centre,Assam | Bihar,Kamrup | Sitamarhi
"27.97, 77.493",27.9704158,77.4929611,2,Bala Ji Nursing Home | Dhariwal Nursing Home,Haryana,Faridabad | Palwal
"28.102, 76.993",28.1023894,76.9931074,2,City Care Hospital | City Hospital and Eye Care Centre,Haryana,Gurgaon | Mewat
"28.11, 95.143",28.1097051,95.1432068,2,"Assa Diagnostics and Nursing Home | General Hospital, Pasighat",Arunachal Pradesh,East Siang
"28.144, 77.326",28.1440611,77.3258334,2,Goyal Nursing Home | Mittal Nursing Home,Haryana,Palwal
"28.145, 77.338",28.1449734,77.3378987,2,Gupta Nursing Home and Maternity Centre | Saluja Nursing Home,Haryana,Palwal
"28.19, 76.791",28.1902531,76.7907254,2,Sukhdev Hospital | Verma Nursing Homre,Haryana,Rewari
"28.193, 76.62",28.1933219,76.6203179,2,Civil Hospital | Shri Komal Eye Hospital and Dr Saxena`S Nursing Home,Haryana,Rewari
"28.194, 76.621",28.1940591,76.621356,2,"Shakuntla Multi Speciality Hospital | Eye-Q Super Speciality Eye Hospitals, Rewari",Haryana,Rewari
"28.196, 76.603",28.1963043,76.6027404,2,Jeevan Hospital | Sheel Hospital,Haryana,Mahendragarh | Rewari
"28.214, 76.799",28.2142461,76.7985669,2,Apex Hospital And Trauma Centre / Apex Hospital (Multi Speciality Centre) | Apex Health Care and Apex Hospital and Trauma Centre,Haryana,Rewari
"28.326, 76.778",28.3255049,76.778212,2,Anirud Hospital | Chc Pataudi,Haryana,Gurgaon
"28.345, 77.33",28.3454036,77.3297913,2,Laxmi Medical Centre | Raj Nursing Home,Haryana,Faridabad
"28.352, 77.397",28.3516235,77.3965966,2,Dr. Prakash Rastogi - Faridabad | Yogi Medical Hall,Haryana,Faridabad
"28.357, 77.316",28.3571595,77.3157561,2,"Bansal Nursing Home,Palwal | Florence Nursing Home",Haryana,Palwal
"28.365, 77.288",28.365007,77.2878802,2,Chandra Lok Hospital | Dr. Jagdish Chandra Clinic,Haryana,Faridabad
"28.369, 76.927",28.3688093,76.9268541,2,"Yashroop Medical Centre | Rockland Manesar, Gurgaon",Haryana,Gurgaon
"28.371, 77.28",28.371013,77.2796463,2,Kalra Clinic | Taneya Nursing Home,Haryana,Faridabad
"28.375, 76.907",28.3754567,76.9066829,2,Mission Charitable Hospital | Rathore Imt Hospital,Haryana,Gurgaon
"28.38, 77.281",28.3797086,77.2811199,2,Holy Maternity and Nursing Home | Janta Hospital and Maternity Home,Haryana,Faridabad
"28.389, 77.307",28.3893131,77.3073612,2,"Rg Stone Urology and Laparoscopy Hospital | RG Stone Urology and Laparoscopy Hospital, Faridabad",Haryana,Faridabad
"28.392, 77.306",28.3923189,77.30586385000001,2,Friends Ear Nose Throat Centre | Aster Eye Care,Haryana,Faridabad
"28.401, 77.294",28.4012148,77.2940167,2,Vardaan Hospital | Vardaan Nursing Home,Haryana,Faridabad
"28.406, 77.305",28.4056325,77.305108,2,"D M Eye Care Delhi Pvt Ltd | Aster eye care, Faridabad",Haryana,Faridabad
"28.409, 77.316",28.4089726,77.3160664,2,Gupta Nursing Home | Orion Kidney Centre,Haryana,Faridabad
"28.414, 77.322",28.4138045,77.3223915,2,Anuj Hospital | Mittal Hospital,Haryana,Faridabad
"28.424, 77.313",28.4241063,77.312993,2,Krishna Medical Centre | Jindal Nursing Home (D),Haryana,Faridabad
"28.427, 77.102",28.4271092,77.1023405,2,Shivalik Hospital | Geeta Hospital,Haryana,Faridabad
"28.434, 77.312",28.4343934,77.3123396,2,New Medicare Centre | Shankar Medicare Centre,Haryana,Faridabad
"28.457, 77.022",28.4567795,77.0219311,2,Sethi Hospital,Haryana,Gurgaon
"28.468, 77.081",28.4677684,77.0812587,2,Sita Ram Bhartia Clinic | Sitaram Bhartia Clinic,Haryana,Gurgaon
"28.471, 77.046",28.4707417,77.0463719,2,Nagpal Nursing Home | The Cradle Hospital,Haryana,Gurgaon
"28.475, 77.076",28.47518535,77.0756748,2,Max Hospital | Paras Hospitals\n,Haryana,Gurgaon
"28.494, 77.088",28.4936018,77.088325,2,"World Laparoscopy Hospital | World Laparoscopy Hospital,",Haryana,Gurgaon
"28.569, 77.172",28.5685947,77.1721518,2,"Life Line Hospital | Life Care Hospital, Karnal",Haryana,Faridabad | Karnal
"28.652, 77.421",28.651573900000002,77.4208721,2,Heritage Hospitals Pvt Ltd | Shipra Hospitals Pvt. Ltd.,Haryana,Panipat
"28.682, 77.051",28.682095,77.0512156,2,Laxmi Nursing Home | Shanti Nursing Home,Haryana,Jind
"28.683, 77.022",28.6830944,77.0216684,2,Brahm Shakti Sanjivani Hospital Pvt Ltd / Brahma Kumaris' Gobal Hospital and Research Centre | Pushpa Hospital,Haryana,Jhajjar
"28.808, 76.154",28.8080522,76.1538751,2,Mittal Heart and Poison Hospital | Ranvir Hospital,Haryana,Bhiwani
"28.831, 76.396",28.831237,76.3955603,2,Rajlaxmi Hosptial | Pawan Children S Hospital,Haryana,Rohtak
"28.858, 76.63",28.8580845,76.6297232,2,Sh. Baba Mast Nath Charitable Hospital | Shri Baba Mast Nath Charitable Hospital,Haryana,Rohtak
"28.864, 76.592",28.8643157,76.5921164,2,Jain Lifecare | Moda Nursing Home,Haryana,Rohtak
"28.868, 75.919",28.8678462,75.9190079,2,Dalal Nursing Home | Sharma Nursing Home,Haryana,Bhiwani
"28.88, 76.577",28.8802414,76.5770758,2,K.M Hospital | Vandna Maternity and Heart Hospital,Haryana,Bhiwani
"28.894, 76.603",28.893931,76.602983,2,Ishwar Eye Clinic | Ishwar Eye Centre\n,Haryana,Rohtak
"28.899, 76.588",28.898839700000003,76.5875444,2,"Sukhda Hospital | Maan Hospital,",Haryana,Hisar | Rohtak
"28.963, 77.088",28.9631624,77.0881034,2,Rama Multispeciality Hospital | Smt. Angoori Devi Ortho and General Hospital,Haryana,Sonipat
"28.964, 76.296",28.963889299999998,76.29606305,2,Anirudh Hospital | Archana Hospital,Haryana,Rohtak | Sonipat
"28.977, 77.02",28.976948,77.0201928,2,J.K Hindu Charitable Hospital | Lala Jai Kishan Hindu Charitable Hospital,Haryana,Sonipat
"28.983, 77.021",28.9833018,77.0211177,2,Arya Eye Hospital | Chhabra Nursing Home,Haryana,Sonipat
"28.995, 77.028",28.994511,77.027565,2,Dua Nursing Home | New Dua Nursing Home,Haryana,Sonipat
"29.091, 75.964",29.0905725,75.9637205,2,Inder Sain Hospital | Tanwar Hospital,Haryana,Hisar
"29.128, 75.744",29.1275526,75.7439086,2,Mhta Holi Hospital | Jain Eye Hospital,Haryana,Hisar
"29.134, 75.741",29.1335361,75.7405016,2,Holy Help Hospital | Jawa Child Care Centre,Haryana,Hisar
"29.139, 75.741",29.1385929,75.7410228,2,Sushil Garg Hospital / Sushil Garg Eye and Maternity Hospital | Lamba Eye Centre,Haryana,Karnal | Kurukshetra
"29.154, 75.716",29.1538909,75.7160693,2,Sharma Nursing Home / Sharma Ravin Hospital | Sharma Nursing Home,Haryana,Hisar
"29.241, 77.011",29.2405629,77.0113048,2,Akash Hospital | Kapila Hospital,Haryana,Panipat
"29.295, 76.309",29.2948895,76.3091646,2,Bal Dharmath Hospital/Bal Dharmarth Hospital | Kumar Maternity Home,Haryana,Jind
"29.331, 75.633",29.3306696,75.6330686,2,Agroha Medical College | Maharaja Agrasen Medical College and Hospital,Haryana,Hisar
"29.379, 76.966",29.3788655,76.9656473,2,Aggarwal Eye Hospital | Malik Hospital,Haryana,Panipat
"29.591, 76.115",29.5910963,76.1145993,2,General Hospital | General Hospital Narwana,Haryana,Jind
"29.676, 77.009",29.6758311,77.0089452,2,Aditi Clinic and Kapoor Hospital | Noor Medical Centre,Haryana,Karnal
"29.698, 77.004",29.698219,77.0038033,2,Children`S Nursing Home | Dr. Shyamal Sen Child Spwcialist and Neonatoligist,Haryana,Karnal
"29.711, 77.013",29.7109366,77.013356,2,Monga Nursing Home | Dr. Gain Bhushan Nursing Home and Heart Centre,Haryana,Karnal
"29.796, 76.422",29.7963805,76.42155,2,Dev Nursing Home | Singla Surgical Hospital,Haryana,Kaithal
"29.807, 76.411",29.8072108,76.4110039,2,Kaithal Nursing Home | Mittal Surgical and Maternity Hospital,Haryana,Kaithal
"29.967, 74.7",29.9671034,74.7001328,2,Agnihotri Surgical and Maternity Hospital | Bagla Eye Hospital and Laser Centre,Haryana,Sirsa
"29.969, 76.874",29.9689992,76.873699,2,Arora Eye and Lasik Laser Centre,Haryana,Karnal
"29.996, 77.045",29.9960274,77.0446062,2,Sanjay Hospital | Radha Krishan Hospital,Haryana,Kurukshetra
"30.054, 77.005",30.0536751,77.0053625,2,Bhaskar Medicare Hospital | Jeevan Jyoti Children Hospital,Haryana,Kurukshetra
"30.138, 77.282",30.1377303,77.2819983,2,Mahairshi Dayanand Maternity and General Hospital | Smt. Shanti Devi Kalra Eye and Maternity Hospital,Haryana,Yamunanagar
"30.167, 76.868",30.1672152,76.8683714,2,Healing Home | Wadhwa Nursing Home,Haryana,Kurukshetra
"30.195, 71.479",30.1950435,71.4792529,2,Civil Hospital | General Hospital,Haryana,Hisar
"30.266, 77.456",30.2655303,77.4564769,2,Aggrawal Hospital | Kapil Hospital,Haryana,Yamunanagar
"30.334, 76.846",30.3336585,76.8461496,2,Dhamija Hospital | Dr. Milkhi Ram Eye and Maternity Hospital,Haryana,Ambala
"30.337, 76.865",30.3371273,76.86462945,2,K D Hospital and C T Scan | Monga Hospital And Stone Centre,Haryana,Ambala
"30.344, 78.044",30.3436005,78.043795,2,Ajinkya Nursing Home | Yash Netralaya and Child Hospital,Maharashtra,Amravati
"30.349, 76.834",30.3490194,76.8335545,2,Dr. Baini Parshad Hospital | Vignesh Hospital,Haryana,Ambala | Yamunanagar
"30.366, 76.786",30.366176799999998,76.78629190000001,2,Aggarwal Heart And Surgical Hospital | Mehndiratta Hospital,Haryana,Ambala
"30.372, 76.788",30.3717157,76.7876854,2,Vardhman Hospital | Narain Hospital,Haryana,Ambala
"30.379, 76.778",30.3792221,76.7780513,2,"Kapoor Hospital,  City | Swaraj Medical Centre",Haryana,Ambala
"30.445, 77.602",30.445283,77.6020569,2,Pawar Nursing Home | Himachal Institute of Dental Sciences,Himachal Pradesh,Sirmaur
"30.518, 76.809",30.5175306,76.8087557,2,Healing Touch Super Speciality | Healing Touch Superspeciality Hospital,Haryana,Ambala
"30.675, 76.863",30.6747384,76.8634479,2,"Alchemist Hospitals Ltd. / (Formerly Know As Kaiser Hospital Ltd.) | Alchemist Hospital, Panchkula",Haryana,Panchkula
"30.679, 76.845",30.678704,76.844589,2,Uttam Clinic and Hospital | R P Stone Clinic Pvt.Ltd..Karnal,Haryana,Karnal
"30.689, 76.754",30.6892033,76.7538467,2,Government Medical College and Hospital,Chandigarh,Chandigarh
"30.69, 76.861",30.6903348,76.8609575,2,Bajaj Bone and Joint Clinic | Divine Eye Clinic,Haryana,Panchkula
"30.695, 76.844",30.6953385,76.8436041,2,Dr Bakshis Clinical Laboratory | Takkar Dental Clinic,Haryana,Panchkula
"30.699, 76.836",30.6987539,76.8360578,2,Mehta Medical Centre | Pulse Hospital,Haryana,Panchkula
"30.726, 77.185",30.7258579,77.1854543,2,Civil Hospital,Himachal Pradesh,Sirmaur
"30.734, 76.766",30.7337881,76.7660481,2,Arora Ultrasound Clinic | Shanti Maternity Clinic,Haryana,Faridabad
"30.797, 76.918",30.797013,76.9177947,2,G D Child Care Centre | Khera Hospital / Khera Hospital and X-Ray Centre,Haryana,Panchkula
"30.85, 77.299",30.849989,77.2994144,2,Civil Hospital,Himachal Pradesh,Sirmaur
"30.878, 77.201",30.8784866,77.2008209,2,P.H.C. | Primary Health Centre,Himachal Pradesh,Sirmaur
"30.907, 77.108",30.9067042,77.1075578,2,E.S.I. Hospital | JP Hospital and Paediatric Centre,Himachal Pradesh,Solan
"30.919, 77.642",30.9190232,77.6424486,2,Civil Hospital,Himachal Pradesh,Shimla
"30.948, 77.59",30.9478979,77.5901243,2,Civil Hospital,Himachal Pradesh,Shimla
"30.958, 76.791",30.9578258,76.7913558,2,Life Care Hospital | Bhojia General Hospital,Himachal Pradesh,Solan
"30.97, 77.105",30.9702143,77.1053673,2,Civil Hospital,Himachal Pradesh,Solan
"31.103, 77.16",31.1027186,77.1602007,2,Bansal Hospital Heart Care Center | Batra Nursing Home and Heart Care Centre,Haryana,Rewari | Sonipat
"31.112, 77.666",31.1116916,77.6664976,2,Civil Hospital,Himachal Pradesh,Shimla
"31.13, 77.228",31.1296226,77.2283453,2,Primary Health Centre | P H C,Himachal Pradesh,Shimla
"31.156, 76.969",31.1562331,76.9686717,2,Civil Hospital,Himachal Pradesh,Solan
"31.308, 75.566",31.3084431,75.5658979,2,Arora Nursing Home | Arora Nursing Home\n,Haryana,Rewari
"31.311, 77.474",31.3113704,77.4744889,2,Civil Hospital,Himachal Pradesh,Shimla
"31.318, 75.593",31.3175719,75.5929159,2,Sai Baba Nursing Home | Tharani Children Hospital And Dental Clinic,Chhattisgarh,Raipur
"31.318, 77.446",31.3182709,77.4458151,2,Community Health Centre | C H C Kumarsain,Himachal Pradesh,Shimla
"31.408, 76.343",31.4078164,76.3434679,2,Choudhary Nursing and Maternity Home | Anandraj Malik Hospital and Diagnostic Centre\n,Himachal Pradesh,Una
"31.423, 77.576",31.4225306,77.5762703,2,Civel Hospital Niramd | Civil Hospital,Himachal Pradesh,Kullu
"31.425, 78.265",31.4254859,78.2649956,2,Chc Sangla | Community Health Centre,Himachal Pradesh,Kinnaur
"31.433, 75.714",31.4329486,75.713901,2,Sneh Nursing Home | Krishan Surgical and General Hospital,Bihar | Haryana,Bhagalpur | Hisar
"31.449, 77.63",31.4492451,77.6298122,2,Ayurvedic Hospital | MGMSCKHNERI,Himachal Pradesh,Shimla
"31.517, 78.099",31.5173528,78.0990646,2,"Jaypee Hospital | PHC, Tapri",Himachal Pradesh,Kinnaur
"31.539, 78.268",31.5390437,78.2675478,2,DistrictAyurvedic | Regional Hospital,Himachal Pradesh,Kinnaur
"31.558, 77.947",31.5581415,77.9467371,2,Chc Nichar | Primary Health Centre,Himachal Pradesh,Kinnaur
"31.639, 74.866",31.6386589,74.8659017,2,Dr. Kaushal Surgical Hospital and Maternity Home | Om Heart Care and Medical Centre,Haryana,Rewari
"31.643, 76.643",31.6429515,76.6427152,2,Community Health Centre,Himachal Pradesh,Hamirpur
"31.68, 76.117",31.6798005,76.1174988,2,Community Health Centre,Himachal Pradesh,Una
"31.704, 76.926",31.7037018,76.9259812,2,Banga Diagnostic | Mandav Hospital,Himachal Pradesh,Mandi
"31.708, 76.931",31.7081655,76.9313675,2,DistrictAyurvedic Hospital | Neta Ji Subhash Chander Bose Zonal Hospital,Himachal Pradesh,Mandi
"31.764, 78.59",31.7640211,78.5902143,2,Chc Pooh | Community Health Centre,Himachal Pradesh,Kinnaur
"31.805, 76.104",31.8054391,76.1044506,2,Chc Chintpurni | Civil Hospital,Himachal Pradesh,Una
"31.834, 76.505",31.833859,76.5054652,2,Chc Sujanpur Tira | Community Health Centre,Himachal Pradesh,Hamirpur
"31.924, 76.458",31.9244395,76.4584777,2,Civil Hospital,Himachal Pradesh,Kangra
"31.991, 76.79",31.9912388,76.7899135,2,Ayurvedic Hospital | Civil Hospital,Himachal Pradesh,Mandi
"32.108, 76.274",32.1075096,76.2744999,2,S M Eye Hospital | S.M.Eye Hospital,Himachal Pradesh,Kangra
"32.108, 76.535",32.1077955,76.5348237,2,Civil Hospital,Himachal Pradesh,Kangra
"32.135, 75.689",32.1346319,75.6891699,2,Civil Hospital | Community Health Centre,Himachal Pradesh,Kangra
"32.196, 76.356",32.1955777,76.3564929,2,Community Health Center | Community Health Centre,Himachal Pradesh,Kangra
"32.431, 76.013",32.4311794,76.0130784,2,"Referral Hospital, Chowari | Referral Hospital",Himachal Pradesh,Chamba
"32.456, 75.934",32.455834949999996,75.93438195,2,"P H C, Kakira | Primary Health Centre",Himachal Pradesh,Chamba
"32.616, 76.903",32.6161802,76.9034408,2,C H C Shansha | Community Health Centre,Himachal Pradesh,Lahaul and Spiti
"32.696, 74.877",32.6957555,74.8770282,2,"Ankur Clinic and Nursing Home, Jammu | Lochan Nursing Home",Jammu and Kashmir,Jammu
"32.703, 74.861",32.7034322,74.8609472,2,Ankur Clinic | Life Scan Nursing Home,Jammu and Kashmir,Jammu
"32.738, 74.849",32.7378396,74.849251,2,"Chand Eye Clinic | Government Medical College, Jammu",Jammu and Kashmir,Jammu
"33.778, 76.576",33.778175,76.5761714,2,Jammu and Kashmir Government Health Deptt. | District Hospital,Jammu and Kashmir,Anantnag | Doda
"8.481, 76.943",8.4810022,76.9427006,2,Sp Fort Hospital | Vasudeva Vilasam Aryavaidyasala and Nursing Home,Kerala,Thiruvananthapuram
"8.521, 76.942",8.5207295,76.9422873,2,Sut Hospital | Meditrina Hospital,Kerala,Thiruvananthapuram
"8.529, 76.94",8.5292277,76.9398195,2,"Chaithanya Eye Hospital and Research Institute | CGHS, Dispensary No.1",Kerala,Thiruvananthapuram
"8.619, 76.899",8.619466,76.8987284,2,Dr. Pai Heart Foundation | Karunya Hospital and Diabetic Centre,Kerala,Thiruvananthapuram
"8.888, 76.585",8.8875336,76.5845805,2,S.S.M Hospital | Hari Sree Hospital,Kerala,Kollam
"8.908, 76.738",8.9076174,76.7376566,2,Azeezia Mediacal College Hospital - Kollam | Azeezia Medical College,Kerala,Kollam
"9.006, 76.783",9.006068800000001,76.7829029,2,Maithri Multi Speciality Hospital | Vijaya Hospital,Kerala,Kollam
"9.01, 76.93",9.009768,76.9297354,2,Deen Hospital | Dr. A.Shahul Hammed Superintend Taluk Hospital,Kerala,Kollam
"9.225, 76.678",9.2250669,76.6784746,2,Nss Medical Mission Hospital | Changethu Ayurveda Hospital,Kerala,Pathanamthitta
"9.251, 76.54",9.2505757,76.5400806,2,"P.M. Hospital, Mavelikara | Vrindavan Ayurveda Nursing Home",Kerala,Alappuzha
"9.33, 76.532",9.3303263,76.5318695,2,Gems Hospital | Sovereign Gems Hospital,Kerala,Alappuzha
"9.338, 76.717",9.3383655,76.7166444,2,Mar Gregorious Memorial Muthoot Medical Center | Mgm Muthoot Medical Centre,Kerala,Pathanamthitta
"9.684, 76.337",9.6836368,76.3365377,2,"Primary Health Centre, Vrvm | Sree Narayana Medical Mission General Hospital",Kerala,Alappuzha
"9.714, 76.683",9.7137531,76.6829278,2,General Hospital | Upasana Hospital,Kerala,Kottayam
"9.722, 76.393",9.7216446,76.3926668,2,"Indo American Hospital, Brain and Spine | St.Xaviers Hospital",Kerala,Kottayam
"9.863, 76.594",9.8627081,76.5942178,2,Deva Matha Hospital | Naynam Ayurvedic Eye Hospital,Kerala,Ernakulam
"9.937, 76.323",9.9368112,76.3232042,2,P.S. Mission Hospital | Perpetual Succour Mission Hospital,Kerala,Ernakulam
"9.946, 76.258",9.9463846,76.2580499,2,Goutham Hospital | Gautham Hospital,Kerala,Ernakulam
"9.947, 76.343",9.9470769,76.3427067,2,Devi Hospital Pvt Ltd | Vijaya Kumara Menon Hospital,Kerala,Ernakulam
"9.978, 76.474",9.9782707,76.4738971,2,M.O.S.C. Medical College Hospital Kolenchery | Malankara Orthodox Syrian Church Medical College (M.O.S.C.M.C),Kerala,Ernakulam
"9.989, 76.433",9.9892017,76.4334968,2,Sree Agasthya Medical Centre | Verma Medical Clinic,Kerala,Ernakulam
"10.005, 76.571",10.0046,76.5708,1,Chari Hospital,Kerala,Ernakulam
"10.007, 76.278",10.0065589,76.2782693,1,Lourdes Hospital,Kerala,Ernakulam
"10.008, 76.278",10.0079615,76.2779032,1,Lourdes Hospital,Kerala,Ernakulam
"10.01, 76.311",10.0101013,76.3111946,1,Cimar Cochin,Kerala,Ernakulam
"10.012, 76.953",10.0115043,76.9527836,1,Vijayaraja Hospital,Kerala,Idukki
"10.022, 76.299",10.0217485,76.2989994,1,Cochin Spine Hospital,Kerala,Ernakulam
"10.022, 76.308",10.0217907,76.3075913,1,Mar Augustin Jubilee Hospital,Kerala,Ernakulam
"10.024, 76.312",10.0236761,76.3116235,1,Punarnava Ayurveda Hospital,Kerala,Ernakulam
"10.025, 76.449",10.0252873,76.4490782,1,General Clinic,Kerala,Ernakulam
"10.027, 76.299",10.0272282,76.2985941,1,Amrita Institute of Medical Sciences (AIMS),Kerala,Ernakulam
"10.034, 76.336",10.0335491,76.3355075,1,Aditya Eye Hospital,Kerala,Ernakulam
"10.038, 76.297",10.0380878,76.2973528,1,Amrita Institute Of Medical Sciences And Research Centre,Kerala,Ernakulam
"10.04, 76.32",10.0397131,76.3195853,1,Dr. Promodus Institute Of Sexual and Marital Health,Kerala,Ernakulam
"10.041, 76.32",10.0410788,76.3195853,1,Kims Hospital And Surgical Center,Kerala,Ernakulam
"10.045, 76.395",10.0451768,76.3953699,1,Samaritan Hospital,Kerala,Ernakulam
"10.054, 76.254",10.0540229,76.2537052,1,Government Ayurveda Hospital,Kerala,Ernakulam
"10.056, 76.586",10.0560287,76.5855308,1,Nangelil Hospital,Kerala,Ernakulam
"10.058, 76.346",10.0579063,76.3463624,1,Co-Operative Medical College Hospital,Kerala,Ernakulam
"10.06, 76.635",10.0601903,76.6350827,1,Mar Baselios Medial Mission Hospital,Kerala,Ernakulam
"10.069, 76.213",10.0687019,76.2131474,1,Sarada Nursing Home,Kerala,Ernakulam
"10.074, 76.271",10.0743385,76.2713608,1,Ub Trust Hospital and Diagnostic Centre,Kerala,Ernakulam
"10.089, 76.245",10.089171,76.2450153,1,Don Bosco Hospital,Kerala,Ernakulam
"10.089, 77.058",10.0885685,77.0581065,1,General Hospital,Kerala,Idukki
"10.089, 77.06",10.0889333,77.0595248,1,Tata Global Beverages Limited General Hospital,Kerala,Idukki
"10.106, 76.351",10.1056361,76.3509169,1,Karothukuzhi Hospital Pvt Ltd,Kerala,Ernakulam
"10.107, 76.263",10.1069106,76.2626661,1,Little Flower Hospital Annex,Kerala,Ernakulam
"10.109, 76.354",10.1089208,76.3542228,1,Kerala Ayurveda Hospital,Kerala,Ernakulam
"10.111, 76.481",10.1111911,76.4807109,1,Mammen Memmorial Hospital,Kerala,Alappuzha
"10.114, 76.33",10.1136767,76.3298622,1,Noushad Ent Hospital and Research Centre,Kerala,Ernakulam
"10.114, 76.474",10.1143869,76.4736441,1,M.V. Joseph Memorial Hospital,Kerala,Ernakulam
"10.118, 76.516",10.1175991,76.5163489,1,Parathuvayalil Hospital,Kerala,Ernakulam
"10.12, 76.199",10.1199994,76.1986595,1,St.Vincent De-Paul Hospital,Kerala,Ernakulam
"10.134, 76.401",10.1340201,76.4013471,1,Aiswarya Clinic,Kerala,Ernakulam
"10.167, 76.44",10.1672856,76.439884,1,P.M.M. Hsopital,Kerala,Ernakulam
"10.172, 76.296",10.1715597,76.2962508,1,Sree Narayana Institute of Medical Science,Kerala,Ernakulam
"10.173, 76.18",10.1729267,76.1796042,1,Navabharath Medical Center,Kerala,Ernakulam
"10.185, 76.472",10.1850163,76.4723506,1,St.Thomas Hospital,Kerala,Ernakulam
"10.207, 76.453",10.2073598,76.4534165,1,Medical Centre,Kerala,Ernakulam
"10.21, 76.205",10.2103464,76.2050105,1,Arya Vaidya Asramam Ayurveda Hospital,Kerala,Thrissur
"10.228, 76.379",10.2275552,76.3789758,1,Alphonsa Hospital Karukutty,Kerala,Ernakulam
"10.263, 76.349",10.2632016,76.3492569,1,Devamatha Hospital,Kerala,Thrissur
"10.289, 76.278",10.2893846,76.2777114,1,Maria Theressa Hospital,Kerala,Thrissur
"10.333, 76.215",10.3326388,76.2150071,1,The Irinjalakuda Co-Operative Hospital Ltd.,Kerala,Thrissur
"10.362, 77.967",10.3624871,77.9674234,1,Jangu Hospital and Polyclinic,Karnataka,Belagavi
"10.367, 76.217",10.3672025,76.2174654,1,Ahalia Foundation Eye Hospital,Kerala,Thrissur
"10.39, 76.164",10.3903715,76.1643006,1,Bishop Alappatt Mission Hospital,Kerala,Ernakulam
"10.396, 76.22",10.3960432,76.2203908,1,K A Specaility Hospital,Kerala,Thrissur
"10.457, 77.521",10.4570945,77.5214325,1,Dr. Rana Nursing Home,Gujarat,Navsari
"10.461, 76.239",10.4613244,76.2392217,1,Vaidyaratnam Ayurveda College Hospital,Kerala,Thrissur
"10.464, 76.292",10.4639214,76.2922812,1,Sunethri Ayurvedashram And Research Centre,Kerala,Thrissur
"10.468, 76.182",10.4676986,76.1819605,1,St Thomas,Kerala,Alappuzha
"10.503, 76.059",10.5027863,76.0594972,1,M I Mission Hospital (Tsunami Project Only),Kerala,Thrissur
"10.512, 76.213",10.5123453,76.2125806,1,Oushadhi Panchkarma Hospital and Research Institute,Kerala,Thrissur
"10.513, 76.219",10.5125122,76.2193541,1,Sun Medical And Research Centre / Trichur Heart Hospital Ltd.,Kerala,Thrissur
"10.516, 76.213",10.5163984,76.2132374,1,Sitaram Ayurveda Speciality Hospital,Kerala,Thrissur
"10.518, 76.181",10.5179032,76.1806673,1,Chandramathy Amma Memorial Hospital,Kerala,Thrissur
"10.521, 76.212",10.5214299,76.2122872,1,Ahalia Foundation and Eye Hospital,Kerala,Thrissur
"10.531, 76.215",10.5310887,76.2150849,1,Aswini Hospital Pvt Ltd,Kerala,Thrissur
"10.536, 76.199",10.5364028,76.1986595,1,Westfort Hitech Hospital Ltd,Kerala,Thrissur
"10.536, 76.212",10.5356622,76.2120156,1,Karthiyani,Kerala,Thrissur
"10.544, 76.217",10.5437857,76.2165544,1,Keerthi Ayurvedic Hospital Pvt. Ltd,Kerala,Thrissur
"10.545, 76.073",10.5445582,76.0727236,1,Ojus Clinic And Nursing Home,Kerala,Ernakulam
"10.565, 76.061",10.5652613,76.0611602,1,San Jos Parish Hospital,Kerala,Thrissur
"10.591, 76.213",10.590648,76.2129226,1,"Government Medical College, Thrissur",Kerala,Thrissur
"10.596, 76.035",10.5963838,76.0348391,1,Abdul Waheb Memorial Rajah Charitable Hospital,Kerala,Thrissur
"10.6, 76.547",10.5997453,76.5473781,1,Narayana Ayurveda Chikithsalayam,Kerala,Palakkad
"10.618, 76.053",10.6178603,76.0532193,1,Royal Hospital,Kerala,Thrissur
"10.625, 76.089",10.6248903,76.0885011,1,St. Joseph Hospital,Kerala,Thrissur
"10.642, 76.057",10.6421069,76.0565539,1,The M.O.S.C.Medical Mission Hospital,Kerala,Thrissur
"10.646, 76.118",10.6455987,76.117503,1,Ittimani Hospital,Kerala,Thrissur
"10.648, 76.088",10.6477085,76.0879573,1,Unity Hospital (P) Limited,Kerala,Thrissur
"10.651, 76.98",10.6514424,76.9795263,1,Care Hospital,Madhya Pradesh,Bhopal
"10.662, 76.236",10.6617378,76.2363248,1,Divine Medical Cetre Ltd.,Kerala,Thrissur
"10.694, 76.346",10.6941373,76.3463624,1,Jeevodaya Mission Hospital,Kerala,Thrissur
"10.7, 76.739",10.7002756,76.7394237,1,Karuna Medical College,Kerala,Palakkad
"10.746, 76.277",10.746098,76.2768755,1,Manasi Medical Centre,Kerala,Thrissur
"10.752, 76.743",10.7521231,76.7430308,1,Ahalia Foundation Eye Hospital,Kerala,Palakkad
"10.765, 76.655",10.7652492,76.6549587,1,Palat Memorial Hospital,Kerala,Palakkad
"10.767, 76.648",10.7673312,76.6479151,1,United Hospital,Kerala,Palakkad
"10.772, 76.37",10.7722644,76.3695167,1,Nandavanam Ayurvedic Hospitals,Kerala,Palakkad
"10.775, 76.361",10.7746325,76.3608343,1,Seventh Day Adventist Hospital,Kerala,Palakkad
"10.782, 76.327",10.7822886,76.3269586,1,P K Das Institute Of Medical Sciences,Kerala,Palakkad
"10.784, 76.008",10.7838616,76.0075945,1,Edappal Hospitals (P) Ltd,Kerala,Malappuram
"10.785, 76.374",10.7848554,76.3738576,1,Comtrust Ottapalam Eye Care Hospital,Kerala,Palakkad
"10.788, 75.975",10.7878432,75.9751408,1,Najath Hospital,Kerala,Malappuram
"10.792, 76.829",10.7917861,76.829238,1,Ahalia Ayurvedic Hospital,Kerala,Palakkad
"10.807, 76.196",10.8067836,76.1964852,1,Nila Hospital ( Pvt) Ltd,Kerala,Palakkad
"10.824, 78.687",10.8238097,78.687498,1,Indira Hospital,Karnataka,Chikkaballapur
"10.874, 76.139",10.8740477,76.1394822,1,Crescent Hospital,Kerala,Palakkad
"10.883, 76.076",10.8831068,76.0763111,1,Karunya Hospital,Kerala,Palakkad
"10.885, 76.372",10.8854118,76.3724106,1,Poonthottam Ayurvedasram Hospital,Kerala,Palakkad
"10.891, 75.921",10.8905807,75.920557,1,Soorya Hospital,Kerala,Malappuram
"10.906, 76.194",10.9062988,76.1943129,1,S R D Ayurvedics,Kerala,Malappuram
"10.907, 76.416",10.906673,76.4158129,1,Parakkottil Krishnan Memorial Ayurvediac Reaserch,Kerala,Palakkad
"10.915, 75.922",10.9146271,75.9220929,1,City Hospital,Kerala,Malappuram
"10.927, 79.838",10.927477,79.8382923,1,Sugam Priya Hospital,Haryana,Karnal
"10.95, 76.934",10.9500185,76.9336219,1,Dinesh Opticals,Madhya Pradesh,Balaghat
"10.961, 78.076",10.9614397,78.0757876,1,Assissi Hospital,Karnataka,Chamarajanagar
"10.983, 76.225",10.9826402,76.225023,1,Moulana Hospital,Kerala,Malappuram
"10.991, 76.456",10.9913101,76.4556545,1,Mannarkad Nursing Home,Kerala,Palakkad
"10.992, 76.529",10.9918043,76.5285913,1,Assumption Hospital,Kerala,Palakkad
"10.994, 76.956",10.9940111,76.9561277,1,Care Nursing Home,Bihar,Madhepura
"10.998, 75.996",10.9984999,75.9963928,1,Almas Hospital,Kerala,Malappuram
"11.0, 75.999",11.000112,75.9988311,1,Arya Vaidya Sala Kottakkal,Kerala,Malappuram
"11.018, 76.96",11.0179326,76.960237,1,Pragya Hospital,Chhattisgarh,Durg
"11.021, 76.97",11.021315,76.970487,1,Raja Neuro And Multi Speciality Hospital Pvt Ltd,Andhra Pradesh,East Godavari
"11.022, 76.951",11.0216153,76.9512637,1,Sri Srinivasa Hospitals,Andhra Pradesh,East Godavari
"11.035, 75.927",11.0353649,75.9272401,1,M. K. Haji Orphanage Hospital,Kerala,Malappuram
"11.041, 76.077",11.0405513,76.0771718,1,Dr Rani Menons Eye Clinic,Kerala,Thrissur
"11.051, 76.07",11.051046,76.069959,1,Orchid Kpm Hospital,Kerala,Malappuram
"11.112, 78.006",11.1117615,78.0064244,1,Rameeza Orthopaedic Centre,Andhra Pradesh,Krishna
"11.126, 76.113",11.1261081,76.1131495,1,Maanu Memorial Hospital,Kerala,Malappuram
"11.174, 76.008",11.1737849,76.007791,1,Prasanthi Hitech Hospital,Kerala,Malappuram
"11.193, 76.238",11.1925431,76.2375625,1,Elamkulam Hospital,Kerala,Malappuram
"11.194, 76.239",11.1936606,76.2388682,1,Nims Hospital,Kerala,Malappuram
"11.216, 76.141",11.2157004,76.1409612,1,B. M.Hospital,Kerala,Malappuram
"11.235, 75.794",11.2352408,75.7938309,1,Avp Ayushman Ayurveda Hospital,Kerala,Kozhikode
"11.238, 75.787",11.2377939,75.7872748,1,Sakalya Ayurveda Hospital,Kerala,Kozhikode
"11.245, 75.782",11.2451938,75.7816488,1,P.V.S Hospital (P) Ltd.,Kerala,Kozhikode
"11.246, 75.799",11.2464059,75.7990126,1,Malabar Institute Of Medical Sciences Ltd,Kerala,Kozhikode
"11.25, 75.796",11.2498922,75.7960249,1,Comtrust Eye Hospital,Kerala,Kozhikode
"11.259, 75.789",11.2592985,75.7893777,1,National Hospital,Kerala,Kozhikode
"11.262, 75.78",11.2624446,75.7803494,1,Fathima Hospital,Kerala,Kozhikode
"11.263, 75.78",11.2626868,75.7802499,1,Asoka Hospital,Kerala,Kozhikode
"11.265, 75.783",11.265192,75.7833314,1,Rajendra Nursing Home,Kerala,Kozhikode
"11.27, 75.83",11.2703204,75.8302854,1,"Government Medical College, Kozhikode",Kerala,Kozhikode
"11.272, 75.776",11.2716951,75.7757105,1,"Sridhar Hospital Pvt Ltd ,",Kerala,Kozhikode
"11.287, 75.805",11.2871531,75.8048929,1,Dr. Agarwal Vasans Eye Hospital,Kerala,Kozhikode
"11.289, 75.762",11.2889591,75.7618593,1,Dr Manojs Ent Super Speciality Institute and Researc,Kerala,Kozhikode
"11.296, 75.846",11.2958174,75.8461328,1,S.D.K. Health Complex,Kerala,Kozhikode
"11.33, 75.986",11.3302071,75.9855098,1,St.Joseph Hospital,Kerala,Kozhikode
"11.331, 76.273",11.3310717,76.2728934,1,Mar Thoma Mission Hospital,Kerala,Malappuram
"11.365, 75.962",11.3650708,75.9622899,1,Santhi Hospital,Kerala,Kozhikode
"11.389, 75.76",11.3889809,75.7602763,1,Malabar Medical College Hospital,Kerala,Kozhikode
"11.406, 76.04",11.4057947,76.039628,1,Alph0Nsa Hospital,Kerala,Kozhikode
"11.411, 76.71",11.4113932,76.7095323,1,V.A.M.Hospital,Karnataka,Chamarajanagar
"11.415, 75.941",11.4152405,75.9405178,1,Chavara Hospital Thamarassery,Kerala,Kozhikode
"11.428, 78.135",11.4284649,78.1345598,1,Urvashi Surgical Hospital,Gujarat,Junagadh
"11.441, 75.702",11.4413284,75.7016206,1,Nithyananda Sidha Marmma Ayurveda Hospital,Kerala,Kozhikode
"11.447, 75.791",11.4469682,75.7909105,1,Sharada Health Centre,Kerala,Kozhikode
"11.461, 78.193",11.4610891,78.1928228,1,Little Flower Hospital Pvt. Ltd,Karnataka,Bengaluru Urban
"11.535, 79.319",11.5354658,79.3193142,1,Sri Hanuman Children Hospital,Andhra Pradesh,Vizianagaram
"11.596, 75.597",11.596289,75.5965577,1,K.M.C. Hospital,Kerala,Kozhikode
"11.607, 75.583",11.606995,75.5826144,1,The Badagara Sahakarana Asupathri Ltd.,Kerala,Kozhikode
"11.608, 75.592",11.608495,75.5917092,1,Ceeyam Hospitals (P) Ltd,Kerala,Kozhikode
"11.62, 76.21",11.6197083,76.21025,1,Marina Hospital,Kerala,Wayanad
"11.623, 92.726",11.6233774,92.7264828,1,"G B Pant Hospital, Port Blair",Andaman and Nicobar Islands,South Andaman
"11.636, 92.712",11.6357989,92.7120575,1,Chakraborty Multi Speciality Hospital,Andaman and Nicobar Islands,South Andaman
"11.65, 92.729",11.6498468,92.7294624,1,Pillar Health Centre,Andaman and Nicobar Islands,South Andaman
"11.662, 76.26",11.661575,76.2602127,1,M.E.S. Hospital,Kerala,Wayanad
"11.686, 75.678",11.6863255,75.6775363,1,Vims Hospital,Kerala,Kozhikode
"11.701, 76.17",11.7010978,76.1696791,1,St Marys Mission Hospital,Kerala,Wayanad
"11.712, 78.17",11.7115112,78.1701998,1,Surabhii Hospital And Intensive Care Centre,Karnataka,Mandya
"11.748, 75.497",11.7482027,75.4970303,1,Indira Gandhi Co Operative Hospital,Kerala,Kannur
"11.75, 75.502",11.7503241,75.5023848,1,Santhigiri Nursing Home,Kerala,Kannur
"11.775, 79.305",11.7745244,79.3051192,1,Vyawahare Netralaya - Amravati,Maharashtra,Amravati
"11.792, 76.166",11.7922776,76.1662866,1,Shrisha Hospital,Kerala,Wayanad
"11.801, 76.004",11.8013643,76.0043731,1,Jyothi Hospital,Kerala,Wayanad
"11.881, 75.382",11.88067,75.3824954,1,Dhanwantare Heritage Ayurveda Centre,Kerala,Kannur
"11.928, 76.953",11.9276633,76.9532337,1,District Hopital Chamarajnagar,Karnataka,Chamarajanagar
"11.943, 75.35",11.9428357,75.3499629,1,Modern Multi Speciality Hospital,Kerala,Kannur
"11.947, 79.79",11.9472547,79.7896601,1,Indira Gandhi Medical College and Hospital,Himachal Pradesh,Shimla
"11.95, 79.8",11.9498781,79.8002558,1,Dhanvantari Nursing Home,Karnataka,Vijayapura
"11.981, 75.672",11.98128,75.6724462,1,Amala Multispeciality Hospital,Kerala,Kannur
"11.982, 75.67",11.9818625,75.6702647,1,Community Health Center,Kerala,Kannur
"12.038, 75.367",12.0382692,75.3674516,1,Rihan Child and Newborn Hospital,Kerala,Kannur
"12.042, 75.355",12.0415345,75.3552674,1,Lourde Hospital,Kerala,Kannur
"12.046, 75.371",12.0457106,75.3713822,1,Thaliparamba Nursing Home,Kerala,Kannur
"12.049, 77.031",12.0491263,77.030539,1,Ashwini Hospital,Karnataka,Chamarajanagar
"12.05, 75.307",12.0495614,75.3065532,1,Taliparamba Co-Operative Hospital,Kerala,Kannur
"12.063, 75.583",12.06289,75.5826371,1,Mercy Hospital,Kerala,Kannur
"12.156, 77.107",12.1559428,77.1071655,1,Vijayalakshmi Medical Nursing Home,Karnataka,Chamarajanagar
"12.191, 75.467",12.190978,75.4673311,1,Carithas Hospital,Kerala,Kannur
"12.195, 75.804",12.1949851,75.8040022,1,Virajpet Nursing Home,Karnataka,Kodagu
"12.213, 76.904",12.2126025,76.9042142,1,Chamundeshwari Hospital,Karnataka,Mysuru
"12.215, 75.158",12.2149697,75.1575691,1,Unity Hospital,Kerala,Kasaragod
"12.217, 75.163",12.2165159,75.1626153,1,K.A.H Memorial Hospital,Kerala,Kasaragod
"12.241, 75.127",12.240731,75.1271939,1,N.K. Balakrishanan Memorial Charietable Hospital,Kerala,Kasaragod
"12.245, 75.145",12.2445108,75.1451071,1,Lakshmi Hospital,Kerala,Ernakulam
"12.257, 75.133",12.257184,75.1325797,1,Thejaswini Co-Operative Hospital And Medical Resea,Kerala,Kasaragod
"12.273, 75.367",12.2728397,75.3672001,1,Cherupuzha Medical Centre,Kerala,Kasaragod
"12.276, 76.625",12.2759132,76.6249984,1,Sindhu Eye Care,Karnataka,Mysuru
"12.283, 76.625",12.2828457,76.6253865,1,Kamakshi Hospital,Karnataka,Mysuru
"12.283, 76.652",12.2833282,76.6517995,1,Rama Krishna Hospital,Karnataka,Mysuru
"12.284, 76.629",12.2840665,76.6288059,1,Karuna Nursing Home,Karnataka,Mysuru
"12.287, 76.631",12.2869812,76.6308328,1,Apollo Bgs Hospital,Karnataka,Mysuru
"12.29, 76.649",12.290347,76.6491441,1,Mythri Hospital,Karnataka,Mysuru
"12.293, 76.637",12.292565,76.637127,1,Ashwini Nursing Home,Karnataka,Mysuru
"12.293, 76.642",12.2927656,76.6419932,1,Vinayaka Nursing Home,Karnataka,Mysuru
"12.294, 76.625",12.2938391,76.6253122,1,Harsha Hospital,Karnataka,Mysuru
"12.294, 76.653",12.294136,76.6532873,1,J.S.S. Institute Of Neprology And Urology,Karnataka,Mysuru
"12.296, 76.618",12.2964787,76.6177137,1,St Joseph Hospital,Karnataka,Chamarajanagar
"12.296, 76.626",12.296301,76.626485,1,Surya Hospital,Karnataka,Mysuru
"12.296, 76.634",12.2963166,76.6335833,1,Annapoorna Orthopaedic and Speciality Hospital,Karnataka,Mysuru
"12.297, 76.582",12.2974967,76.5820544,1,Amrita Kripa Hospital,Karnataka,Mysuru
"12.299, 76.641",12.2991967,76.6414419,1,Mysore Kidney Stone Clinic,Karnataka,Mysuru
"12.299, 76.645",12.2988066,76.6445802,1,Usha Kiran Eye Hospital and Usha Kiran Charitable Trust,Karnataka,Mysuru
"12.301, 76.288",12.3009419,76.2884592,1,Bahusar Nursing Home,Karnataka,Mysuru
"12.301, 76.635",12.3007176,76.6350077,1,Sri Annapoorna Nursing Home,Karnataka,Mysuru
"12.301, 76.643",12.300954,76.642734,1,Vasan Eye Care Hospital,Karnataka,Mysuru
"12.304, 76.654",12.3038725,76.6542664,1,Punarjyoti Eye Hospital,Karnataka,Mysuru
"12.305, 76.689",12.3049012,76.6885902,1,A V Hospital,Karnataka,Mysuru
"12.305, 76.693",12.3052618,76.6930569,1,Fortis Cauvery Heart Hospital,Karnataka,Mysuru
"12.306, 75.691",12.3056249,75.6909218,1,Shri Akhila Ravi Ayurshala,Karnataka,Kodagu
"12.308, 76.661",12.3081978,76.6608517,1,R.C. Hazra Memeorial Hospital,Jharkhand,Dhanbad
"12.308, 76.683",12.3075405,76.6826872,1,Mahadeshwara Nursing Home,Karnataka,Mysuru
"12.315, 76.647",12.3149702,76.646594,1,Chitra's Hospital,Karnataka,Mysuru
"12.32, 76.643",12.3201047,76.6427152,1,Sankalpa Hospital,Karnataka,Mysuru
"12.324, 76.625",12.3243188,76.6250227,1,Chandrakala Hospital and Institute Of Medical Research,Karnataka,Mysuru
"12.325, 76.631",12.3251339,76.631163,1,Vikram Hospital Pvt Ltd,Karnataka,Mysuru
"12.326, 76.641",12.326267,76.6405199,1,Vikram Jeshta,Karnataka,Mysuru
"12.329, 76.661",12.3287999,76.6611452,1,Padmavathi Hospitals,Andhra Pradesh,Krishna
"12.332, 76.625",12.331777,76.625334,1,Ramesh Hospital For Piles and Proctology,Karnataka,Mysuru
"12.336, 76.678",12.3361472,76.6784666,1,Thulasi Janardhan Memorial Hospital,Karnataka,Mysuru
"12.338, 76.624",12.337776,76.6240623,1,New Adarsha Hospital,Karnataka,Mysuru
"12.345, 76.64",12.3451707,76.6398272,1,Vidisha Nursing Home,Karnataka,Mysuru
"12.354, 76.615",12.3539788,76.6150156,1,Riverview Healthcare Pvt Ltd - Mysore,Karnataka,Mysuru
"12.381, 77.046",12.3810423,77.046262,1,Sri Dayananda Nursing Home,Karnataka,Mandya
"12.428, 77.229",12.4281028,77.2287875,1,Balu Nursing Home,Karnataka,Ramanagara
"12.44, 76.381",12.4400123,76.3810922,1,Chaitra Hospital,Karnataka,Mysuru
"12.44, 76.386",12.4404774,76.3862238,1,Harsha Hospital K.R.Nagar,Karnataka,Mysuru
"12.483, 74.994",12.4827061,74.9939245,1,Malik Deenar Charitable Hospital,Kerala,Kasaragod
"12.487, 74.99",12.4867432,74.9901284,1,K N H Hospital,Kerala,Kasaragod
"12.493, 76.664",12.4928616,76.6642853,1,Babu Nursing Home,Karnataka,Mandya
"12.504, 74.99",12.5036701,74.9901455,1,Institute Of Applied Dermatology,Kerala,Kasaragod
"12.519, 78.214",12.5186113,78.2137365,1,Tcr Multispeciality Hospital,Andhra Pradesh,Kurnool
"12.52, 76.892",12.5197894,76.8916829,1,Drishti Speciality Eye Clinic,Karnataka,Davangere
"12.521, 76.901",12.5206222,76.901071,1,Suraksha Nursing Home,Karnataka,Mandya
"12.522, 76.9",12.5221094,76.9004458,1,Shilpasri Nursing Home,Karnataka,Mandya
"12.523, 76.894",12.5228382,76.8937823,1,Niveditha Nursing Home,Karnataka,Mandya
"12.523, 76.898",12.522718,76.8978911,1,Archana Hospital,Karnataka,Mandya
"12.523, 76.902",12.5232554,76.9016865,1,Prashant Medical Services,Karnataka,Mandya
"12.527, 76.897",12.5267656,76.8967184,1,Kasturiba Nursing Home,Karnataka,Mandya
"12.552, 75.385",12.552162,75.3849382,1,K.V.G. Medical College Hospital,Karnataka,Dakshina Kannada
"12.558, 75.391",12.5580735,75.3907667,1,"Kvg Hospial,Sullia",Karnataka,Dakshina Kannada
"12.584, 77.043",12.5839436,77.0434934,1,Adarsha Nursung Home,Karnataka,Mandya
"12.652, 77.2",12.6521967,77.2000566,1,Mathrushree Orthopaedic And Trauma Centre,Karnataka,Ramanagara
"12.663, 80.177",12.662559,80.17743,1,Saba Hospital,Kerala,Kannur
"12.667, 79.278",12.6670587,79.2782323,1,Poly Clinic and Hospital,Andhra Pradesh,East Godavari
"12.68, 77.469",12.6800488,77.4690033,1,Subash Medical Center,Karnataka,Ramanagara
"12.708, 77.698",12.708095,77.6976763,1,Bhavana Nursing Home,Karnataka,Bengaluru Urban
"12.711, 77.691",12.7105259,77.6911295,1,Aditi Hospital,Karnataka,Bengaluru Urban
"12.719, 77.702",12.7188069,77.7018795,1,Vijaya Nursing Home,Karnataka,Bengaluru Urban
"12.719, 77.823",12.7185381,77.8229543,1,"Devaraj Government Hopital, Hunsur",Karnataka,Mysuru
"12.721, 77.808",12.7212395,77.8079576,1,Mirajkar Nursing Hoeme,Karnataka,Dharwad
"12.728, 78.351",12.7279579,78.3512397,1,P E S Institute Of Medical Sciences and Research,Andhra Pradesh,Chittoor
"12.747, 78.333",12.7470314,78.3330157,1,Sri Priya Nursing Home,Andhra Pradesh,Chittoor
"12.751, 78.34",12.7510218,78.340196,1,Rathna Childrens and General Hospital,Andhra Pradesh,Chittoor
"12.754, 75.214",12.7537022,75.2143584,1,Srinivas Nursing Home,Karnataka,Dakshina Kannada
"12.759, 75.204",12.7589534,75.2036909,1,"Chetana Hospital, Puttur",Karnataka,Dakshina Kannada
"12.761, 75.199",12.7613446,75.1985246,1,Bonanthya Hospital,Karnataka,Dakshina Kannada
"12.763, 75.098",12.763441,75.0978428,1,Community Medical Centre,Karnataka,Dakshina Kannada
"12.765, 75.099",12.7653033,75.0990746,1,Benaka Clinic,Karnataka,Dakshina Kannada
"12.768, 75.196",12.7676565,75.1960773,1,Pragathi Speciality Hospital,Karnataka,Dakshina Kannada
"12.769, 75.194",12.7693269,75.1939345,1,Sushrutha Ayurveda Hospital,Karnataka,Dakshina Kannada
"12.794, 77.706",12.7943073,77.7064163,1,Athreya Hospital,Karnataka,Bengaluru Urban
"12.798, 77.387",12.7984219,77.3872174,1,Prashanthi Hospital,Karnataka,Ramanagara
"12.808, 77.378",12.8078104,77.3782657,1,Govt Hospital Bidadi,Karnataka,Ramanagara
"12.824, 77.463",12.8235629,77.4634274,1,Guru Basava,Karnataka,Raichur
"12.839, 77.659",12.8388552,77.6587124,1,Unity Lifline Hospital Pvt Ltd,Karnataka,Bengaluru Urban
"12.845, 77.588",12.8453374,77.5881445,1,Banashankari Hospital,Karnataka,Bengaluru Urban
"12.856, 77.589",12.8561618,77.5889291,1,Vijayashree Hospitals,Karnataka,Bengaluru Urban
"12.857, 74.84",12.8566206,74.8397201,1,Earth Ayurveda Hospital,Karnataka,Dakshina Kannada
"12.857, 77.589",12.856699,77.5888559,1,Vijayashree Hospitals,Karnataka,Bengaluru Urban
"12.859, 77.592",12.8594543,77.5917489,1,Parimala Speciality Hospital,Karnataka,Bengaluru Urban
"12.86, 75.404",12.8596418,75.4038798,1,Panchami Hithaayurdhama,Karnataka,Dakshina Kannada
"12.863, 74.84",12.8630031,74.8396368,1,Government Ladygoschen Hospital,Karnataka,Dakshina Kannada
"12.863, 77.575",12.8629705,77.5750517,1,Recoup Neuromusculoskeletal Rehabilitation Centre,Karnataka,Bengaluru Rural
"12.867, 74.856",12.8667515,74.8559817,1,Highland Hospital,Karnataka,Dakshina Kannada
"12.867, 74.858",12.8669148,74.85821,1,Father Muller Hospital,Karnataka,Dakshina Kannada
"12.868, 74.837",12.8676785,74.8374788,1,Mangalore Health Care Centre,Karnataka,Dakshina Kannada
"12.868, 74.84",12.8682551,74.8403161,1,Tara Clinic,Karnataka,Dakshina Kannada
"12.868, 74.852",12.8675719,74.852187,1,Urology Research Centre and Stone Clinic,Karnataka,Dakshina Kannada
"12.869, 74.857",12.8685236,74.8574227,1,Unity Health Complex,Karnataka,Dakshina Kannada
"12.87, 74.86",12.8697174,74.8599277,1,Omega Hospital,Karnataka,Dakshina Kannada
"12.873, 77.621",12.872581,77.620843,1,Kavya Hospital,Karnataka,Bengaluru Rural
"12.874, 74.839",12.8742818,74.8386506,1,Sri Sathya Sai Nursing Home,Karnataka,Dakshina Kannada
"12.874, 74.855",12.874305,74.8550998,1,KMC Hospital,Karnataka,Dakshina Kannada
"12.875, 74.849",12.8746476,74.8486416,1,Vijaya Clinic General Hospital,Karnataka,Dakshina Kannada
"12.877, 77.583",12.8769547,77.5827175,1,T.R.Hospital,Karnataka,Bengaluru Urban
"12.879, 74.865",12.879008,74.8646665,1,Tejaswini Hospital,Karnataka,Dakshina Kannada
"12.879, 75.029",12.8787679,75.0289877,1,Prathvi Nursing Home,Karnataka,Dakshina Kannada
"12.881, 74.852",12.8811523,74.8524774,1,Vijaya Clinicandmaternity Surgical Nursing Home,Karnataka,Dakshina Kannada
"12.882, 75.03",12.8817139,75.0302321,1,Pushparaj Hospital,Karnataka,Dakshina Kannada
"12.883, 74.84",12.8828343,74.8395391,1,Sir Dharamasthala Manjunatheshwara Eye Hospital,Karnataka,Dakshina Kannada
"12.885, 77.57",12.8845351,77.5700356,1,Rajnandani Hospital - Bangalore,Karnataka,Bengaluru Rural
"12.886, 74.859",12.885647,74.8594853,1,Sanjeevani Ayurveda Chikithsalaya,Karnataka,Dakshina Kannada
"12.889, 77.597",12.8886431,77.5972884,1,Divakar's Global Hospital,Karnataka,Bengaluru Urban
"12.89, 77.597",12.8904239,77.5972383,1,Aditi Maternity and Genral Nursing Home,Karnataka,Bengaluru Urban
"12.891, 77.603",12.8905223,77.6033668,1,Yediyur Meternity Hospital,Karnataka,Bengaluru Rural
"12.891, 77.614",12.8908145,77.6142499,1,Sg Hospital,Karnataka,Bengaluru Urban
"12.892, 77.626",12.8918999,77.6258402,1,Vinayaka Health Care andMaternity Home,Karnataka,Bengaluru Rural
"12.894, 77.585",12.8938277,77.585192,1,Priyadarshini General Hospital,Karnataka,Mysuru
"12.895, 74.824",12.8947685,74.8243939,1,Dr.Geetha V.Shenoy Clinic,Karnataka,Dakshina Kannada
"12.896, 77.6",12.8960835,77.5997424,1,Parimala Health Care Services,Karnataka,Bengaluru Urban
"12.898, 77.585",12.8978624,77.5845084,1,Rajalakshmi Multispeciality Hospital,Karnataka,Bengaluru Urban
"12.898, 77.6",12.8982878,77.6002863,1,Anand Clinic,Karnataka,Bengaluru Urban
"12.898, 77.69",12.8984402,77.6903954,1,Punarjani Ayurvedic Speciality Hospital,Karnataka,Bengaluru Urban
"12.899, 77.556",12.8991292,77.5563057,1,Metro Hospital,Karnataka,Bengaluru Rural
"12.9, 75.041",12.8997037,75.0414308,1,Sri Navadurga Clinic,Karnataka,Dakshina Kannada
"12.9, 76.39",12.9000208,76.3898637,1,Kumar Nursing Home,Karnataka,Bengaluru Rural
"12.901, 77.468",12.9013459,77.4679494,1,Azad Nagar Meternity Home,Karnataka,Bengaluru Urban
"12.902, 77.56",12.9015198,77.5596242,1,Vasan Eye Care Hospital,Karnataka,Bengaluru Urban
"12.903, 77.52",12.9026124,77.519571,1,BGS Global Hospitals,Karnataka,Bengaluru Urban
"12.905, 77.604",12.9054958,77.6035809,1,Sakhi Hospital (A Unit Of Prasad Healthcare Services),Karnataka,Bengaluru Urban
"12.906, 77.543",12.9057641,77.5428665,1,Nagarathna Hospital,Karnataka,Bengaluru Urban
"12.906, 77.56",12.9055988,77.5596236,1,Sri Sai Hospital,Karnataka,Bengaluru Urban
"12.906, 77.563",12.9057693,77.562969,1,Swathi Galaxy Hospital,Karnataka,Bengaluru Urban
"12.906, 77.574",12.9063,77.5739063,1,K.S. Hospital,Karnataka,Bengaluru Urban
"12.906, 77.579",12.9055516,77.578558,1,Green City Hospital,Karnataka,Bengaluru Urban
"12.906, 77.63",12.9063872,77.6296627,1,Uma Nursing Home,Karnataka,Bengaluru Rural
"12.907, 77.573",12.9073191,77.5730864,1,Oxford Hospital,Karnataka,Bengaluru Urban
"12.907, 77.629",12.9067146,77.6290895,1,Blossom Hospital,Karnataka,Bengaluru Rural
"12.907, 77.633",12.9067292,77.6332912,1,Sree Tirumala Hospital,Karnataka,Bengaluru Rural
"12.908, 77.641",12.907814,77.6413392,1,Banashankari Referal Hospital,Karnataka,Bengaluru Urban
"12.909, 77.534",12.9094624,77.5335675,1,Sudhanva Health Care,Karnataka,Bengaluru Urban
"12.909, 77.597",12.9091748,77.597458,1,Nu Hospitals,Karnataka,Bengaluru Urban
"12.909, 77.605",12.9086378,77.6045368,1,Mahanth Hospital,Karnataka,Bengaluru Rural
"12.909, 77.649",12.9085507,77.6491195,1,Noola Nursing Home,Karnataka,Gulbarga
"12.91, 77.484",12.9103665,77.4840291,1,B G S Vivus Heart Center,Karnataka,Mandya
"12.91, 77.598",12.9104347,77.5981624,1,Apoorva Hospital,Karnataka,Davangere
"12.911, 76.383",12.9111583,76.3825553,1,Bharathi Hospital,Karnataka,Hassan
"12.911, 77.573",12.911103,77.57314,1,Bharath Nursing Home,Karnataka,Bengaluru Urban
"12.911, 77.579",12.9109937,77.5787234,1,Rajshekhar Hospital,Karnataka,Bengaluru Urban
"12.911, 77.605",12.9108829,77.604587,1,Asian Speciality Hospital(A Unit Of Orch Hospital and Healthcare Services Ltd),Karnataka,Bengaluru Urban
"12.911, 77.664",12.9114126,77.6643146,1,Bmax Hospital India Pvt Ltd,Karnataka,Bengaluru Urban
"12.912, 77.538",12.9121521,77.537726,1,Sahana Hospital,Karnataka,Bengaluru Rural
"12.912, 77.558",12.9120093,77.5583998,1,Chinmayi Hospital,Karnataka,Bengaluru Urban
"12.913, 77.579",12.9128912,77.5787769,1,Bharath Nursing Home,Karnataka,Bengaluru Urban
"12.913, 77.591",12.9126861,77.5913539,1,Rag HospitalandMaternity Centre,Karnataka,Bengaluru Urban
"12.913, 77.596",12.9126916,77.5955673,1,Mamatha Ganga Maternity Centre,Karnataka,Mysuru
"12.914, 77.629",12.9137705,77.6292697,1,Starr Hospital,Karnataka,Bengaluru Urban
"12.914, 77.637",12.9137428,77.6374282,1,Narayana Hrudayalaya Superspecialty Clinic and Diagnostic Center,Karnataka,Bengaluru Urban
"12.914, 77.678",12.9139452,77.6779284,1,Dr. Mohan Nursing Home,Karnataka,Bengaluru Urban
"12.915, 77.562",12.9153707,77.5621065,1,Orch Hospital and Healthcare Services,Karnataka,Bengaluru Urban
"12.915, 77.6",12.9146677,77.5998379,1,North Star Maternity and Nursing Home,Karnataka,Bengaluru Urban
"12.915, 77.624",12.91509,77.6238253,1,Sri Sai Ram Hospital - Bangalore,Karnataka,Bengaluru Urban
"12.916, 77.555",12.9161312,77.5548261,1,Maharaja Agrasen Hospital,Karnataka,Bengaluru Urban
"12.916, 77.577",12.9161929,77.5774844,1,Prema Nursing Home,Karnataka,Bengaluru Urban
"12.916, 77.582",12.916439,77.5824518,1,"Rajlakshmi Polyclinic and Nursing Home,",Karnataka,Bengaluru Urban
"12.916, 77.598",12.9157963,77.598176,1,Varalakshmi Hospital,Karnataka,Bengaluru Rural
"12.916, 77.614",12.9163093,77.6137701,1,Gangothri Hospital,Karnataka,Bengaluru Urban
"12.917, 77.546",12.9174767,77.5460289,1,"Vasan Eye Care Hospital, Banaswadi",Karnataka,Bengaluru Urban
"12.917, 77.595",12.9174394,77.5949199,1,Shekhar Hospital,Karnataka,Bengaluru Urban
"12.917, 77.6",12.9168029,77.6001668,1,Sri Jayadeva Institute of Cardiovascular Sciences and Research,Karnataka,Bengaluru Urban
"12.917, 77.61",12.9165757,77.6101163,1,Karanth Speciality Hospital,Karnataka,Bengaluru Rural
"12.917, 77.611",12.9167541,77.6111065,1,"Vasan Eye Care Hospital, Marathalli",Karnataka,Bengaluru Urban
"12.918, 77.483",12.9179181,77.482727,1,Adishesha Netralaya,Karnataka,Bengaluru Rural
"12.918, 77.558",12.917936,77.5578222,1,D.G. Hospital,Karnataka,Bengaluru Urban
"12.918, 77.638",12.9182699,77.6380713,1,Annayya Healthcare Pvt Ltd,Karnataka,Bengaluru Urban
"12.919, 77.605",12.9188999,77.6053065,1,Pulse Diagnostics and Specialist Care Centre,Karnataka,Bengaluru Urban
"12.919, 77.645",12.9187631,77.6449186,1,Sankalp Netralaya and Polyclinic,Karnataka,Bengaluru Urban
"12.92, 77.551",12.9203433,77.5513148,1,Cdr Medical Center,Karnataka,Bengaluru Urban
"12.92, 77.552",12.9204899,77.5515107,1,Kusuma Hospital,Karnataka,Bengaluru Urban
"12.92, 77.587",12.9204241,77.587104,1,Jayanagar Orthopaedic Centre,Karnataka,Bengaluru Urban
"12.92, 77.592",12.9204609,77.5920295,1,Sri Jayadeva Institute Of Cardiology,Karnataka,Bengaluru Urban
"12.92, 77.643",12.9200633,77.6428859,1,Green View Medical Centre,Karnataka,Bengaluru Urban
"12.921, 77.557",12.920683,77.556885,1,"Fortis Hospital, Nagarbhavi",Karnataka,Bengaluru Urban
"12.921, 77.587",12.920812,77.587344,1,J B S Nursing Home,Karnataka,Bengaluru Rural
"12.922, 77.571",12.9217594,77.5706784,1,Sevakshetra Hospital,Karnataka,Bengaluru Urban
"12.922, 77.62",12.9216826,77.6200305,1,Prashanth Hospital,Karnataka,Bengaluru Urban
"12.922, 77.645",12.922031,77.645399,1,Lake View Hospital,Karnataka,Bengaluru Urban
"12.923, 77.555",12.9234955,77.5548886,1,Prabha Eye Clinic and Research Center,Karnataka,Bengaluru Urban
"12.923, 77.587",12.9230149,77.5867675,1,Shanthi Nursing Home,Karnataka,Bengaluru Urban
"12.923, 77.604",12.9226602,77.6036491,1,Sumati Hospital,Karnataka,Bengaluru Urban
"12.923, 77.612",12.9233712,77.6123492,1,Spurthy Hospital,Karnataka,Bengaluru Urban
"12.923, 77.672",12.9233078,77.672381,1,The Eye Foundation,Karnataka,Bengaluru Urban
"12.924, 77.554",12.9236831,77.5539892,1,Udhbhava Hospital,Karnataka,Bengaluru Urban
"12.924, 77.587",12.9237111,77.5874615,1,Deepti Nursing Home,Karnataka,Bengaluru Urban
"12.924, 77.617",12.9238494,77.6173141,1,Kaveri Nursing Home Pvt. Ltd.,Karnataka,Bengaluru Rural
"12.924, 77.618",12.9236246,77.6184528,1,Shri Vinayaka Netralaya,Karnataka,Bengaluru Rural
"12.925, 77.544",12.9247108,77.5438845,1,Vishwabharathi Hospital Private Limited,Karnataka,Bengaluru Urban
"12.925, 77.565",12.9251789,77.564693,1,Bangalore Nethralaya,Karnataka,Bengaluru Urban
"12.925, 77.566",12.9248711,77.5662406,1,Saraswathi Hospital,Karnataka,Bengaluru Urban
"12.925, 77.592",12.9254199,77.591849,1,Sagar Hospital,Karnataka,Bengaluru Urban
"12.925, 77.619",12.9247325,77.6186378,1,"Abhaya Eye Hospital, Super Speciality Eye Care Centre",Karnataka,Bengaluru Urban
"12.925, 77.634",12.9248121,77.6337109,1,Kamala Nethralaya,Karnataka,Bengaluru Urban
"12.925, 77.638",12.924756,77.6382941,1,Murthy Health and Research Centre,Karnataka,Bengaluru Urban
"12.925, 80.114",12.9246632,80.1144076,1,Dr.Vijay Chaudhary Hospital,Himachal Pradesh,Kangra
"12.926, 77.564",12.9255128,77.564405,1,V.M. Laxmi,Karnataka,Bengaluru Urban
"12.926, 77.577",12.9262771,77.5773302,1,Deepak Nursing Home,Karnataka,Bengaluru Rural
"12.926, 77.584",12.9263368,77.5840064,1,Vital Medi Health Care Pvt Ltd,Karnataka,Bengaluru Urban
"12.926, 77.594",12.9255982,77.593679,1,Sunayana Eye Clinic,Karnataka,Bengaluru Urban
"12.927, 77.547",12.9272547,77.5469082,1,Abhaya Eye Hospital,Karnataka,Bengaluru Urban
"12.927, 77.579",12.927046,77.579154,1,Hi Tech Kidney Stone Hospital,Karnataka,Bengaluru Urban
"12.927, 77.616",12.9267539,77.6162491,1,City Clinic,Karnataka,Bengaluru Rural
"12.927, 77.617",12.9267346,77.616772,1,Live Hundred Hospital,Karnataka,Bengaluru Rural
"12.927, 77.639",12.9273529,77.6391039,1,Hgc Curie Centre Of Oncology,Karnataka,Bengaluru Urban
"12.928, 77.6",12.927865,77.599591,1,Sagar Apollo Hospital,Karnataka,Bengaluru Urban
"12.929, 77.517",12.9294443,77.5173072,1,Rc Hospital,Karnataka,Bengaluru Urban
"12.929, 77.552",12.9289462,77.5519962,1,Ashwini Hospital,Karnataka,Bengaluru Urban
"12.929, 77.568",12.9291952,77.5684901,1,Sri Vivekananda Sevashrama,Karnataka,Bengaluru Urban
"12.929, 77.613",12.9288874,77.6131577,1,St. Johns Hospital,Karnataka,Bengaluru Urban
"12.93, 77.55",12.9304325,77.5497613,1,Vathsalya Speciality Hospital,Karnataka,Bengaluru Urban
"12.931, 77.584",12.9309404,77.5837177,1,Excel Care Hospital,Karnataka,Bengaluru Urban
"12.931, 77.593",12.9313475,77.5932269,1,N.R.Amar Nursing Home,Karnataka,Bengaluru Urban
"12.932, 77.564",12.9323546,77.5642029,1,Nethrakashi Eye Hospital And Micro Surgical Centre,Karnataka,Bengaluru Urban
"12.932, 77.574",12.9324008,77.5735369,1,B.M.S. Nursing Home,Karnataka,Bengaluru Urban
"12.934, 77.607",12.9335748,77.607332,1,Dr Pramod Singhs Clinic and Day Care Centre,Karnataka,Bengaluru Rural
"12.934, 77.616",12.9336702,77.615816,1,The Apollo Clinic,Karnataka,Bengaluru Urban
"12.934, 77.62",12.9342661,77.6204698,1,Health Care Global Enterprises Ltd,Karnataka,Bengaluru Urban
"12.935, 77.573",12.9347488,77.5728361,1,Vittala International Institute Of Ophthalmology,Karnataka,Bengaluru Urban
"12.935, 77.574",12.9350703,77.5741292,1,Ashwini Surgical Nursing Home,Karnataka,Bengaluru Rural
"12.935, 77.588",12.9346537,77.5875584,1,Venkatagiri Nursing Home,Karnataka,Bengaluru Urban
"12.935, 77.631",12.9350101,77.6312173,1,"HCG, Koramangala",Karnataka,Bengaluru Urban
"12.936, 77.567",12.9360846,77.5668069,1,Balaji Hospital and Gastroenterology Center,Karnataka,Bengaluru Urban
"12.936, 77.584",12.9363964,77.5843922,1,Amrish Oncology Services Pvt Ltd,Gujarat,Gandhinagar
"12.936, 77.614",12.9360912,77.6137888,1,Balaji Gastroenterlogy Hospital,Gujarat,Mahesana
"12.936, 77.616",12.9361155,77.61584,1,Vaatsalaya Hospital,Karnataka,Bengaluru Urban
"12.937, 77.574",12.9368894,77.5742909,1,Bharathi Nursing Home,Karnataka,Bengaluru Urban
"12.937, 77.626",12.9367161,77.6263761,1,Abhilash Hospital And Sara Rehabilitation Centre,Karnataka,Bengaluru Urban
"12.937, 77.641",12.9369154,77.6407258,1,Acura Speciality Hospital,Karnataka,Bengaluru Urban
"12.939, 77.553",12.9390172,77.5528742,1,Dr. Natesh E.N.T and Surgical Care Centre,Karnataka,Bengaluru Urban
"12.939, 77.563",12.93921,77.5626634,1,Sunetra Eye Hospital,Karnataka,Bengaluru Urban
"12.939, 77.567",12.9385484,77.5667188,1,Hosahalli Referal Hospital,Karnataka,Bengaluru Urban
"12.939, 77.619",12.9391366,77.6192738,1,Sidvin Hospital Pvt Ltd,Karnataka,Bengaluru Urban
"12.939, 77.626",12.9387563,77.6260423,1,"Vasan Eye Care Hospital, Koramangala",Karnataka,Bengaluru Urban
"12.94, 77.545",12.9404645,77.5450365,1,Bangalore Assisted Conception Center Pvt Ltd,Karnataka,Bengaluru Urban
"12.94, 77.553",12.9400567,77.5529916,1,Gururaja Nursing Home,Karnataka,Bengaluru Urban
"12.94, 77.576",12.940241,77.576438,1,Gunasheela Surgical and Maternity Hospital,Karnataka,Bengaluru Urban
"12.941, 77.552",12.9407598,77.5515289,1,Namratha Nursing And Maternity Home,Karnataka,Bengaluru Urban
"12.942, 77.525",12.9420288,77.525297,1,Mysore Road Hi Tech Hospital,Karnataka,Bengaluru Urban
"12.942, 77.547",12.9419237,77.5469674,1,The Pulse Multi Speciality Hospital,Karnataka,Bengaluru Urban
"12.942, 77.558",12.9420409,77.5579577,1,Kamala Nursing Home,Karnataka,Bengaluru Urban
"12.942, 77.583",12.9416561,77.5830294,1,Padmashree Nursing Home and Maternity Home,Karnataka,Bengaluru Urban
"12.942, 77.592",12.941633,77.5923327,1,Dr Satturs Hospital,Karnataka,Bengaluru Urban
"12.942, 77.608",12.9418628,77.6081249,1,Sankalpa Nursing Home,Karnataka,Bengaluru Urban
"12.943, 77.547",12.9426735,77.5470011,1,Venkateshwara Maternity and Surgical Center,Karnataka,Bengaluru Urban
"12.943, 77.564",12.9425877,77.564264,1,Vishwabharathi Hospital Pvt. Ltd,Karnataka,Bengaluru Urban
"12.943, 77.6",12.9426465,77.599995,1,Shiva Nursing Home,Karnataka,Bengaluru Urban
"12.943, 77.601",12.9430799,77.6013678,1,Sree Venkateshwara Speciality Hospital,Karnataka,Bengaluru Urban
"12.943, 77.616",12.9427798,77.6162023,1,J P Dental Clinic,Karnataka,Bengaluru Urban
"12.944, 75.787",12.9441511,75.7865653,1,Kamaldev Day Care Clinic,Karnataka,Hassan
"12.944, 77.548",12.9444846,77.5483282,1,Sri Ram Nursing Home,Karnataka,Bengaluru Urban
"12.944, 77.554",12.9444533,77.5537803,1,Trinetraalaya Eye Care and Surgical Centre,Karnataka,Bengaluru Urban
"12.944, 77.555",12.9440808,77.5547283,1,Sannidhi Speciality Center,Karnataka,Bengaluru Urban
"12.944, 77.58",12.9436431,77.5799234,1,Trinity Hospital And  Heart Foundation,Karnataka,Bengaluru Urban
"12.945, 77.497",12.9453066,77.4971113,1,Sri Rajeshwari Hospital,Karnataka,Bengaluru Urban
"12.945, 77.586",12.9454597,77.5863846,1,Lalbagh Ivf Centre,Karnataka,Bengaluru Urban
"12.945, 77.598",12.9451479,77.5977548,1,"Vasan Eye Care Hospital, Rajarajeswari Nagar",Karnataka,Bengaluru Urban
"12.946, 77.567",12.945843,77.5674499,1,Shekhar Hospital,Karnataka,Bengaluru Urban
"12.946, 77.597",12.945783,77.59732,1,M.G. Speciality Health Care (A Unit Of Mgmi Hospitals(India) Pvt Ltd),Karnataka,Bengaluru Urban
"12.947, 77.572",12.946587,77.5722657,1,Medikeris Superspecaility Ent Centre,Karnataka,Bengaluru Urban
"12.947, 77.575",12.9466558,77.5752895,1,Medikeri's Super Speciality Ent Centre,Karnataka,Bengaluru Urban
"12.947, 77.597",12.9472971,77.5965842,1,V.S. Specialist Medical Centre and Neurological Research Institute Pvt. Ltd.,Karnataka,Bengaluru Urban
"12.948, 77.563",12.9477453,77.5626566,1,Suvidha Mother and Child Nursing Home,Jammu and Kashmir,Jammu
"12.948, 77.572",12.948411,77.5720259,1,Vijaya Eye Clinic and Research Center,Karnataka,Bengaluru Urban
"12.948, 77.594",12.948484,77.593987,1,Manjunath Hospital,Karnataka,Bengaluru Urban
"12.948, 77.7",12.948263,77.699518,1,Vims Heart Centre And Hospitals,Karnataka,Bengaluru Urban
"12.949, 77.574",12.9486453,77.5743261,1,Geetha Nursing Home,Karnataka,Bengaluru Urban
"12.949, 77.595",12.9489069,77.5949809,1,Karthik Hospital,Karnataka,Bengaluru Urban
"12.95, 77.598",12.949509,77.598059,1,Agadi Hospital,Karnataka,Bengaluru Urban
"12.951, 77.592",12.9510077,77.591831,1,Bhaanu Nursing Home,Karnataka,Bengaluru Rural
"12.951, 77.599",12.9508982,77.5994652,1,Suprabha Medical Center,Karnataka,Bengaluru Urban
"12.952, 77.578",12.952309,77.5779576,1,Sirasi Road Meternity Home,Karnataka,Bengaluru Urban
"12.953, 77.532",12.953321,77.531756,1,HCG Bengaluru Institute Of Oncology,Karnataka,Bengaluru Urban
"12.953, 77.654",12.9530908,77.6535137,1,Petal Hospital,Karnataka,Bengaluru Urban
"12.954, 77.586",12.9544164,77.585561,1,Prashanth Hospital-,Karnataka,Bengaluru Rural
"12.955, 77.539",12.9553664,77.5390317,1,Shalini Nursing Home,Karnataka,Bengaluru Urban
"12.955, 77.545",12.9550299,77.5446814,1,Balaji Nursing Home,Karnataka,Bengaluru Urban
"12.955, 77.567",12.9548697,77.567273,1,Kalasa Maternity Home,Karnataka,Bengaluru Urban
"12.955, 77.591",12.9551113,77.5913344,1,Ashirwad Hospital,Maharashtra,Pune
"12.955, 77.614",12.9550291,77.6142102,1,Get Well Hospital,Karnataka,Bengaluru Urban
"12.955, 77.643",12.9552245,77.6428066,1,Ayurvaid Hospital,Karnataka,Bengaluru Urban
"12.956, 77.556",12.9561171,77.5558117,1,Amar Nursing Home,Karnataka,Bengaluru Urban
"12.956, 77.694",12.9562059,77.6943243,1,M.G.A.Hospital,Karnataka,Bengaluru Urban
"12.956, 77.696",12.956496,77.6960739,1,"The Apollo Clinic (Only For Sahara), Bangalore",Karnataka,Bengaluru Urban
"12.956, 77.711",12.9556983,77.7112837,1,Yashomati Hospitals Pvt.Ltd.,Karnataka,Bengaluru Urban
"12.956, 77.716",12.9559093,77.7156859,1,Sri Kanchi Kamakoti Medical Trust Sankara Eye Hosp,Karnataka,Bengaluru Urban
"12.957, 77.531",12.9571634,77.5311738,1,Gautham Nursing Home,Karnataka,Bengaluru Rural
"12.957, 77.552",12.957204,77.5522639,1,Soubhagya Medical Centre and Hospital,Karnataka,Bengaluru Urban
"12.957, 77.564",12.9571328,77.5643107,1,The Venlakh Hospital,Karnataka,Bengaluru Urban
"12.957, 77.597",12.9570335,77.5968356,1,Shantinagar Meternity Hospital,Karnataka,Bengaluru Urban
"12.957, 77.605",12.956869,77.604755,1,Dr Agarwal's Eye Hospital,Karnataka,Bengaluru Urban
"12.957, 77.707",12.9566252,77.7073206,1,Lions Airport City Hospital,Karnataka,Bengaluru Urban
"12.958, 77.226",12.9576756,77.2261452,1,Taluk Hospital Magadi,Karnataka,Bengaluru Urban
"12.958, 77.534",12.958047,77.5341765,1,Divya Drishti Eye Hospital,Karnataka,Bengaluru Urban
"12.958, 77.569",12.9578825,77.5690132,1,Brindavan Nursing Home,Karnataka,Bengaluru Urban
"12.958, 77.571",12.9581124,77.5712995,1,Jubilee Nursing Home,Karnataka,Bengaluru Urban
"12.958, 77.604",12.9582183,77.6044998,1,Nephrolife Care India Pvt.Ltd,Karnataka,Bengaluru Urban
"12.959, 77.534",12.9587229,77.533835,1,Sharavathi Hospitals (P) Ltd.,Karnataka,Bengaluru Urban
"12.96, 77.531",12.9601053,77.5311229,1,A.M. Hospital,Karnataka,Bengaluru Urban
"12.96, 77.575",12.9597251,77.5747125,1,Dr. Mukund G.Shah,Gujarat,Vadodara
"12.96, 77.708",12.9600447,77.7083461,1,Yashomati Hospitals Pvt Ltd,Karnataka,Bengaluru Urban
"12.961, 77.637",12.9612248,77.6373439,1,Cloudnine Hospital Pvt. Ltd.,Karnataka,Bengaluru Urban
"12.961, 77.639",12.9609857,77.6387316,1,CGHS Dispensary No.8,Karnataka,Bengaluru Urban
"12.962, 77.522",12.9617571,77.5216056,1,"Panacea Hospital, Nagarabhavi",Karnataka,Bengaluru Urban
"12.962, 77.563",12.9617715,77.5632619,1,Amar Hospital,Karnataka,Bengaluru Urban
"12.962, 77.612",12.9624895,77.611882,1,St. PhilominaS Hospital,Karnataka,Bengaluru Urban
"12.962, 77.638",12.9618305,77.6378198,1,"Vasan Eye Care Hospital, Hsr Layout",Karnataka,Bengaluru Urban
"12.962, 77.672",12.9621596,77.6723254,1,Shree Anugraha Hospital,Karnataka,Bengaluru Urban
"12.963, 77.592",12.9628608,77.5917086,1,H.C.G Bangalore Institute Of Oncology Speciality C,Karnataka,Bengaluru Urban
"12.963, 77.594",12.9634179,77.5938311,1,Raheja Diagnostics,Karnataka,Bengaluru Urban
"12.963, 77.658",12.9626568,77.6577566,1,Krupa Nursing Home,Karnataka,Mandya
"12.963, 77.681",12.962606,77.6812236,1,Kareem E.N.T and Multispeciality Centre,Karnataka,Bengaluru Urban
"12.963, 78.272",12.9626823,78.2717878,1,Santhosh Nursing Home,Karnataka,Kolar
"12.963, 80.186",12.9628521,80.1862917,1,Cs Multispeciality Hospital,Karnataka,Ballari
"12.964, 77.522",12.9639945,77.5224481,1,Manasa Hospital,Karnataka,Bengaluru Urban
"12.964, 77.571",12.9644418,77.5705436,1,Cottonpet Meternity Home,Karnataka,Bengaluru Urban
"12.964, 77.585",12.96361,77.5850308,1,Dasappa Meternity Hospital,Karnataka,Bengaluru Urban
"12.964, 77.607",12.9644017,77.6069122,1,St. Philomenas Hospital - Bangalore,Karnataka,Bengaluru Urban
"12.964, 77.642",12.9644774,77.6416471,1,Columbia Asian Medical Center-Hebbal,Karnataka,Bengaluru Urban
"12.964, 77.672",12.9643314,77.6716809,1,Hal Hospital,Karnataka,Bengaluru Urban
"12.964, 80.141",12.9643509,80.1411433,1,"KMC Hospital, Ambedkar Circle",Karnataka,Dakshina Kannada
"12.965, 77.517",12.9650486,77.5168536,1,Panacea Hospital Nagarbhavi ( A Unit Of Pan Nagarbhavi Hospital Pvt.Ltd.) - Bangalore,Karnataka,Bengaluru Urban
"12.965, 77.549",12.9646079,77.5492789,1,Roopa Nursing Home,Karnataka,Mandya
"12.965, 77.591",12.9647552,77.5908972,1,Bangalore Institute of Oncology,Karnataka,Bengaluru Urban
"12.965, 77.657",12.9648804,77.6568339,1,Deepika Health Care,Karnataka,Bengaluru Urban
"12.966, 77.565",12.9656578,77.5652661,1,Karthik Nethralaya,Karnataka,Bengaluru Urban
"12.966, 77.566",12.9656111,77.5663488,1,Karnataka Medical Centre,Karnataka,Bengaluru Urban
"12.966, 77.595",12.9663958,77.5945236,1,Republic Hospital,Karnataka,Bengaluru Urban
"12.967, 77.524",12.9671984,77.523846,1,Anugraha Hospital,Karnataka,Bengaluru Urban
"12.967, 77.589",12.9671048,77.5893263,1,Bangalore Kidney Stones Hospial,Karnataka,Bengaluru Urban
"12.967, 77.6",12.9668015,77.6000686,1,Sankarambal Nursing Home,Karnataka,Bengaluru Urban
"12.967, 77.64",12.9672543,77.6402949,1,Gift Fertility Centre,Karnataka,Bengaluru Urban
"12.967, 80.209",12.9670443,80.2091237,1,Medicare Hospital,Karnataka,Bengaluru Urban
"12.968, 77.523",12.9678728,77.5234315,1,Kumar Nethralaya,Karnataka,Bengaluru Urban
"12.968, 77.593",12.9679334,77.5930431,1,Ganesh Nursing and Maternity Home,Karnataka,Ramanagara
"12.968, 77.595",12.9679749,77.595018,1,Mallya Hospital,Karnataka,Bengaluru Urban
"12.968, 77.649",12.9683482,77.6487167,1,Beams Hospitals Private Limited,Karnataka,Bengaluru Urban
"12.968, 77.651",12.9683434,77.6508082,1,Dr Chaitanyas Hospital,Karnataka,Bengaluru Urban
"12.969, 77.57",12.9688855,77.5698292,1,Babu Clinic and Piles Proctology Hospital,Karnataka,Bengaluru Urban
"12.97, 77.579",12.9701331,77.5785466,1,B.S. Narayan Memorial Hospital,Karnataka,Bengaluru Urban
"12.97, 77.587",12.969805,77.587251,1,St. Marthas Hospital,Karnataka,Bengaluru Urban
"12.97, 77.64",12.9703034,77.6402636,1,Maruthi Hospital,Karnataka,Bengaluru Urban
"12.971, 77.536",12.9713363,77.5355137,1,Vidhya Eye Hospital,Karnataka,Bengaluru Urban
"12.971, 77.581",12.9709924,77.5807246,1,Sri Rama Nursing Home,Karnataka,Bengaluru Urban
"12.971, 77.587",12.9713221,77.5869159,1,St. Martha'S Heart Center (Managed By Narayana Health),Karnataka,Bengaluru Urban
"12.971, 77.632",12.9709184,77.6318371,1,Vijai Hospital - Bangalore,Karnataka,Bengaluru Urban
"12.971, 77.698",12.9712265,77.6979487,1,Sbf Health,Karnataka,Bengaluru Urban
"12.972, 77.515",12.9723418,77.5147716,1,Sri Sai North Side Hospital,Karnataka,Bengaluru Urban
"12.972, 77.627",12.971684,77.6274826,1,Cambridge Hospital,Karnataka,Bengaluru Urban
"12.972, 77.653",12.9724611,77.652951,1,Sri Vinayaka Nursing Home,Karnataka,Bengaluru Urban
"12.972, 77.718",12.9722607,77.7175003,1,Vydehi Institute Of Medical Sciencs And  Research Center,Karnataka,Bengaluru Urban
"12.973, 77.541",12.973229,77.5414193,1,Kids Care Clinic,Karnataka,Bengaluru Urban
"12.973, 77.543",12.9729113,77.5426016,1,Bhilai Hospital,Chhattisgarh,Durg
"12.973, 77.579",12.9726995,77.5789771,1,M S R Hospital,Karnataka,Ballari
"12.973, 77.616",12.9732998,77.6161791,1,Preethi Centre For Oncology,Karnataka,Mysuru
"12.973, 77.633",12.972602,77.6328805,1,Sanjivani Govt Hospital and Research Centre,Karnataka,Hassan
"12.973, 77.641",12.973007,77.641386,1,G. G. Hospital,Karnataka,Bengaluru Urban
"12.973, 77.649",12.9726365,77.6485734,1,Bharghavi Reddy Women and Children Hospital,Karnataka,Bengaluru Urban
"12.974, 77.529",12.9738208,77.5288881,1,Sampreeti Hospital,Assam,Sivasagar
"12.974, 77.638",12.9737668,77.6382716,1,Laser Vision Netralaya,Karnataka,Bengaluru Urban
"12.974, 77.646",12.9738195,77.6461409,1,Axon Speciality Hospital,Karnataka,Bengaluru Urban
"12.974, 77.652",12.9738235,77.6522191,1,Kakde Nursing Home,Karnataka,Bengaluru Urban
"12.975, 77.515",12.9746047,77.514911,1,"Vasan Eye Care Hospital, Nagarabhavi",Karnataka,Bengaluru Urban
"12.975, 77.579",12.9752996,77.5789317,1,Bangalore Medical Centre,Karnataka,Bengaluru Urban
"12.975, 77.636",12.9750457,77.6362898,1,Navashakthi Nethralaya,Karnataka,Bengaluru Urban
"12.975, 77.68",12.9751602,77.6797392,1,Sakthi Nursing Home,Karnataka,Bengaluru Urban
"12.976, 77.533",12.9761414,77.5326436,1,Bharathy Hospital,Karnataka,Bengaluru Urban
"12.976, 77.54",12.9756589,77.539975,1,Susheel Hospital,Karnataka,Bengaluru Urban
"12.976, 77.58",12.976253,77.5796279,1,Murthy Nursing Home,Karnataka,Ballari
"12.976, 77.619",12.9761636,77.618759,1,Nikad Ortho Centre,Karnataka,Bengaluru Urban
"12.977, 77.565",12.9771672,77.5647668,1,Chethana Maternity Nursing Home,Karnataka,Mandya
"12.978, 77.59",12.9775613,77.5904455,1,Changuna Netralaya,Maharashtra,Chandrapur
"12.978, 77.637",12.9780176,77.6372673,1,Sapthagiri Digitial Imaging Center Pvt Ltd,Karnataka,Bengaluru Urban
"12.978, 77.638",12.9783012,77.6379484,1,Chinmaya Narayana Super Specialty Centre,Karnataka,Bengaluru Urban
"12.978, 77.639",12.9782859,77.6387567,1,Narayana Hrudayalaya Cmh Hospital,Karnataka,Bengaluru Urban
"12.978, 77.645",12.9782591,77.6448425,1,Chinmaya Mission Hospital,Karnataka,Bengaluru Urban
"12.979, 77.511",12.978512,77.5108822,1,Brinda Hospital,Karnataka,Bengaluru Urban
"12.979, 77.547",12.9786112,77.5471409,1,Kavitha Hospital,Karnataka,Bengaluru Urban
"12.979, 77.559",12.9786865,77.558801,1,Venkateshwara Eye Clinic,Karnataka,Bengaluru Urban
"12.981, 74.823",12.9814337,74.8233274,1,Misquith and Rao`S Hospital,Karnataka,Dakshina Kannada
"12.981, 77.526",12.9813958,77.5264159,1,Karthik Netralaya Institute Of Opthalmology Pvt Ltd,Karnataka,Bengaluru Urban
"12.981, 77.531",12.980664,77.5306031,1,Dhanush Hospital,Karnataka,Bengaluru Urban
"12.981, 77.606",12.9813349,77.6062649,1,Bowring and Lady Curzon Hospitals,Karnataka,Bengaluru Urban
"12.981, 77.639",12.9808112,77.6389895,1,Rashmi Nursing Home,Karnataka,Bengaluru Urban
"12.981, 77.64",12.9805678,77.6397077,1,Siddhi Eye Care,Karnataka,Bengaluru Urban
"12.981, 80.207",12.9808209,80.2066073,1,Shridevi Hospital,Karnataka,Tumakuru
"12.982, 77.629",12.9817147,77.6285585,1,Sadhana Eye Hospital,Karnataka,Bengaluru Urban
"12.982, 77.642",12.9818806,77.6423594,1,Krishna Hospital,Andhra Pradesh,Kurnool
"12.983, 77.603",12.9832684,77.60342,1,Bowring and Lady Curzon Hospital,Karnataka,Bengaluru Urban
"12.983, 77.675",12.9832113,77.6751206,1,Shakthikrupa Nursing Home,Karnataka,Bengaluru Urban
"12.983, 77.68",12.982531,77.6799123,1,Sree Lakshmi Hospital,Karnataka,Bengaluru Urban
"12.983, 80.221",12.9831164,80.2207518,1,Dr. Meenakshi Jain Hospital,Haryana,Jind
"12.984, 77.678",12.983828,77.6781997,1,Vijayanagar Global Hospital,Karnataka,Bengaluru Urban
"12.985, 77.58",12.9851615,77.5803852,1,Mallige Medical Centre,Karnataka,Bengaluru Urban
"12.985, 77.602",12.9852083,77.6022212,1,Vagh Eye Centre,Karnataka,Bengaluru Urban
"12.985, 77.604",12.9851721,77.6037023,1,Dharamsi Hospital,Maharashtra,Sangli
"12.985, 77.61",12.9851507,77.6104336,1,Bibi Ayesha Milli Hospital,Karnataka,Mysuru
"12.985, 77.618",12.9848386,77.6184733,1,Sai Jyothi Netra Seva,Karnataka,Bengaluru Urban
"12.986, 77.523",12.9858898,77.523158,1,Nanjamma Javaregowda Hospital,Karnataka,Mysuru
"12.986, 77.535",12.9861693,77.5348568,1,Raksha Multispeciality Hospital,Karnataka,Bengaluru Urban
"12.986, 77.537",12.9862578,77.5374814,1,Punya Hospital,Karnataka,Bengaluru Urban
"12.986, 77.54",12.9864565,77.5395269,1,Vinayaka Nethralaya,Karnataka,Bengaluru Urban
"12.986, 77.558",12.986458,77.5581473,1,Spandana Nursing Home,Karnataka,Bengaluru Urban
"12.986, 77.56",12.98622,77.559833,1,Sri Dhavantari Ayurveda Hoapital,Karnataka,Bengaluru Urban
"12.986, 77.62",12.9864397,77.6197261,1,Lakeside Medical Center And Hospital,Karnataka,Bengaluru Urban
"12.986, 80.194",12.9855865,80.1938203,1,Gajanan Hospital,Maharashtra,Akola
"12.987, 78.179",12.9872315,78.1789163,1,Sushruta Hospital and Maternity Home,Karnataka,Kolar
"12.989, 74.805",12.9889186,74.8054361,1,Dr Murthys Eye Care Centre,Karnataka,Dakshina Kannada
"12.989, 75.279",12.9891427,75.2787425,1,Community Health Centre,Karnataka,Dakshina Kannada
"12.989, 77.507",12.989393,77.506555,1,Ashraya Medinova Pvt Ltd,Karnataka,Bengaluru Rural
"12.989, 77.559",12.9890161,77.5591649,1,Columbia Asia Referral Hospital,Karnataka,Bengaluru Urban
"12.989, 77.582",12.9890609,77.5820957,1,Mallige Medical Centre,Karnataka,Bengaluru Urban
"12.989, 78.181",12.9887508,78.1808705,1,Oswal Hospital,Karnataka,Kolar
"12.99, 77.553",12.9900215,77.5532345,1,Suresh Hospital - Bangalore,Karnataka,Bengaluru Urban
"12.99, 77.611",12.9897155,77.6107786,1,Timmaya Road Meternity Hospital,Karnataka,Bengaluru Urban
"12.99, 77.655",12.989896,77.6547039,1,Doddappa Nursing Home,Karnataka,Kolar
"12.991, 77.532",12.9907346,77.5319638,1,Sneha Ent Hospital,Karnataka,Bengaluru Urban
"12.991, 77.551",12.991497,77.5508432,1,Curls and Curves Hair Transplantation and Cosmetic Sur,Karnataka,Bengaluru Urban
"12.991, 77.578",12.991069,77.5777401,1,Jayashree Nursing Home,Karnataka,Bengaluru Urban
"12.991, 77.579",12.9912435,77.5791338,1,Dr. Arvind Shenoi,Karnataka,Bengaluru Urban
"12.991, 77.593",12.991414,77.5925026,1,Al-Ameen Hospital,Karnataka,Bengaluru Urban
"12.991, 78.179",12.9914907,78.1787597,1,Sahara Nursing and Maternity Home,Karnataka,Kolar
"12.992, 75.288",12.9922045,75.2881258,1,Jyothi Hospital,Karnataka,Dakshina Kannada
"12.992, 77.533",12.9918208,77.5331332,1,Matru Nursing Home And Trauma Care Centre,Karnataka,Bengaluru Urban
"12.992, 77.538",12.9916919,77.5384217,1,Aruna Netralaya,Karnataka,Bengaluru Urban
"12.992, 77.566",12.9917169,77.5664805,1,Hitech Kidney Stone Hospital,Karnataka,Bengaluru Urban
"12.992, 77.579",12.9920891,77.5794397,1,Fortis Hospital,Karnataka,Bengaluru Urban
"12.992, 77.582",12.9922015,77.5821803,1,Accident Relife Care,Karnataka,Bengaluru Urban
"12.992, 77.6",12.9921542,77.6001477,1,J M J Hospital,Karnataka,Bengaluru Urban
"12.993, 77.573",12.9931308,77.5728546,1,Mahaveer Eye Hospital Private Limited,Karnataka,Bengaluru Urban
"12.993, 77.61",12.9925861,77.6098673,1,Eye Care Centre,Karnataka,Bengaluru Urban
"12.994, 77.53",12.994369,77.5298954,1,Raj Mahal Vilas Hospital,Karnataka,Bengaluru Urban
"12.994, 77.534",12.9935833,77.5342741,1,Panacea Hospitals Private Limited,Karnataka,Bengaluru Urban
"12.994, 77.551",12.9941257,77.5508542,1,Dr Raos Maternity Hospital,Karnataka,Bengaluru Urban
"12.994, 77.573",12.9936758,77.5733436,1,Radha Maternity and Surgical Hospital,Karnataka,Bengaluru Urban
"12.995, 77.598",12.9950154,77.5979189,1,Dr. Sailaja's Super Speciality Eye Hospital,Karnataka,Bengaluru Urban
"12.995, 77.615",12.9950476,77.6147422,1,"Dr.Agarwal Eye Hospital, Frazer Town, Bangalore",Karnataka,Bengaluru Urban
"12.995, 77.625",12.9950808,77.6250965,1,Chitra Clinic And Nursing Home,Karnataka,Bengaluru Urban
"12.996, 77.534",12.9958829,77.5335329,1,Vijaya Hospital,Karnataka,Bengaluru Urban
"12.996, 77.55",12.9956355,77.5504955,1,Chord Road Hospital Pvt Ltd,Karnataka,Bengaluru Urban
"12.996, 77.573",12.9961984,77.5734176,1,Sri Maruthi Nursing Home,Karnataka,Bengaluru Urban
"12.996, 77.61",12.9962315,77.6099173,1,Seventh Day Adventist Medical Centre,Karnataka,Bengaluru Urban
"12.996, 80.251",12.9955442,80.2514885,1,Joseph Clinic,Karnataka,Bengaluru Urban
"12.997, 77.54",12.9969395,77.5404847,1,Kutch Ortho Surge Hospital,Gujarat,Kachchh
"12.998, 77.553",12.9981905,77.5533462,1,Varalakshmi Nursing and Maternity Home,Karnataka,Bengaluru Urban
"12.998, 77.579",12.998271,77.5786083,1,Bilva Hospital,Karnataka,Bengaluru Urban
"12.998, 77.581",12.9982021,77.580725,1,Lakshmi Nursing Home,Karnataka,Bengaluru Urban
"12.999, 77.54",12.9993935,77.540421,1,Jayashree Multispeciality Hospital,Karnataka,Bengaluru Urban
"12.999, 77.62",12.9994421,77.6197371,1,Coxtown Meternity Hospital,Karnataka,Bengaluru Urban
"12.999, 77.674",12.9992734,77.6738935,1,Bharath Hospital and Institute Of Oncology,Karnataka,Mysuru
"13.0, 77.537",13.000459,77.5369296,1,Punya Hosptal,Karnataka,Bengaluru Urban
"13.0, 77.545",12.9999003,77.5448589,1,Sneha Nursing Home,Karnataka,Bengaluru Urban
"13.0, 77.56",12.9995007,77.5599848,1,Nayak Hospital,Karnataka,Bengaluru Urban
"13.0, 77.566",12.9996981,77.5662847,1,Jupiter Hospital And Institute Of Vascular Surgery,Karnataka,Bengaluru Urban
"13.0, 77.568",12.9999879,77.5680956,1,Vijaya Ent Care Centre,Karnataka,Bengaluru Urban
"13.0, 77.569",13.0001221,77.5688241,1,Latha Nursing Home,Karnataka,Davangere
"13.001, 77.572",13.0009978,77.5715523,1,Leela Hospital and Diagnostic Center,Karnataka,Bengaluru Urban
"13.001, 77.574",13.0013627,77.5742402,1,Malleswaram Eye Day Care Hospital - Bengalore,Karnataka,Bengaluru Urban
"13.001, 77.576",13.0009245,77.5756987,1,Narayana Super Speciality Hospital,Karnataka,Bengaluru Urban
"13.002, 77.57",13.0018482,77.5697162,1,Lakshmi Maternity Home,Karnataka,Bengaluru Urban
"13.002, 77.575",13.0018523,77.5745652,1,Atreya Charitable Trust,Karnataka,Bengaluru Urban
"13.002, 77.631",13.0017513,77.6312199,1,Kamath Nursing Home,Karnataka,Bengaluru Urban
"13.004, 77.937",13.0044971,77.9372339,1,Sanjana Hospital,Karnataka,Kolar
"13.005, 77.587",13.0046163,77.5870535,1,Narayana Hrudayalaya Pvt Ltd,Karnataka,Kolar
"13.005, 77.704",13.0050221,77.7036163,1,Maithri Nursing Homeand Diagnostic,Karnataka,Bengaluru Urban
"13.006, 77.554",13.0061399,77.5537558,1,St. Theresa'S Hospital,Karnataka,Bengaluru Urban
"13.006, 77.612",13.0055118,77.612314,1,Mediscope Hospital,Karnataka,Bengaluru Urban
"13.007, 76.1",13.0068142,76.0995519,1,Chamarajendra Hospital,Karnataka,Hassan
"13.007, 77.549",13.0066193,77.5491304,1,Ratkal Speciality Clinic,Karnataka,Bengaluru Urban
"13.007, 77.556",13.0070025,77.5556028,1,Pragathi Nursing Home,Karnataka,Bengaluru Urban
"13.007, 77.571",13.0071731,77.5707558,1,Shaker Nursing Home,Karnataka,Bengaluru Urban
"13.007, 77.581",13.0067174,77.5814238,1,"Nova Medical Center, Sadashiv Nagar",Karnataka,Bengaluru Urban
"13.008, 77.506",13.0077333,77.5055679,1,Jai Maruthi Hospital,Karnataka,Bengaluru Rural
"13.008, 77.547",13.008245,77.546926,1,Sangolli Nursing Home,Karnataka,Bengaluru Urban
"13.008, 77.563",13.0082512,77.5632061,1,Kids Clinic India Pvt.Ltd.- Cloudnine,Karnataka,Bengaluru Urban
"13.008, 77.698",13.0076532,77.6980626,1,Suresh Hospital,Karnataka,Bengaluru Urban
"13.009, 77.526",13.0087538,77.5263961,1,Ravi Kirlosker Memorial Hospital,Karnataka,Bengaluru Urban
"13.009, 77.541",13.008932,77.540603,1,Shankara Nethralaya Eye Hospital,Karnataka,Bengaluru Urban
"13.009, 77.555",13.0091495,77.5550075,1,St. Theresa's Hospital,Karnataka,Bengaluru Urban
"13.01, 76.103",13.0097539,76.102906,1,Janatha Hospital and Research Center,Karnataka,Hassan
"13.01, 77.538",13.0103904,77.538296,1,Dr Varmas Jyothi Prasad Nursing Home Pvt Ltd,Karnataka,Bengaluru Urban
"13.01, 77.559",13.0103758,77.5590452,1,"Nethradhama Superspeciality Eye Hospital - Rajajinagar, Bangalore",Karnataka,Bengaluru Urban
"13.01, 77.619",13.0100273,77.6185286,1,Mediscon Nursing Home,Karnataka,Bengaluru Urban
"13.012, 77.557",13.0123801,77.5570553,1,Columbia Asia Referral Hospital,Karnataka,Bengaluru Urban
"13.012, 77.605",13.0122294,77.6050075,1,Padmabhushan Dr.M.C.Modi Charitable Eye Hospital,Karnataka,Bengaluru Urban
"13.012, 77.677",13.01177,77.676584,1,Batra Hospital,Madhya Pradesh,Bhopal
"13.013, 77.616",13.012684,77.616496,1,Al- Habeeb Hospital,Karnataka,Bengaluru Urban
"13.013, 77.637",13.0127953,77.6374848,1,R K Hospital,Karnataka,Bengaluru Urban
"13.014, 75.306",13.0142847,75.3060544,1,Sri Damodar Hospital,Karnataka,Dakshina Kannada
"13.014, 77.644",13.0135067,77.6441557,1,Kranthi Speciality Hospital,Karnataka,Bengaluru Rural
"13.014, 77.651",13.0136121,77.650656,1,Asha Nursing Home,Karnataka,Bengaluru Urban
"13.015, 77.52",13.0152952,77.5203623,1,Sai Baba Hospital,Karnataka,Bengaluru Urban
"13.015, 77.531",13.0145722,77.5307965,1,Nandini Layout Meternity Home,Karnataka,Bengaluru Urban
"13.015, 77.67",13.014682,77.6702166,1,Zion Hospital And Research Centre Pvt.Ltd.,Karnataka,Bengaluru Urban
"13.015, 77.678",13.0153803,77.677642,1,Sri Sai Eye Hospital,Karnataka,Bengaluru Urban
"13.015, 80.209",13.0151965,80.2089209,1,Suraj Hospital Pvt. Ltd.,Karnataka,Davangere
"13.016, 77.534",13.0159906,77.5338233,1,J.P.Nursing Home,Karnataka,Bengaluru Urban
"13.016, 77.651",13.0156412,77.6512586,1,Piles Clinic and Hospital,Karnataka,Bengaluru Urban
"13.017, 77.597",13.0166308,77.5967556,1,V-Care Hoapitals and Diagnostic Center,Karnataka,Bengaluru Urban
"13.017, 77.634",13.0173829,77.6335474,1,Sathya Hospital,Karnataka,Bengaluru Urban
"13.017, 77.648",13.0174438,77.6478042,1,Pranav Hospital,Karnataka,Bengaluru Urban
"13.018, 77.544",13.01781,77.544225,1,Mysore Hospital,Karnataka,Bengaluru Urban
"13.018, 77.678",13.0184435,77.6781215,1,Ashwini Nursing Home,Karnataka,Bengaluru Urban
"13.018, 77.684",13.017604,77.6836792,1,Sri Balaji Polyclinic and Diagnostic Centr,Karnataka,Bengaluru Urban
"13.019, 77.648",13.0189917,77.6478568,1,Lokhande S Hospital,Karnataka,Bengaluru Urban
"13.022, 77.546",13.0222313,77.5458444,1,Dr. B. Venkatasubbarao Memorial Hospital,Karnataka,Bengaluru Urban
"13.022, 77.559",13.0222723,77.5589993,1,Kala Hospital,Karnataka,Bengaluru Urban
"13.023, 77.553",13.0229714,77.5526778,1,Yeshvanthpura Meternity Home,Karnataka,Bengaluru Urban
"13.023, 77.559",13.0232487,77.5585217,1,Suchetana Hospital,Karnataka,Davangere
"13.023, 77.593",13.0225809,77.5931039,1,Chaitanya Hospital,Karnataka,Bengaluru Urban
"13.024, 77.596",13.0241721,77.5960331,1,Premier Hospital,Karnataka,Bengaluru Urban
"13.024, 77.65",13.0241842,77.6497088,1,Ketham`S Hospital Pvt. Ltd,Karnataka,Bengaluru Urban
"13.024, 77.655",13.0237678,77.6550583,1,Nmpc Hospital,Karnataka,Bengaluru Urban
"13.025, 77.586",13.0252889,77.5859294,1,Amazon Hospital,Karnataka,Bengaluru Urban
"13.025, 77.594",13.0248077,77.593845,1,Geeta Nursing Home,Karnataka,Bengaluru Urban
"13.025, 77.635",13.0252077,77.6345703,1,Good Shepherd Hospital,Karnataka,Bengaluru Urban
"13.026, 77.385",13.0256462,77.3846124,1,J.P.Hospital,Karnataka,Bengaluru Rural
"13.026, 77.577",13.0262299,77.5768601,1,Nethra Eye Hospital,Karnataka,Bengaluru Urban
"13.026, 77.593",13.0263835,77.5931572,1,Asha Kiran Children Health Care Centre,Karnataka,Bengaluru Urban
"13.026, 77.631",13.026291,77.6313857,1,Shivam Vishwa Specality Hospital,Karnataka,Bengaluru Urban
"13.026, 77.637",13.0256425,77.6366197,1,Dr.Zamindar Microsurgical Eye Centre,Karnataka,Bengaluru Urban
"13.026, 77.72",13.0260188,77.720429,1,Geetha Hospital,Karnataka,Bengaluru Urban
"13.026, 80.257",13.0263892,80.2566037,1,Dr.Dange Nursing Home,Karnataka,Haveri
"13.027, 77.558",13.026508,77.5581871,1,Acharya Tulsi Jain Hospital,Karnataka,Bengaluru Urban
"13.027, 77.631",13.0267169,77.6312652,1,Sun Orthopaedic Hospital,Karnataka,Bengaluru Urban
"13.028, 77.561",13.0280231,77.5614553,1,Aradhana Netra Mandira,Karnataka,Bengaluru Urban
"13.028, 77.586",13.0282801,77.5861075,1,Sankara Nethralaya,Karnataka,Bengaluru Urban
"13.029, 77.59",13.029083,77.5904031,1,Sarojini Hospital,Karnataka,Bengaluru Urban
"13.03, 77.552",13.0304978,77.5522692,1,Chord Road Hospital Pvt. Ltd.,Karnataka,Bengaluru Urban
"13.03, 77.56",13.030329,77.5604111,1,Subbiah Hospital ( A Unit Of Shirdi Sai Hospital Pvt. Ltd. ),Karnataka,Bengaluru Urban
"13.03, 77.605",13.0297169,77.6047757,1,Sm Hospital,Karnataka,Bengaluru Urban
"13.03, 80.234",13.0298798,80.2342283,1,Prajna Kuteera,Karnataka,Mysuru
"13.031, 77.513",13.0313407,77.5132474,1,Keerthana Netralaya,Karnataka,Bengaluru Rural
"13.031, 77.529",13.0314031,77.5291865,1,Panchamukhi Hospital,Karnataka,Bengaluru Urban
"13.031, 80.272",13.0311046,80.2720822,1,Sri Satya Sai Hospital,Andhra Pradesh,Y.S.R.
"13.032, 77.628",13.0319843,77.6282025,1,Arvind Nursing Home,Karnataka,Mysuru
"13.032, 80.137",13.0320585,80.1366009,1,Aravind Kidney Centre,Andhra Pradesh,SPSR Nellore
"13.032, 80.182",13.0317443,80.1816719,1,Ramapuram,Kerala,Kottayam
"13.034, 77.539",13.0336074,77.5388209,1,Tanmay Hospital,Karnataka,Bengaluru Urban
"13.034, 77.568",13.0344064,77.5682976,1,M.S. Ramaiah Memorial Hospitals(Only For Corporate),Karnataka,Bengaluru Urban
"13.034, 80.171",13.0343948,80.1713919,1,Ashraya Hospital,Karnataka,Chikkamagaluru
"13.035, 77.589",13.0353782,77.5887614,1,Columbia Asia,Karnataka,Bengaluru Urban
"13.035, 77.59",13.0348331,77.5895322,1,Shivanna Memorial Hospital,Karnataka,Tumakuru
"13.036, 77.556",13.0363247,77.5558518,1,Sarthy General Hospital,Karnataka,Mysuru
"13.036, 77.577",13.0364641,77.5767631,1,Mamta Hospital,Karnataka,Bengaluru Rural
"13.036, 77.578",13.0359873,77.5780613,1,Sanjeewan Hospital,Chhattisgarh,Raipur
"13.036, 77.736",13.036048,77.735852,1,S.N. Hospital,Karnataka,Bengaluru Urban
"13.037, 80.203",13.0367994,80.2025247,1,Navchetna Hospital,Haryana,Faridabad
"13.037, 80.216",13.0373414,80.2159027,1,Savashram Chikitsalaya,Karnataka,Belagavi
"13.039, 75.407",13.0392917,75.4067937,1,Sri Krishna Hospital,Karnataka,Dakshina Kannada
"13.039, 80.212",13.0393451,80.2122528,1,Sri Nidhi Hospital,Karnataka,Mandya
"13.04, 77.518",13.039944,77.518339,1,Krishna Hospital,Karnataka,Bengaluru Urban
"13.041, 77.391",13.0410322,77.3914939,1,M.S. Ramaiah Harsha Hospital,Karnataka,Bengaluru Urban
"13.041, 77.558",13.0412034,77.5579956,1,Nathrushree Nethralaya,Karnataka,Bengaluru Urban
"13.041, 80.232",13.0407328,80.2321075,1,Praja Vydyasala,Andhra Pradesh,Krishna
"13.043, 77.513",13.0430279,77.5125327,1,Sri Raghavendra Hospital,Karnataka,Bengaluru Urban
"13.043, 80.162",13.0433764,80.1622367,1,Mamatha Nursing Home,Andhra Pradesh,Anantapur
"13.044, 77.637",13.0444016,77.6374893,1,Avhieta Hospital and Health Care,Karnataka,Bengaluru Urban
"13.046, 77.521",13.0460754,77.5209231,1,Shree Matha Speciality Clinic For Piles and Proctolo,Karnataka,Bengaluru Urban
"13.046, 77.522",13.0459145,77.5221593,1,Siddartha Hospital and Diagostics,Karnataka,Bengaluru Urban
"13.048, 77.636",13.047854,77.636016,1,Shushrusha Nursing Home,Karnataka,Bengaluru Urban
"13.05, 80.256",13.0501141,80.2560144,1,Saravana Hospital,Kerala,Thiruvananthapuram
"13.051, 77.507",13.051161,77.5073215,1,Sri Maruthi Nursing Home,Karnataka,Bengaluru Urban
"13.052, 80.247",13.0520155,80.2474986,1,Chitranjan Sevasadan General,Bihar,Lakhisarai
"13.054, 77.51",13.0542174,77.5096278,1,Deepak Nursing Home,Karnataka,Bengaluru Urban
"13.054, 80.198",13.0536607,80.1983149,1,Geeta Nursing Home / Geeta Surgical and Ultrasound Centre,Haryana,Gurgaon
"13.056, 80.218",13.0560527,80.2184139,1,Adarsh Multi Speciality Hospital and Neuro Center,Andhra Pradesh,East Godavari
"13.058, 77.59",13.0575359,77.5897606,1,Goldfinch Hospital,Karnataka,Bengaluru Urban
"13.058, 77.593",13.0576551,77.5932891,1,Cauvery Medical Center Limited,Karnataka,Bengaluru Urban
"13.063, 74.847",13.0631528,74.8469195,1,Concetta Hospital,Karnataka,Dakshina Kannada
"13.063, 77.592",13.0628571,77.5922138,1,North Side Hospital And Diagnostic Centre,Karnataka,Bengaluru Urban
"13.063, 80.222",13.0632319,80.221594,1,Sharada Dhanvantari Haemodialysis Centre,Karnataka,Bengaluru Urban
"13.063, 80.224",13.063199,80.2235291,1,Popular Hospital,Karnataka,Bengaluru Urban
"13.064, 77.583",13.0636862,77.5833342,1,Sumathi Nursing and Maternity Home,Karnataka,Bengaluru Urban
"13.066, 77.642",13.0660282,77.6419478,1,Sri Sai Nursing Home and Diagnostic Laboratory,Karnataka,Bengaluru Urban
"13.069, 77.558",13.0688367,77.5580402,1,Kruthika Hospital,Karnataka,Bengaluru Urban
"13.073, 77.787",13.0733021,77.7867803,1,Kims Hospital and Research Centre,Karnataka,Bengaluru Urban
"13.074, 77.557",13.0735607,77.5569874,1,Naggapa Hadli Hospital,Karnataka,Bengaluru Urban
"13.078, 77.557",13.0777239,77.5569265,1,Soukya Hospital,Karnataka,Bengaluru Urban
"13.079, 80.212",13.078944,80.2119443,1,Bhats Nurshing Home,Karnataka,Dakshina Kannada
"13.082, 80.169",13.0821587,80.1686614,1,Nizams Little Star Children Hospital,Andhra Pradesh,SPSR Nellore
"13.091, 80.156",13.0906485,80.1555927,1,Sri Venkateshwara Nursign Home,Andhra Pradesh,East Godavari
"13.092, 80.291",13.0919443,80.2906867,1,Dr. Maniars Ent Hospital,Gujarat,Junagadh
"13.093, 77.586",13.0931058,77.5861201,1,Chaitanya Medical Centre Maternity and Surgical Care,Karnataka,Bengaluru Urban
"13.095, 77.577",13.0948638,77.5772344,1,Kamal Maternity and Surgical Nursing Home,Karnataka,Bengaluru Urban
"13.096, 77.579",13.0964406,77.5792259,1,Sankalpa E.N.T Care Centre,Karnataka,Bengaluru Urban
"13.099, 77.582",13.0992667,77.5817948,1,New City Hospital,Karnataka,Bengaluru Urban
"13.1, 77.575",13.0997431,77.57463,1,"S B Medical Centre,",Karnataka,Bengaluru Urban
"13.1, 77.581",13.1002784,77.580947,1,Girish Eye and Children Clinic,Karnataka,Bengaluru Urban
"13.1, 77.596",13.1001803,77.5958446,1,Saraswathi Poly Clinic,Karnataka,Bengaluru Urban
"13.101, 77.595",13.1008405,77.5945732,1,Railways Hospital,Karnataka,Bengaluru Urban
"13.103, 77.567",13.1026716,77.5668889,1,Akshaya Nursing Home,Karnataka,Bengaluru Urban
"13.104, 77.607",13.1040221,77.6073011,1,Sri Maruthi Hospital,Karnataka,Bengaluru Urban
"13.108, 77.572",13.1077823,77.5716915,1,Neha Prakash Hospital,Karnataka,Bengaluru Urban
"13.13, 78.129",13.129853,78.1293626,1,Sri Nava Ratna Surgical And Maternity Nursing Home,Karnataka,Kolar
"13.134, 78.134",13.1337126,78.134156,1,Akshaya Nursing Home,Karnataka,Kolar
"13.134, 78.136",13.1340086,78.1359924,1,Ganesh Health Care,Karnataka,Kolar
"13.139, 76.224",13.1389848,76.2238172,1,Smt Savitramma Sri Shanasappa Hospital,Karnataka,Hassan
"13.152, 77.613",13.151907,77.612743,1,Krishnadevaraya Hospital And Research Centre,Karnataka,Bengaluru Urban
"13.158, 77.326",13.1582339,77.32569,1,People Tree Hospitals,Karnataka,Bengaluru Urban
"13.166, 78.394",13.1660432,78.3939545,1,Poornima Hospital and Maternity Center,Karnataka,Kolar
"13.194, 77.502",13.193522,77.501753,1,Doddaballapur Govt Hospital,Karnataka,Bengaluru Rural
"13.197, 75.004",13.1965603,75.004302,1,Spandana Maternity and General Hospital,Karnataka,Udupi
"13.213, 74.999",13.2130447,74.9985889,1,City Nursing Home,Karnataka,Udupi
"13.219, 74.749",13.2187521,74.74884,1,Prashanth Hospital,Karnataka,Udupi
"13.234, 75.356",13.2343586,75.3557927,1,K P Manjunatha Prabhu Memorial Hospital,Karnataka,Chikkamagaluru
"13.251, 76.49",13.2507007,76.4895423,1,Nagesh Hospital - Channarayapatna,Karnataka,Hassan
"13.257, 76.476",13.2566814,76.4762299,1,Jenukal Nursing Home,Karnataka,Tumakuru
"13.277, 76.469",13.277364,76.4693307,1,Vidya Hospital And Kidney Centre,Chhattisgarh,Raipur
"13.308, 76.943",13.3082141,76.9428465,1,Shusrusha Nursing Home,Karnataka,Gadag
"13.315, 76.255",13.3145423,76.2551195,1,Nagabhushana Hospital.,Karnataka,Hassan
"13.32, 79.586",13.3200519,79.585628,1,C.S.I. Hospital,Andhra Pradesh,Chittoor
"13.326, 74.725",13.3258641,74.7249281,1,S. D. M. Ayurveda Hospital,Karnataka,Udupi
"13.329, 77.116",13.3294695,77.1163069,1,Suraksha Hospital,Karnataka,Tumakuru
"13.331, 78.208",13.3305066,78.2077368,1,Sri Venkateshwara Nursing Home,Karnataka,Kolar
"13.332, 77.113",13.3321468,77.113153,1,Kasturba Hospital,Karnataka,Tumakuru
"13.333, 77.109",13.3332997,77.1086457,1,Aruna Hospital,Karnataka,Tumakuru
"13.333, 77.111",13.3334651,77.1107155,1,Vasan Eye Care Hospital,Karnataka,Tumakuru
"13.333, 77.117",13.3333862,77.1174186,1,Kaveri Nursing Home,Karnataka,Mandya
"13.334, 77.11",13.3336563,77.1100147,1,Chaitanya Hospital - Tumkur,Karnataka,Tumakuru
"13.335, 77.058",13.3348651,77.0578855,1,Sree Siddhartha Hospital,Karnataka,Tumakuru
"13.336, 77.117",13.3357112,77.1174985,1,Pragathi Hospital,Karnataka,Tumakuru
"13.338, 78.213",13.3378225,78.2134077,1,Sanjo Hospital,Karnataka,Mandya
"13.344, 74.749",13.3439917,74.7489005,1,Gandhi Hospital,Karnataka,Udupi
"13.345, 74.785",13.3449705,74.7849072,1,Sonia Clinic,Karnataka,Udupi
"13.351, 74.865",13.3512744,74.8653331,1,Kamath`S Nursing Home,Karnataka,Udupi
"13.382, 74.731",13.3823632,74.7307807,1,Goretti Hospital,Karnataka,Udupi
"13.386, 79.799",13.3857837,79.7988547,1,Vishwa Bharati Cancer Hospital,Andhra Pradesh,Kurnool
"13.388, 78.226",13.3876269,78.2257937,1,Venkateshwara Nursing Home,Karnataka,Kolar
"13.394, 79.557",13.394047,79.557183,1,Sankar Foundation Eye Hospital,Andhra Pradesh,Visakhapatnam
"13.4, 78.051",13.3995651,78.0507499,1,Rk Nursing Home,Karnataka,Chikkaballapur
"13.403, 76.624",13.4026463,76.623779,1,Ramakrishna Nursing Home,Karnataka,Mandya
"13.438, 77.728",13.4378453,77.7282602,1,Csi Hospital,Karnataka,Chikkaballapur
"13.459, 74.992",13.4587597,74.992472,1,Sri Raghavendra Maternity and General Hospital,Karnataka,Udupi
"13.518, 77.232",13.5175803,77.2321629,1,Renukaa Hospital,Karnataka,Tumakuru
"13.524, 74.704",13.5240018,74.7044425,1,Charmakki Narayana Setty Memorial Lions Eye Hsp,Karnataka,Udupi
"13.551, 76.023",13.5511609,76.0230343,1,Balaji Nursing Home,Karnataka,Chikkamagaluru
"13.553, 76.011",13.5533476,76.0111179,1,Sri Satya Sai Hospital,Karnataka,Chikkamagaluru
"13.553, 78.509",13.5529488,78.5086376,1,Kathasagaram Hospitals,Andhra Pradesh,Chittoor
"13.566, 78.507",13.5657237,78.5066868,1,M.V.L Hospital,Andhra Pradesh,Chittoor
"13.608, 75.509",13.6079744,75.508744,1,General Hospital,Karnataka,Chikkamagaluru
"13.61, 79.449",13.6095995,79.4489169,1,Sviss Hospital,Andhra Pradesh,Chittoor
"13.616, 79.413",13.6157076,79.4125828,1,Sree Emergency and Crticial Care Hospital,Andhra Pradesh,Chittoor
"13.63, 79.412",13.6302513,79.4118237,1,Manohari Nursing Home,Andhra Pradesh,Chittoor
"13.632, 79.414",13.632021,79.4141978,1,Sri Ramachandra Nursing Home,Andhra Pradesh,SPSR Nellore
"13.632, 79.426",13.6320156,79.4260025,1,Asalatha Medicare Pvt Lt,Andhra Pradesh,Chittoor
"13.633, 79.455",13.633255,79.4552064,1,Swarnamurtha Hospital,Andhra Pradesh,Chittoor
"13.634, 79.416",13.6340453,79.4157431,1,Sri Sai Kurpa Nursing Home,Andhra Pradesh,Anantapur
"13.634, 79.417",13.6335087,79.4170539,1,Elite Hospital,Andhra Pradesh,Chittoor
"13.634, 79.42",13.6338782,79.4195997,1,Clinic Nisha,Andhra Pradesh,Chittoor
"13.634, 79.426",13.6344095,79.425573,1,Balaji Orthopaedic And Trauma Hospital,Andhra Pradesh,Chittoor
"13.636, 79.421",13.6358027,79.420805,1,Venkataramana Heart And Maternity Hospital,Andhra Pradesh,Chittoor
"13.637, 79.413",13.6365271,79.4127143,1,Ramya Hospital,Andhra Pradesh,Chittoor
"13.637, 79.414",13.6368739,79.4144319,1,Shyamala Nursing Home,Andhra Pradesh,Chittoor
"13.637, 79.421",13.6370231,79.4206271,1,Rushh Hospital,Andhra Pradesh,Chittoor
"13.639, 79.418",13.639101,79.4177213,1,Vision Care Clinic,Andhra Pradesh,Chittoor
"13.639, 79.42",13.6388217,79.4204627,1,Sri Ramadevi Multi Super Speciality Hospital,Andhra Pradesh,Chittoor
"13.639, 79.427",13.6390013,79.4272041,1,Neelima Maternity Nursing Home,Andhra Pradesh,Chittoor
"13.64, 79.418",13.6403071,79.4176391,1,Apollo Multispeciality Hospital,Andhra Pradesh,Chittoor
"13.645, 79.419",13.6452591,79.419089,1,Manasa Kidney Foundation,Andhra Pradesh,Chittoor
"13.65, 78.933",13.65,78.933333,1,Sujatha Nursing Home,Andhra Pradesh,Chittoor
"13.691, 75.246",13.6906892,75.2464986,1,Sri Krishna Orthopedic Centre and Nursing Home,Karnataka,Shivamogga
"13.692, 75.239",13.6923106,75.2390616,1,Mc Gann Hospital,Karnataka,Shivamogga
"13.696, 75.246",13.6958855,75.2457184,1,Anuradha Nursing Home,Karnataka,Shivamogga
"13.739, 79.712",13.7392101,79.7119419,1,Chaitanya Childrens Hospital,Andhra Pradesh,Chittoor
"13.74, 76.902",13.7398259,76.9023925,1,Raghu Hospital,Karnataka,Tumakuru
"13.741, 76.899",13.7414154,76.8992584,1,Jyothi Hospital,Karnataka,Dakshina Kannada
"13.744, 76.902",13.7436096,76.9021004,1,Mehta Surgical and Maternity Hospital,Haryana,Kurukshetra
"13.798, 76.284",13.7975001,76.2843163,1,Kanhangad Nursing Home,Kerala,Kasaragod
"13.819, 77.499",13.8185378,77.4988753,1,Sreenivasa Nursing Home,Andhra Pradesh,Anantapur
"13.834, 74.804",13.8342723,74.8041701,1,Dr N Bhaskara Acharya Memorial Hospital,Karnataka,Udupi
"13.836, 77.505",13.8358978,77.5046101,1,Shilpa Hospital,Andhra Pradesh,Anantapur
"13.837, 77.488",13.8371751,77.4878898,1,Teja Nursing Home,Andhra Pradesh,Anantapur
"13.844, 75.705",13.8437239,75.7049175,1,Durga Hospital,Karnataka,Shivamogga
"13.845, 75.71",13.8447807,75.7097504,1,Nayana Hospital,Karnataka,Shivamogga
"13.923, 75.571",13.9234955,75.5707085,1,Sankara Eye Hospital,Karnataka,Shivamogga
"13.926, 75.573",13.9255247,75.5729235,1,Ideal Nuring Home,Karnataka,Shivamogga
"13.932, 75.571",13.9320504,75.5709952,1,Shanta Nursing Home,Karnataka,Shivamogga
"13.936, 75.572",13.9357301,75.5718266,1,Dr Mallesh Shashikala Nursing Home (City Hospital),Karnataka,Shivamogga
"13.937, 75.556",13.9371242,75.5562438,1,Sri Ragavendra Nursing Home,Karnataka,Shivamogga
"13.937, 75.569",13.9368371,75.5692542,1,Onkar Hospital,Karnataka,Shivamogga
"13.937, 75.574",13.9373848,75.573519,1,Basaveshwar Hospital,Karnataka,Shivamogga
"13.938, 75.571",13.9378586,75.5713994,1,"City Hospital,Shimoga",Karnataka,Shivamogga
"13.939, 75.572",13.9391233,75.5715394,1,Nanjappa Hospital,Karnataka,Shivamogga
"13.941, 75.568",13.9412001,75.5682456,1,Tadikela Subbiah Trust,Karnataka,Shivamogga
"13.941, 75.571",13.9414527,75.5706084,1,Pushya Hospital,Karnataka,Shivamogga
"13.949, 75.562",13.9488047,75.5617937,1,Kgp Hospital,Karnataka,Shivamogga
"13.952, 79.349",13.9518505,79.3492863,1,Vishnu Nursing Home,Andhra Pradesh,Y.S.R.
"13.956, 79.582",13.9559395,79.5815375,1,Sri Sadana Nursing Home,Andhra Pradesh,SPSR Nellore
"13.986, 74.555",13.9861894,74.554655,1,Bhatkal Health Care Ltd,Karnataka,Uttara Kannada
"13.986, 77.766",13.9860276,77.7658783,1,Santhi Nursing Home,Andhra Pradesh,Anantapur
"13.999, 77.631",13.9985538,77.6308055,1,Mansa Hospital - Gowribidanur,Karnataka,Chikkaballapur
"14.05, 76.181",14.0504576,76.181272,1,Sajjan Hospital,Karnataka,Chitradurga
"14.059, 78.752",14.0585458,78.7518863,1,Madhavi Nursing Home,Andhra Pradesh,Y.S.R.
"14.094, 74.49",14.093993,74.4898633,1,Rns Hospital,Karnataka,Uttara Kannada
"14.101, 75.526",14.1007889,75.5262142,1,J.P. Hospital,Karnataka,Shivamogga
"14.103, 77.281",14.1030998,77.2807423,1,Sree Venkateswara Nursing Home,Karnataka,Tumakuru
"14.168, 75.027",14.1675034,75.0266144,1,Yamali Nursing Home,Karnataka,Shivamogga
"14.178, 77.273",14.178135,77.2728241,1,Girish Multispeciality Hospital,Andhra Pradesh,Anantapur
"14.197, 79.156",14.1965314,79.1563718,1,Sree Durgaa Nursing Home,Andhra Pradesh,Y.S.R.
"14.205, 79.155",14.2050808,79.1549173,1,Sri Sai Nursing Home,Andhra Pradesh,Y.S.R.
"14.23, 76.409",14.23005,76.4092496,1,Basappa Multi Speciality Hospital,Karnataka,Chitradurga
"14.275, 74.442",14.275295,74.4420143,1,Sri Devi Multispeciality Hospital,Karnataka,Uttara Kannada
"14.341, 74.89",14.3410006,74.8899841,1,Omkar Clinic and Nursing Home,Karnataka,Uttara Kannada
"14.407, 77.713",14.4068919,77.7125679,1,Spandana Hospital,Andhra Pradesh,Anantapur
"14.414, 77.713",14.4137447,77.7126189,1,Devi Nursing Home,Andhra Pradesh,Anantapur
"14.422, 77.715",14.4224398,77.7145229,1,Chirag Hospital Pvt. Ltd,Haryana,Gurgaon
"14.425, 74.409",14.4249432,74.4086917,1,Mankikars Clinic Maternity and Nursing Home,Karnataka,Uttara Kannada
"14.442, 79.977",14.4422571,79.9770784,1,Prasad Vydyasala,Andhra Pradesh,Prakasam
"14.448, 79.98",14.4475899,79.9801671,1,Kavitha Nursing Home,Andhra Pradesh,SPSR Nellore
"14.453, 75.911",14.4527455,75.9110652,1,Davanagere Heart Hospital,Karnataka,Davangere
"14.453, 79.984",14.4533977,79.9836108,1,Lakshmi Fertility Research and Laparoscopic Surgical Center,Andhra Pradesh,SPSR Nellore
"14.455, 75.395",14.4554926,75.3951378,1,Someshwar Nursing Home,Karnataka,Haveri
"14.457, 75.911",14.4569701,75.9110782,1,Sukshema Hospital,Karnataka,Davangere
"14.46, 75.91",14.4599414,75.9102903,1,Purantar Hospital,Karnataka,Davangere
"14.461, 75.899",14.4606,75.8994314,1,Madhavi Hospital,Karnataka,Davangere
"14.463, 75.914",14.4627258,75.9143298,1,Sri Ramakrishna Nursing Home,Karnataka,Davangere
"14.464, 75.924",14.4643043,75.9239923,1,Anugraha Hospital,Karnataka,Davangere
"14.466, 78.833",14.4656511,78.8330438,1,Desai Hospital-Madanapalli,Andhra Pradesh,Chittoor
"14.478, 78.825",14.4783864,78.8252721,1,Srija Rainbow Childrens Hospital,Andhra Pradesh,Y.S.R.
"14.597, 76.712",14.5974542,76.7122106,1,Krishna Nursing Home,Karnataka,Chitradurga
"14.612, 75.626",14.6120742,75.6258097,1,Vidya Hospital,Karnataka,Haveri
"14.616, 75.646",14.6158501,75.6464347,1,Om Hospital,Karnataka,Haveri
"14.617, 74.658",14.6168636,74.657792,1,Sri Shirdi Sai Hospital,Karnataka,Bengaluru Rural
"14.62, 74.831",14.6197189,74.8309741,1,Ganesh Netralaya Mahalaxmi Memorial Hospital,Karnataka,Uttara Kannada
"14.62, 75.632",14.6200989,75.6320515,1,Challegeri Hospital,Karnataka,Haveri
"14.628, 74.845",14.627805,74.844577,1,S S Memorial Sheryas Hospital,Karnataka,Uttara Kannada
"14.661, 77.609",14.6607456,77.6085681,1,Vijaya Nursing Home,Andhra Pradesh,Anantapur
"14.674, 77.603",14.6742267,77.6025251,1,Pavani Multi Speciality Hospital,Andhra Pradesh,Anantapur
"14.674, 77.608",14.6735546,77.6081894,1,Anantapuram Praja Vaidyasala,Andhra Pradesh,Anantapur
"14.675, 77.603",14.6749908,77.6032432,1,Hrudaya Children Hospital,Andhra Pradesh,Anantapur
"14.68, 77.592",14.6795736,77.592469,1,Aasha Hospitals,Andhra Pradesh,Anantapur
"14.681, 77.6",14.6805847,77.6000775,1,Ravitej Nursing Home,Andhra Pradesh,Anantapur
"14.686, 78.391",14.6857186,78.3909785,1,Sri Thati Reddy Ramalinga Reddy Nursing Home,Andhra Pradesh,Y.S.R.
"14.687, 77.583",14.6867872,77.5832307,1,Mythri Hospitals,Andhra Pradesh,Anantapur
"14.751, 78.55",14.7512835,78.5497493,1,Kathya Nursing Home,Andhra Pradesh,Y.S.R.
"14.76, 78.539",14.7600159,78.5393058,1,Swarup Eye Hospital and Laser Center,Andhra Pradesh,Y.S.R.
"14.793, 75.392",14.7933682,75.3922237,1,Dr.Lodaya Hospital,Karnataka,Haveri
"14.809, 74.129",14.8087308,74.1287673,1,Dr. Shettys Eye Hospital,Karnataka,Uttara Kannada
"14.817, 74.137",14.8167561,74.1372087,1,Kripa Nursing Home,Karnataka,Uttara Kannada
"14.847, 78.39",14.8474197,78.3899108,1,Venkata Sai Baradwaja Hospital,Andhra Pradesh,Y.S.R.
"14.886, 76.896",14.8857277,76.8960474,1,St Mary S Hospital,Karnataka,Ballari
"14.903, 76.393",14.9028855,76.3932093,1,Tho Kudligi,Karnataka,Ballari
"14.907, 78.009",14.9070274,78.0092703,1,Sri Kanchani Hospital,Andhra Pradesh,Anantapur
"14.909, 78.006",14.9093514,78.0060388,1,Sudhir Surgical Clinic,Andhra Pradesh,Anantapur
"14.91, 78.001",14.910003,78.0005407,1,Sharada Nursing Home and Falvia P Reddy Diagnostic,Andhra Pradesh,Anantapur
"14.913, 79.99",14.912581,79.9900693,1,Aravind Eye and Diabetes Clinic,Andhra Pradesh,SPSR Nellore
"14.991, 75.222",14.9913752,75.221652,1,Prabhu Nursing Home,Karnataka,Haveri
"15.141, 76.917",15.1413115,76.9166884,1,Dr B. R. Achar Clinic Materinity Iccu and Nursing H,Karnataka,Ballari
"15.142, 76.924",15.141667,76.9238984,1,Panduranga Rao Hospital,Karnataka,Ballari
"15.151, 76.948",15.1512638,76.9484989,1,Sanjeevini Maternity and Fertility Centre,Karnataka,Raichur
"15.152, 76.932",15.1521674,76.9319698,1,Bks Hospital,Karnataka,Ballari
"15.152, 76.936",15.1522836,76.9357162,1,Dr. Kulkarni Eye Hospital,Karnataka,Ballari
"15.153, 76.892",15.1526367,76.8922729,1,S R Multi Speciality Hospital,Karnataka,Ballari
"15.153, 76.929",15.1526904,76.9291839,1,L V Nursing Home,Karnataka,Ballari
"15.154, 76.934",15.1539698,76.9341171,1,Sukrutha Nursing Home,Karnataka,Ballari
"15.158, 76.933",15.1578523,76.9333417,1,Bharath Health Center,Karnataka,Ballari
"15.158, 76.944",15.1579964,76.9438409,1,Madhuri Nursing Home,Karnataka,Ballari
"15.162, 77.383",15.1622611,77.3826845,1,Preethi Nursing Home,Andhra Pradesh,Anantapur
"15.167, 76.942",15.1672043,76.9420451,1,Sanjeevini Hospital,Karnataka,Ballari
"15.174, 73.983",15.1741647,73.9828327,1,Wockhardt Hospitals,Goa,South Goa
"15.202, 73.998",15.2021754,73.9976946,1,Apollo Nusi Hospital and Research Center,Goa,South Goa
"15.233, 75.273",15.2326136,75.2726975,1,Dr.Khedkar Hospital,Maharashtra,Beed
"15.25, 80.021",15.2500044,80.0212291,1,Pragathi Nursing Home,Andhra Pradesh,Prakasam
"15.261, 76.377",15.2606156,76.3768426,1,Sushruta Hospital - Hospet,Karnataka,Ballari
"15.27, 73.965",15.2699965,73.9646368,1,Apollo Victor Hospital,Goa,South Goa
"15.27, 73.971",15.2704256,73.9705141,1,Yashodhan Hospital,Goa,South Goa
"15.27, 76.392",15.2695648,76.3922326,1,Shree Nursing Home,Karnataka,Koppal
"15.274, 73.963",15.2739285,73.9626164,1,Adarsh Family Hospital,Goa,South Goa
"15.274, 73.978",15.2737179,73.9779524,1,Dr. Lawande`S Hospital,Goa,South Goa
"15.274, 76.379",15.2739739,76.3787207,1,Chiranjeeve Hospital,Karnataka,Ballari
"15.275, 76.386",15.2754128,76.3863872,1,Abhishek Hospital - Hospet,Karnataka,Ballari
"15.291, 75.146",15.2913649,75.1458943,1,Konaseva Institute Of Medical Science,Andhra Pradesh,East Godavari
"15.33, 74.763",15.3296293,74.7632544,1,Rajvanshi Memorial Hospital,Chhattisgarh,Durg
"15.331, 74.766",15.3306252,74.7658918,1,Navachetan Charitable Hospital,Karnataka,Uttara Kannada
"15.334, 75.127",15.3340079,75.1268087,1,Dr Joshi Nursing Home,Karnataka,Dharwad
"15.335, 74.015",15.3346783,74.0145886,1,Kamakshi Arogya Dham Ayurveda Hospital,Goa,North Goa
"15.335, 76.46",15.3350132,76.460024,1,Ravi Polyclinic Maternity And Nursing Home,Karnataka,Shivamogga
"15.336, 75.126",15.3362709,75.1258202,1,Dr. Bijapur Hospital,Karnataka,Dharwad
"15.338, 75.128",15.3383838,75.1282683,1,Naregal Nursing Home,Karnataka,Dharwad
"15.343, 80.03",15.3431014,80.0302516,1,Sreenivasa Multi Speciality Hospital,Andhra Pradesh,Prakasam
"15.347, 75.131",15.3471361,75.1311874,1,Bilagi Hospital And Research Center,Karnataka,Dharwad
"15.348, 75.127",15.3482651,75.1268087,1,Vithoba Netralaya and Vithoba Memorial Hospital,Karnataka,Dharwad
"15.348, 75.133",15.3482083,75.1333493,1,Vision Hospital,Karnataka,Dharwad
"15.348, 75.144",15.3477431,75.1437833,1,Hubli Co-Operative Hospital Society Hubli,Karnataka,Dharwad
"15.349, 75.146",15.3486065,75.1455572,1,Anjuman Hospital and Research Centre,Karnataka,Dharwad
"15.35, 75.124",15.3501187,75.1240228,1,Maternity Hospital,Karnataka,Dharwad
"15.351, 75.109",15.3507544,75.1086459,1,Hi Tech Intensive Care Unit And Hospital,Karnataka,Dharwad
"15.351, 75.125",15.3512497,75.12516,1,M.M. Joshi Eye Institute,Karnataka,Dharwad
"15.352, 75.146",15.3524177,75.1455241,1,Dr Sd Sajjanar Hospital,Karnataka,Dharwad
"15.352, 76.127",15.3516259,76.1270308,1,Distric Hospital Koppal,Karnataka,Koppal
"15.354, 75.135",15.3544383,75.1352105,1,Chaitanya Multispeciality Hospital,Karnataka,Dharwad
"15.354, 75.142",15.3537083,75.1423243,1,Diwakar Orthopaedic Hospital and Trauma Centre,Karnataka,Dharwad
"15.355, 75.138",15.3547598,75.1384848,1,Vivekanand General Hospital,Karnataka,Dharwad
"15.356, 75.12",15.3564531,75.1198836,1,Vasan Eye Care Hospital,Karnataka,Dharwad
"15.356, 75.139",15.3559818,75.1388401,1,Hebsur Hospital,Karnataka,Dharwad
"15.357, 78.364",15.356825,78.3639765,1,Murthy Ortho Hospital,Andhra Pradesh,Kurnool
"15.36, 75.147",15.3597857,75.1467993,1,"Kamat General Hospital Hubli,Dr Jaylakshme Kamat,",Karnataka,Dharwad
"15.362, 75.122",15.3617713,75.1224916,1,Shri Balaji Institute Of Neuro Science and Trauma,Karnataka,Dharwad
"15.362, 75.136",15.3620728,75.1359308,1,Jaykripa Hospital,Karnataka,Dharwad
"15.363, 75.126",15.3626823,75.12574,1,Dr R B Patil Nursing Home,Karnataka,Dharwad
"15.364, 75.134",15.3637212,75.1343212,1,Kims,Karnataka,Dharwad
"15.369, 73.945",15.3686058,73.9447994,1,Chikitsa Hospital - Verna,Goa,South Goa
"15.376, 78.925",15.3763583,78.9250862,1,Bandaru Rangayya Yadav Memorial Trust Association,Andhra Pradesh,Prakasam
"15.386, 75.107",15.386008,75.1067431,1,Shreya Hospital Dharwad,Karnataka,Dharwad
"15.392, 73.835",15.3924092,73.8347361,1,Vivus Smrc Heart Centre,Goa,North Goa
"15.408, 75.639",15.4077747,75.6386028,1,Sri Siddheswara Nursing Home,Karnataka,Gadag
"15.41, 75.616",15.4102603,75.6161761,1,Sonia Nursing Home,Karnataka,Gadag
"15.428, 76.519",15.4281142,76.5185107,1,R K Hospital,Karnataka,Ballari
"15.431, 75.64",15.4314641,75.6403113,1,V S Hosmath,Karnataka,Gadag
"15.432, 76.531",15.431874,76.5314817,1,Government General Hospital Gangavathi,Karnataka,Gadag
"15.433, 76.528",15.4333746,76.5283973,1,Maruthi Eye and Dental Hospital,Karnataka,Gadag
"15.457, 74.988",15.4570602,74.9877184,1,Our Lady Of Lourdes Charitable Hospital,Karnataka,Dharwad
"15.459, 73.813",15.4591813,73.8130443,1,"Manipal Goa Hospital, Donapaula,",Goa,North Goa
"15.484, 78.483",15.4842046,78.4834479,1,Sanjeevini Nrsing Home,Andhra Pradesh,Kurnool
"15.485, 73.813",15.4847647,73.8127224,1,Trinity Health Care and Medical Research,Goa,North Goa
"15.489, 78.484",15.4890703,78.4836228,1,Gelvi Nursing Home,Andhra Pradesh,Kurnool
"15.498, 73.822",15.4981805,73.8223796,1,J . M. J Hospital,Goa,North Goa
"15.505, 80.052",15.5048412,80.0516895,1,Nalluri Nursing Home,Andhra Pradesh,Prakasam
"15.511, 80.037",15.5106771,80.0374627,1,Durga Nursing Home- Anjaiah Road,Andhra Pradesh,Prakasam
"15.515, 73.768",15.5145247,73.7683784,1,Bosio Hospital,Goa,North Goa
"15.531, 73.762",15.5311237,73.762495,1,Dharwadkar Nursing Home,Goa,North Goa
"15.589, 73.965",15.5889192,73.9653715,1,Dr Caeiros Bichollm Polyclinic,Goa,North Goa
"15.59, 79.113",15.5898209,79.1125135,1,Sri Lakshmi Mallikarjuna Gastro and Laproscopy Centre,Andhra Pradesh,Prakasam
"15.604, 73.82",15.6043168,73.8201381,1,Sankalp Nursing Home,Goa,North Goa
"15.618, 73.844",15.61806,73.8438273,1,Dr. Dhumaskar General Hospital,Goa,North Goa
"15.618, 76.901",15.6175163,76.9005817,1,Tho Siruguppa,Karnataka,Ballari
"15.62, 77.285",15.6204361,77.2851136,1,Sewa Sadan Hospital,Madhya Pradesh,Seoni
"15.627, 77.273",15.6269153,77.2732213,1,Ravi Nursing Home,Andhra Pradesh,SPSR Nellore
"15.632, 77.273",15.6322227,77.2728368,1,Aditya Nursing Home,Andhra Pradesh,Kurnool
"15.633, 76.894",15.6326461,76.8944345,1,Balaji Maternity Home,Karnataka,Ballari
"15.766, 75.117",15.7658355,75.1165915,1,Dr M M Hooli Hospital,Karnataka,Belagavi
"15.768, 76.752",15.7683943,76.7524087,1,Sri Vijayachandrashekara Eye Hospital,Karnataka,Raichur
"15.77, 76.756",15.7702099,76.7560495,1,Totad Nursing Home,Karnataka,Raichur
"15.774, 74.643",15.7739795,74.6432376,1,Shivakrupa Hospital,Karnataka,Belagavi
"15.774, 76.755",15.7744588,76.7546582,1,Seetha Chikitsalaya,Karnataka,Mandya
"15.796, 78.059",15.7961133,78.0593706,1,Anasuya Child Hospital,Andhra Pradesh,Kurnool
"15.804, 78.057",15.8038136,78.0571178,1,Vijaya Hospital,Andhra Pradesh,Kurnool
"15.807, 78.04",15.8072358,78.0399391,1,C N Hospitals,Andhra Pradesh,Kurnool
"15.808, 79.887",15.8083865,79.8868552,1,Jhansi Nursing Home,Andhra Pradesh,Prakasam
"15.812, 78.059",15.8115157,78.059154,1,Sri Vamsi Krishna Hospital,Andhra Pradesh,Kurnool
"15.813, 78.038",15.812699,78.0380075,1,Viswa Bharathi Super Speciality Hospital,Andhra Pradesh,Kurnool
"15.819, 74.562",15.8193373,74.5624391,1,Gopal Jinagouda Bharatesh Hospital.(Bits),Karnataka,Belagavi
"15.821, 78.04",15.8206219,78.0403284,1,Gowri Gopal Hospital Pvt Ltd,Andhra Pradesh,Kurnool
"15.822, 78.014",15.8215242,78.0138011,1,Sri Raja Raghavendra Nursing Home,Andhra Pradesh,Kurnool
"15.825, 80.361",15.8246833,80.3608605,1,G.K.M. Nursing Home,Andhra Pradesh,Prakasam
"15.831, 78.037",15.8314596,78.0369298,1,Bangalore Super-Speciality Hospital,Andhra Pradesh,Kurnool
"15.831, 78.042",15.8305876,78.0419049,1,Prashanti Hospitals Uro Gyneac Infertility Centre,Andhra Pradesh,West Godavari
"15.831, 80.356",15.830545,80.3558369,1,Ravi Nursing Home,Andhra Pradesh,Prakasam
"15.832, 78.035",15.8319034,78.0351284,1,Rainbow Institute Of Child Health and Maternity Hosp,Andhra Pradesh,Kurnool
"15.834, 78.041",15.8336503,78.0414767,1,M.H Hospital,Andhra Pradesh,Kurnool
"15.835, 74.504",15.835354,74.503952,1,Rainbow Hospital,Karnataka,Belagavi
"15.839, 74.527",15.839043,74.5265108,1,Jina Gouda Hospital,Karnataka,Belagavi
"15.842, 74.519",15.8419855,74.518946,1,Shri Daneshwari Surgical and General Hospital,Karnataka,Belagavi
"15.845, 74.52",15.8445593,74.5197343,1,Shri Siddhi Vinayak Hospital Critical Care Centre,Karnataka,Belagavi
"15.847, 74.51",15.8468981,74.509707,1,Shri Kamakshi Clinic,Karnataka,Belagavi
"15.858, 74.529",15.8576121,74.5294834,1,Shahid Polyclinc,Karnataka,Belagavi
"15.867, 74.512",15.867293,74.5115695,1,Bims Hospital,Karnataka,Belagavi
"15.872, 74.526",15.8721444,74.5255992,1,Belgaum Cancer Hospital Pvt Ltd,Karnataka,Belagavi
"15.873, 74.529",15.873002,74.529237,1,Sharada Maternity and Nursing Home,Karnataka,Belagavi
"15.879, 78.585",15.8790417,78.5852609,1,Saranya Nursing Home,Andhra Pradesh,Kurnool
"15.883, 74.52",15.8833193,74.5199618,1,K.L.E.S Hospital and Medical Research Centre,Karnataka,Belagavi
"15.9, 80.469",15.8999881,80.4692439,1,Rachana Eye Hospital,Andhra Pradesh,Guntur
"15.904, 80.472",15.9039394,80.4723212,1,Time Hospitals Pvt Ltd,Andhra Pradesh,Krishna
"15.906, 80.472",15.9058966,80.4715866,1,Srinivasa Children Hospital,Andhra Pradesh,Guntur
"15.919, 75.676",15.918622,75.676082,1,R.G. Karudaga Matt Memorial Nursing Home,Karnataka,Bagalkot
"15.946, 80.918",15.9455478,80.9180086,1,Rama Nursing Home,Andhra Pradesh,Krishna
"15.947, 74.189",15.9472889,74.1885825,1,K.M.D.C Hospital,Maharashtra,Kolhapur
"15.95, 75.297",15.9500493,75.297485,1,Kambi Nursing Home,Karnataka,Belagavi
"15.965, 74.004",15.9647156,74.0035709,1,Prime Speciality Hospital,Maharashtra,Mumbai
"15.997, 77.049",15.9973684,77.0494287,1,"Roy Hospital, Ravi Surgical and Laparoscopic Research Centre Pvt. Ltd",Maharashtra,Nagpur
"16.0, 73.683",15.9999562,73.6830521,1,Rajan Hospital,Maharashtra,Sindhudurg
"16.053, 79.74",16.0526834,79.7400177,1,Sai Sri Nursing Home,Andhra Pradesh,Guntur
"16.055, 80.683",16.0546961,80.6828266,1,Sri Evuru Subbarao Memorial Nursing Home,Andhra Pradesh,Guntur
"16.059, 73.475",16.0591493,73.4754729,1,Zantye Hospital and Maternity Home,Maharashtra,Sindhudurg
"16.063, 80.55",16.063414,80.5498178,1,Dr Sajja Chandramouli Hospital,Andhra Pradesh,Guntur
"16.065, 79.982",16.0651513,79.9822126,1,Sri Venkata Ramana Nursing Home,Andhra Pradesh,West Godavari
"16.065, 80.553",16.0653545,80.5530292,1,Vijaya Sarada Nursing Home,Andhra Pradesh,Guntur
"16.069, 80.548",16.0685991,80.5481667,1,Datta Prasad Orthopaedic Nursing Home,Andhra Pradesh,Guntur
"16.099, 75.782",16.0993242,75.7822057,1,Shree Mahaganpati Hospital,Maharashtra,Pune
"16.106, 73.673",16.1058546,73.6731742,1,Dr. Mhaskar Hospital and Intesive Cardiac Care Unit,Maharashtra,Sindhudurg
"16.111, 74.208",16.1113174,74.2084372,1,"Masai Medical Foundation, Shri Swami Samarath Hosp",Maharashtra,Kolhapur
"16.123, 74.208",16.122964,74.2081881,1,Pattan Shetti,Maharashtra,Kolhapur
"16.129, 80.966",16.1285923,80.9664408,1,Padmavathi Hospital,Andhra Pradesh,Krishna
"16.155, 76.52",16.1550404,76.5199195,1,Govt Hospital,Karnataka,Raichur
"16.158, 74.811",16.1579793,74.8105323,1,Mother and Child Carwe Clinic,Maharashtra,Raigarh
"16.165, 74.821",16.1648076,74.8205459,1,Chiranjivi Nursing Home,Karnataka,Belagavi
"16.166, 74.821",16.1660016,74.8209661,1,Jayaratna Maternity and Laparoscopic Surgical Hospital,Karnataka,Belagavi
"16.166, 75.662",16.1659578,75.6615946,1,Dist Hospital,Karnataka,Bagalkot
"16.168, 74.827",16.1676514,74.8266619,1,Shanta Clinic,Karnataka,Belagavi
"16.169, 74.83",16.1692435,74.83038,1,Vishwajyoti Nursing Home and Laproscopic Surgical Centre,Karnataka,Belagavi
"16.169, 74.84",16.1689319,74.8397048,1,Kles Hospital And Mrc,Karnataka,Belagavi
"16.175, 81.125",16.1754576,81.1247434,1,Sri Madhu Hospital,Andhra Pradesh,Krishna
"16.19, 81.136",16.1898382,81.1362668,1,Varadarajula Memorial Eye Hospital,Andhra Pradesh,Krishna
"16.192, 81.125",16.1916584,81.1250985,1,Basaveshwara Hospital and Research Center Pvt Ltd,Karnataka,Chitradurga
"16.199, 77.344",16.199217,77.3439831,1,Nandini Diagnostic Centre and Hospital,Karnataka,Raichur
"16.203, 77.347",16.2025117,77.3465522,1,Hemavathi Hospital,Karnataka,Tumakuru
"16.222, 74.35",16.2224134,74.3503162,1,Tara Children Hospital - Gadhinglaj,Maharashtra,Kolhapur
"16.227, 74.34",16.2274405,74.3403208,1,Omkar Medical Charitable Trust (Magdum Hospital),Maharashtra,Kolhapur
"16.23, 77.355",16.2296944,77.3554973,1,Rajiv Gandhi Super Speciality Hospital,Karnataka,Raichur
"16.232, 74.344",16.2324861,74.3441498,1,Maher Hospital,Maharashtra,Kolhapur
"16.232, 80.042",16.2318618,80.0417167,1,Sai Ramya Nursing Home,Andhra Pradesh,Guntur
"16.233, 74.779",16.2328467,74.7791465,1,Kattimani Hospital and Nursing Home,Karnataka,Belagavi
"16.233, 80.045",16.2334363,80.0451415,1,Venkateshwara Mother And Child Hospital,Andhra Pradesh,Guntur
"16.234, 80.045",16.2339171,80.0453169,1,Sri Lakshmi Janaki Nursing Home,Andhra Pradesh,Guntur
"16.235, 80.048",16.2353506,80.0479039,1,Prasanthi Nursing Home,Andhra Pradesh,Guntur
"16.239, 74.759",16.2394587,74.7585775,1,The Karnataka Health Institute,Karnataka,Belagavi
"16.241, 80.646",16.2413768,80.6463314,1,Alapati Nursing Home,Andhra Pradesh,Guntur
"16.241, 80.65",16.2410191,80.649556,1,Kommineni Nursing Home,Andhra Pradesh,Guntur
"16.25, 80.023",16.2501646,80.0225996,1,Mother Theresa Multispeciality Hospital,Andhra Pradesh,Guntur
"16.256, 74.472",16.2564111,74.4719326,1,Isaac Eye Foundation,Karnataka,Belagavi
"16.256, 74.483",16.2560909,74.4830326,1,Annapurna Hospital,Karnataka,Belagavi
"16.263, 73.711",16.2633918,73.7112551,1,Aabu Tayshete Memorial Hospital,Maharashtra,Sindhudurg
"16.27, 73.708",16.2697818,73.7078336,1,Dr Navare Hospital,Maharashtra,Sindhudurg
"16.29, 80.451",16.2903294,80.4507311,1,Sri Lakshmi Venkateswara Nursing Home,Andhra Pradesh,Guntur
"16.294, 80.449",16.2940783,80.4490134,1,Rajyalakshmi Nursing Home,Andhra Pradesh,Guntur
"16.299, 80.438",16.2985944,80.4378316,1,St Joseph's General Hospital,Andhra Pradesh,Guntur
"16.3, 80.438",16.2997929,80.4384343,1,Aruna Multi Speciality Hospitals,Andhra Pradesh,Guntur
"16.301, 80.439",16.3011491,80.4389977,1,Mahathi Nursing Home,Andhra Pradesh,Guntur
"16.301, 80.446",16.3010263,80.4458641,1,Amrutha Hospital,Andhra Pradesh,Guntur
"16.312, 80.432",16.3120407,80.4319567,1,Nightingale Hospital,Andhra Pradesh,Guntur
"16.314, 80.426",16.3140464,80.4261372,1,Vijaya Eye Hospital,Andhra Pradesh,Guntur
"16.314, 80.429",16.3144313,80.4287506,1,Chandamama Hospital,Andhra Pradesh,Krishna
"16.316, 80.418",16.3161479,80.4177459,1,Sri Sruthi Hospital,Andhra Pradesh,Guntur
"16.341, 80.628",16.3411536,80.6280525,1,Aswini Hospitals,Andhra Pradesh,Guntur
"16.342, 80.439",16.342393,80.4390298,1,Ala Hospital,Andhra Pradesh,Guntur
"16.344, 80.486",16.3436965,80.4864407,1,Bommidala Cancer Institute,Andhra Pradesh,Guntur
"16.349, 81.049",16.348665,81.0492446,1,Lakshmi Nursing Home,Andhra Pradesh,Krishna
"16.375, 73.389",16.3754203,73.3885526,1,Sarita Hospital,Maharashtra,Sindhudurg
"16.405, 80.121",16.4049645,80.1213066,1,Sanjana Speciality Hospital,Andhra Pradesh,Guntur
"16.408, 81.789",16.4075276,81.7886325,1,Care Hospital,Andhra Pradesh,East Godavari
"16.417, 80.458",16.4165212,80.4582736,1,Mediline Hospital,Andhra Pradesh,Guntur
"16.424, 81.719",16.4242668,81.7185253,1,Sri Sai Bhramarambika Nursing Home,Andhra Pradesh,East Godavari
"16.426, 74.582",16.4256293,74.5819603,1,Kamal Hospital,Karnataka,Belagavi
"16.427, 74.581",16.4271981,74.580689,1,Bhavani Maternity And Surgical Icu,Maharashtra,Kolhapur
"16.435, 80.565",16.4346457,80.5645418,1,P.G.S.Nursing Home,Andhra Pradesh,Guntur
"16.439, 81.705",16.4392958,81.7049146,1,Sri Sai Paediatric and Neuro Psychiatric Hospital,Andhra Pradesh,West Godavari
"16.473, 79.444",16.4733633,79.4444472,1,Sowjanya Nursing Home,Andhra Pradesh,Guntur
"16.476, 79.439",16.4759885,79.4394459,1,Ramakrishna Hospital - Macherla,Andhra Pradesh,Guntur
"16.477, 79.9",16.4772374,79.8995349,1,Dr Anji Reddy Multispeciality Hospitals Pvt Ltd,Andhra Pradesh,Guntur
"16.479, 80.691",16.4789336,80.6905205,1,L V Prasad Eye Institute,Andhra Pradesh,Krishna
"16.485, 79.89",16.4851565,79.8900552,1,Abhaya Multispecialty Hospitals,Andhra Pradesh,Guntur
"16.49, 80.665",16.4901229,80.6649874,1,Sowmya Hospital,Andhra Pradesh,Krishna
"16.493, 80.69",16.4933591,80.6895583,1,Nagarjuna Hospital Ltd,Andhra Pradesh,Krishna
"16.494, 75.052",16.494439,75.0523534,1,Padma Ayurvedic Hospital and Research Centre,Karnataka,Bagalkot
"16.494, 80.67",16.4942634,80.6702368,1,"Pragya Eye Hospital , Phaco Surgical Centre",Andhra Pradesh,Krishna
"16.495, 74.775",16.4948397,74.7754222,1,Annapurna Clinic,Karnataka,Belagavi
"16.495, 80.587",16.4954892,80.5870903,1,Bayya Ent Hospital and Research Center,Andhra Pradesh,Guntur
"16.495, 80.661",16.4950985,80.6606708,1,Andhra Hospitals,Andhra Pradesh,Krishna
"16.497, 80.703",16.4966093,80.7029041,1,Padmaja Clinic Womens And Multispeciality Hospital,Andhra Pradesh,Krishna
"16.498, 80.653",16.4982653,80.6532258,1,Lakshmi Eye Maternity and Laproscopy Hospital,Andhra Pradesh,Krishna
"16.498, 80.654",16.4980034,80.6539771,1,Trust Hospital,Andhra Pradesh,Krishna
"16.498, 80.659",16.4978178,80.6590649,1,The Pujitha Hospital,Andhra Pradesh,Krishna
"16.499, 80.652",16.4989734,80.6521139,1,Usha Cardiac Centre Ltd,Andhra Pradesh,Krishna
"16.5, 80.656",16.4997252,80.6560636,1,Vasavya Nursing Home,Andhra Pradesh,Krishna
"16.502, 80.631",16.5021357,80.6307606,1,Sai Spoorthy Hospital,Andhra Pradesh,Visakhapatnam
"16.503, 80.648",16.5030028,80.6483516,1,Chaitanya Eye Hospital,Andhra Pradesh,Krishna
"16.503, 80.651",16.5033651,80.6507761,1,Krishna Institute Of Medical Sciences Limited,Andhra Pradesh,Krishna
"16.503, 80.652",16.5027293,80.652319,1,Pinnamaneni Polyclinic,Andhra Pradesh,Krishna
"16.504, 75.292",16.5043199,75.2917512,1,Shri Clinic And Meternity Home,Karnataka,Bagalkot
"16.504, 80.656",16.5044838,80.6561708,1,Vennela Mother and Child Hospital,Andhra Pradesh,Krishna
"16.507, 75.292",16.5066077,75.2923992,1,Gurukrupa Nursing Home,Karnataka,Bagalkot
"16.509, 75.284",16.5089868,75.2836109,1,Kadlewad Hospital,Karnataka,Bagalkot
"16.509, 80.627",16.5088694,80.6267092,1,Peoples Clinic,Andhra Pradesh,Krishna
"16.509, 80.646",16.5089964,80.6462427,1,Sree Venkateswara Nursing Home,Andhra Pradesh,Krishna
"16.51, 80.664",16.5100886,80.6640268,1,City Cardiac Research Center Ltd,Andhra Pradesh,Krishna
"16.512, 80.61",16.5122634,80.6095636,1,Vijaywada Nursing Home and Polyclinic (P) Ltd,Andhra Pradesh,Krishna
"16.512, 80.617",16.5124561,80.6174954,1,Hi-Tech Clinic,Bihar,Jamui
"16.512, 80.631",16.512371,80.6305434,1,Royal Hospitals,Andhra Pradesh,Krishna
"16.512, 80.639",16.5118088,80.6387683,1,Safe Hospital,Andhra Pradesh,Krishna
"16.512, 80.667",16.5121261,80.6673441,1,Sentini Hospitals Pvt Ltd,Andhra Pradesh,Krishna
"16.513, 80.636",16.5128151,80.6356996,1,Sreya Nursing Home,Andhra Pradesh,Krishna
"16.514, 80.638",16.5139553,80.6379471,1,Preethi Childrens Hospital,Andhra Pradesh,Krishna
"16.515, 80.62",16.5147537,80.6200619,1,"Rajeev Hospital, Hassan",Karnataka,Hassan
"16.517, 80.614",16.5166829,80.6141521,1,Prabha Nursing Home,Andhra Pradesh,Krishna
"16.517, 81.725",16.5174552,81.7253415,1,Krishna Bhavani Hospital,Andhra Pradesh,West Godavari
"16.517, 81.87",16.517212,81.8702795,1,Sri Maha Laxmi Nursing Home,Andhra Pradesh,East Godavari
"16.518, 80.648",16.518219,80.648448,1,Sri Sai Hospital,Andhra Pradesh,Krishna
"16.519, 80.671",16.5190381,80.6705897,1,Aayush Nri Lepl Health Care Pvt Ltd,Andhra Pradesh,Krishna
"16.52, 80.615",16.5196338,80.6151124,1,K.B.Hospital,Andhra Pradesh,Krishna
"16.521, 80.614",16.5208773,80.6141798,1,Anurag Hospital For Children,Andhra Pradesh,Krishna
"16.522, 80.613",16.5220371,80.6130703,1,Mamata Childrens Hospital,Andhra Pradesh,Krishna
"16.522, 80.617",16.5215357,80.6167566,1,Sri Arvind Hospital,Andhra Pradesh,Krishna
"16.523, 80.658",16.5225482,80.6576623,1,Thammineni Hospital and Diagnostic Centre,Andhra Pradesh,Krishna
"16.526, 80.629",16.525613,80.628529,1,Rainbow Children's Hospital,Andhra Pradesh,Krishna
"16.528, 80.596",16.5280852,80.5960591,1,V.G.R. Diabetes Specialities Hospital,Andhra Pradesh,Krishna
"16.531, 80.612",16.5305709,80.6124399,1,Sree Jayalakshmi Nursing Home,Andhra Pradesh,Krishna
"16.538, 80.64",16.537776,80.6396287,1,St Anns Health Center,Andhra Pradesh,Krishna
"16.545, 80.645",16.5451142,80.6452525,1,Praja Hospital,Andhra Pradesh,Krishna
"16.546, 81.519",16.5462624,81.5192148,1,Krishna Hospital,Andhra Pradesh,West Godavari
"16.547, 80.649",16.5466706,80.6491183,1,Chikitsa General Hospital,Andhra Pradesh,Krishna
"16.548, 81.54",16.5475595,81.5396728,1,St. Mary Hospital,Andhra Pradesh,West Godavari
"16.551, 81.521",16.5514525,81.5207842,1,Subhadra Surgical and Maternity Centre,Andhra Pradesh,West Godavari
"16.553, 74.532",16.5533172,74.5316807,1,"Community Health Centre, Sadalga",Karnataka,Belagavi
"16.553, 81.213",16.5527225,81.2129365,1,Kamineni Hospital,Andhra Pradesh,Krishna
"16.574, 81.999",16.573678,81.999496,1,Sri Venkateswara Nursing Home,Andhra Pradesh,East Godavari
"16.582, 81.378",16.5823155,81.3783772,1,Lakshmi Hospital Eye And Maternity Hospital,Andhra Pradesh,West Godavari
"16.585, 80.517",16.5847244,80.5174502,1,Aval Hospital For Women and Children's Hospital,Andhra Pradesh,Krishna
"16.587, 82.008",16.5871358,82.008204,1,Dr.K.V.R.Hospital,Andhra Pradesh,East Godavari
"16.588, 74.31",16.5884342,74.3099863,1,Ganga Hospital,Maharashtra,Kolhapur
"16.611, 74.264",16.6110498,74.2643741,1,Siddhagiri Hospital,Maharashtra,Kolhapur
"16.641, 82.104",16.6414998,82.1042955,1,Janatha Hospital,Andhra Pradesh,East Godavari
"16.672, 74.593",16.6722408,74.5928201,1,Sumitra Hospital,Maharashtra,Kolhapur
"16.675, 74.207",16.6753913,74.2074648,1,Sai Kala Clinic,Maharashtra,Kolhapur
"16.675, 74.892",16.6748975,74.8916458,1,Shree Dhanwantari Clinic,Karnataka,Belagavi
"16.676, 74.22",16.6757342,74.2201167,1,Tamhankar Hospital and Ultrasonography Clinic - Kolh,Maharashtra,Kolhapur
"16.683, 74.444",16.682836,74.4444595,1,"Yamuna Surgicals,Ichalkaranji",Maharashtra,Kolhapur
"16.685, 74.244",16.6851944,74.24361,1,Chirayu Hospital,Maharashtra,Kolhapur
"16.687, 74.207",16.6866793,74.2067778,1,Omkar Hospital,Maharashtra,Kolhapur
"16.69, 74.456",16.6900416,74.4563935,1,Shraddha Surgical Hospital,Maharashtra,Kolhapur
"16.693, 74.226",16.6926103,74.2261864,1,Kotkar Hospital,Maharashtra,Kolhapur
"16.694, 74.247",16.6935559,74.2471072,1,Shraddha Clinic and Hospital,Maharashtra,Kolhapur
"16.695, 74.222",16.6954279,74.2217583,1,Om Clinic,Maharashtra,Kolhapur
"16.695, 74.245",16.695489,74.2447801,1,Children Surgical Hospital,Maharashtra,Kolhapur
"16.696, 74.242",16.6958909,74.2422116,1,Shri Siddhivinayak Heart Hospital,Maharashtra,Kolhapur
"16.696, 74.243",16.6961937,74.2427534,1,Dr.Chandrashekar Shaligram Eye and Contact Lens Clin,Maharashtra,Kolhapur
"16.696, 76.843",16.6956754,76.8431564,1,Drishti Eye Hospital,Karnataka,Yadgir
"16.697, 74.244",16.6965014,74.2441815,1,Shri Sai Cardiac Center (Unit Of Mahalaxmi Hrudayalaya) - Kolhapur,Maharashtra,Kolhapur
"16.698, 74.22",16.6977453,74.219703,1,Pishawikar Hospital,Maharashtra,Kolhapur
"16.698, 74.223",16.6977493,74.2234298,1,Drishtideep Netraseva (Phaco and Eye Care Centre) - Kolhapur,Maharashtra,Kolhapur
"16.699, 74.217",16.699001,74.2171949,1,Guru Prasad Hospital,Maharashtra,Kolhapur
"16.7, 74.237",16.699983,74.2365526,1,Chougule Hospital,Maharashtra,Kolhapur
"16.7, 74.245",16.6999552,74.2447104,1,Vardhan Children Hospital,Maharashtra,Kolhapur
"16.701, 74.228",16.700565,74.227722,1,Shri Mahalaxmi Hospital,Maharashtra,Kolhapur
"16.701, 74.23",16.7010307,74.2297322,1,Parimal Hospital,Maharashtra,Kolhapur
"16.703, 74.248",16.7027172,74.2480115,1,Vasan Eye Care Hospital,Maharashtra,Kolhapur
"16.706, 74.255",16.7058707,74.2551595,1,Meera Nursing Home,Maharashtra,Kolhapur
"16.707, 74.259",16.706579,74.2589069,1,Bhomaj Hospital,Maharashtra,Sangli
"16.707, 74.452",16.7069621,74.45176,1,Dr V G Joshi,Maharashtra,Kolhapur
"16.709, 81.115",16.7093893,81.115011,1,Kay Vee Hospital,Andhra Pradesh,West Godavari
"16.71, 74.243",16.7101611,74.2434081,1,Kelavkar Medical Centre And Critical Care Unit,Maharashtra,Kolhapur
"16.71, 74.251",16.7101043,74.2509458,1,Padmashree Dr D Y Patil Hospital and Research Insti,Maharashtra,Kolhapur
"16.711, 74.231",16.7109565,74.2310706,1,Lotus Hospital and Research Centre,Maharashtra,Kolhapur
"16.711, 81.101",16.7106609,81.1007906,1,Shri Krishna Mother and Child Hospital,Andhra Pradesh,West Godavari
"16.716, 74.252",16.7161027,74.2523614,1,Apple Saraswati Multispeciality Hospital,Maharashtra,Kolhapur
"16.716, 81.896",16.7160148,81.8957846,1,Sree Sravana Nursing Home,Andhra Pradesh,East Godavari
"16.727, 81.125",16.7269791,81.1251235,1,Asram Hospital (Alluri Sita Rama Raju Academy Of Medical Sceinces),Andhra Pradesh,West Godavari
"16.73, 74.485",16.7295169,74.4845018,1,Netra Sanjivni Unit Jaysingpur,Maharashtra,Kolhapur
"16.75, 74.423",16.7496196,74.4229895,1,Prachi Hospital,Maharashtra,Kolhapur
"16.751, 74.589",16.751121,74.5887991,1,Shree Datta Shetkari Sahakari Sakhar Karkhana Ltd,Maharashtra,Kolhapur
"16.755, 81.685",16.755256,81.6848302,1,Bhagyasri Hospitals,Andhra Pradesh,West Godavari
"16.757, 81.683",16.7568008,81.6827203,1,Better Vision Clinic,Andhra Pradesh,West Godavari
"16.771, 74.554",16.7708626,74.5539519,1,Ganesh Hospital,Maharashtra,Kolhapur
"16.773, 80.286",16.7725089,80.285935,1,Kranthi Hospital,Andhra Pradesh,Krishna
"16.784, 81.047",16.7842316,81.0471742,1,Soujanya Hospital,Andhra Pradesh,West Godavari
"16.785, 80.846",16.7852784,80.8455008,1,Prasanthi Hospital,Andhra Pradesh,Krishna
"16.785, 80.849",16.7849906,80.8488498,1,Sailaja Nursing Home,Andhra Pradesh,Krishna
"16.791, 82.06",16.7914449,82.0597816,1,Sri Madhavananda Speciality Hospital,Andhra Pradesh,East Godavari
"16.813, 81.528",16.8127061,81.5280872,1,Indira Devi Memorial Nursing Home,Andhra Pradesh,West Godavari
"16.818, 74.647",16.8180204,74.6465968,1,Anand Hospital,Maharashtra,Solapur
"16.818, 81.26",16.8175166,81.260143,1,Our Lady Of Health Hospital,Andhra Pradesh,West Godavari
"16.828, 75.686",16.8283219,75.6859428,1,Alamin Mc and Hospital,Karnataka,Vijayapura
"16.829, 74.639",16.8294965,74.6385793,1,Ent Hospital (Dr. Balashed Patil),Maharashtra,Kolhapur
"16.832, 74.644",16.8316457,74.6438401,1,Sainik G.R. Memorial Hospital,Chhattisgarh,Raigarh
"16.832, 75.711",16.831771,75.7112068,1,Kembhavi Eye and Dental Hospital,Karnataka,Vijayapura
"16.835, 82.03",16.8349808,82.0302926,1,Adarsh Nursing Home,Andhra Pradesh,East Godavari
"16.836, 74.311",16.8356269,74.3113931,1,Raghunathrao Nimbalkar Memorial Hospital,Maharashtra,Kolhapur
"16.837, 82.033",16.8372408,82.0325401,1,Kamala Nursing Home,Andhra Pradesh,East Godavari
"16.838, 74.568",16.837951,74.5682354,1,Kulkarni Heart Hospital,Maharashtra,Kolhapur
"16.84, 75.716",16.8403052,75.7160637,1,M/S.Mudanur Multispeciality Hospital,Karnataka,Vijayapura
"16.841, 74.564",16.8407826,74.5639858,1,Shree Medical Nursing Home,Maharashtra,Sangli
"16.845, 75.709",16.8451764,75.7094116,1,Vaatsalya Hospital - Bijapur,Karnataka,Vijayapura
"16.847, 74.601",16.8467303,74.6006306,1,Susheel Maternity And Gynaecological Hospital,Maharashtra,Sangli
"16.854, 74.577",16.8535825,74.5773208,1,Shri Balvantrao Birnale Memorial Hospital,Maharashtra,Sangli
"16.856, 73.542",16.8559112,73.541744,1,Pandit Dindal Hospital and Daignostic Center,Maharashtra,Ratnagiri
"16.866, 96.195",16.8660694,96.195132,1,Mother Child Hospital,Andhra Pradesh,West Godavari
"16.892, 74.588",16.8922136,74.5880598,1,Bhargava Heart Hospital and Intensive Care Unit,Madhya Pradesh,Ujjain
"16.91, 73.946",16.9101458,73.9462689,1,Om Swaroop Hospital,Maharashtra,Kolhapur
"16.951, 82.233",16.9506495,82.2333585,1,Ramalingeswara Nursing Home,Andhra Pradesh,East Godavari
"16.951, 82.237",16.9510095,82.2365598,1,Sri Lalitha Hospitals Institute Of Lap Surgery And Training,Andhra Pradesh,East Godavari
"16.952, 82.131",16.9523477,82.1305609,1,Sri Srinivasa Nursing Home,Andhra Pradesh,East Godavari
"16.953, 82.247",16.9529766,82.2471715,1,Matruchhaya Hospital,Maharashtra,Pune
"16.955, 82.233",16.954694,82.2327304,1,Siddhartha Hospital,Andhra Pradesh,East Godavari
"16.956, 82.233",16.9558071,82.2330899,1,Shravani Ent Hospital,Andhra Pradesh,East Godavari
"16.961, 82.228",16.9607952,82.2282795,1,Surya Global Hospitals,Andhra Pradesh,East Godavari
"16.964, 82.224",16.9639769,82.2236918,1,Vijaya Nursing Home,Andhra Pradesh,East Godavari
"16.964, 82.233",16.9640729,82.2329395,1,Raghava 24 Hrs Emergency Hospital,Andhra Pradesh,East Godavari
"16.965, 74.132",16.9646394,74.13203,1,Anand Hospital,Maharashtra,Sangli
"16.97, 82.239",16.9695602,82.2388249,1,Nayana Eye Care,Andhra Pradesh,East Godavari
"16.975, 82.235",16.9754085,82.2352397,1,Mother and Child Hospital,Andhra Pradesh,East Godavari
"16.984, 82.24",16.9837142,82.2404611,1,Christian Cancer Center,Andhra Pradesh,East Godavari
"16.993, 81.776",16.9932354,81.7763671,1,Sai Krupa Hospital,Chhattisgarh,Korba
"16.994, 81.776",16.9937064,81.7762669,1,Aruna Hospital and Polyclinic,Andhra Pradesh,East Godavari
"16.997, 82.257",16.9967552,82.2569717,1,Sushrutha Hospital,Andhra Pradesh,East Godavari
"17.0, 81.774",16.9999058,81.7735238,1,Vijaya Laxmi Nursing Home,Andhra Pradesh,East Godavari
"17.001, 81.789",17.0011607,81.7894713,1,Sri Sai Super Speciality Hospital,Andhra Pradesh,Vizianagaram
"17.002, 81.786",17.0021675,81.7855401,1,Vijaya Hospital,Andhra Pradesh,East Godavari
"17.002, 81.79",17.0015368,81.7899798,1,Prasanthi Nursing Home,Andhra Pradesh,East Godavari
"17.004, 81.795",17.0039159,81.7948734,1,V.B. Chest Institute,Andhra Pradesh,East Godavari
"17.01, 81.772",17.0100744,81.7724645,1,Dr A V R Ananda Rao Memorial Eye Clinic,Andhra Pradesh,East Godavari
"17.013, 81.778",17.0127714,81.7782905,1,Swatantra Hospitals,Andhra Pradesh,East Godavari
"17.026, 81.785",17.025988,81.785442,1,Abhaya Emergency Centre,Andhra Pradesh,East Godavari
"17.027, 74.374",17.0265067,74.3743435,1,Loknete Rajarambapu Patil Hospital And Research Ce,Maharashtra,Sangli
"17.032, 81.81",17.0320097,81.8101386,1,Saiteja Hospital,Andhra Pradesh,East Godavari
"17.037, 74.605",17.0365749,74.6053916,1,Tara Hospital,Maharashtra,Sangli
"17.049, 75.221",17.0488981,75.2212873,1,Yash Madhu Hospital,Maharashtra,Sangli
"17.049, 81.8",17.048743,81.799831,1,Bhavani Nursing Home,Andhra Pradesh,East Godavari
"17.052, 79.285",17.0520103,79.2849121,1,Hiraba Medical and Heart Hospital,Gujarat,Patan
"17.056, 74.228",17.0558254,74.228204,1,Shushrusha Hospital,Maharashtra,Sangli
"17.056, 74.263",17.0557425,74.2634159,1,Umrani Hospital and Icu Centre,Maharashtra,Sangli
"17.063, 81.292",17.063139,81.2917971,1,Vrd Care Hospital,Andhra Pradesh,East Godavari
"17.069, 73.624",17.0686039,73.6241855,1,Matumandir Hospital,Maharashtra,Ratnagiri
"17.071, 75.227",17.0706662,75.2270698,1,Dr Patil Hospital,Maharashtra,Solapur
"17.076, 82.136",17.0756673,82.1360026,1,Rao's Nursing Home,Andhra Pradesh,East Godavari
"17.079, 82.137",17.0785002,82.1366951,1,Sree Sreenivasa Hospital,Andhra Pradesh,East Godavari
"17.085, 74.422",17.0854162,74.421785,1,Sou. Radhabai Maternity Maternity Hospital Trust,Maharashtra,Sangli
"17.098, 74.45",17.097643,74.4496317,1,Shashi Clinic,Maharashtra,Sangli
"17.112, 82.253",17.1124269,82.2528975,1,Sri Varalakshmi Hospital,Andhra Pradesh,East Godavari
"17.117, 82.269",17.1172164,82.268659,1,Chopde's Nursing Home,Andhra Pradesh,East Godavari
"17.12, 81.312",17.1195131,81.312207,1,U.V.S.M. Eye Hospital,Andhra Pradesh,West Godavari
"17.122, 81.292",17.122319,81.2923087,1,Jibilli Mother and Child Hospital,Andhra Pradesh,West Godavari
"17.204, 81.321",17.2043998,81.3212031,1,Tirumala Nursing Home,Andhra Pradesh,West Godavari
"17.238, 73.958",17.2377541,73.9580246,1,"Krishna Hospital and Medical Research Center, Karad",Maharashtra,Satara
"17.275, 74.183",17.2753467,74.1834458,1,Rajyog Hospital [Karad],Maharashtra,Satara
"17.275, 74.536",17.2751726,74.5357127,1,Shree Sai Hospital,Maharashtra,Sangli
"17.279, 74.183",17.2791315,74.182563,1,"City Medical Centre, Karad",Maharashtra,Satara
"17.28, 74.176",17.2804967,74.1756595,1,Sanjeevan Hospital,Maharashtra,Ratnagiri
"17.285, 74.182",17.2849281,74.1824787,1,Pawar Surgical Hospital,Maharashtra,Satara
"17.288, 82.106",17.2882648,82.1063568,1,Lakshmi Balaji Nursing Home,Andhra Pradesh,East Godavari
"17.289, 74.185",17.2887115,74.1845465,1,Patil Hospital [Karad],Maharashtra,Satara
"17.291, 74.183",17.2913904,74.1829555,1,Shree Icu and Mrc Pvt Ltd (Karad),Maharashtra,Satara
"17.301, 76.817",17.3005036,76.8173075,1,Dhanvantari Hospital,Karnataka,Gulbarga
"17.304, 82.21",17.3036498,82.2101462,1,Ravi Nursing Home,Andhra Pradesh,East Godavari
"17.309, 74.214",17.3088979,74.2143068,1,Rajashree Hosptail,Maharashtra,Satara
"17.322, 78.403",17.3223105,78.4033528,1,Laxman Care Centre,Bihar,Patna
"17.323, 76.822",17.3229328,76.821894,1,Siddaganga Hospital,Karnataka,Gulbarga
"17.328, 76.857",17.3275734,76.8565879,1,Devika Maternity Home and Ivf Centre,Karnataka,Gulbarga
"17.333, 76.859",17.3330633,76.8591211,1,L M Care Maternity and General Hospital,Karnataka,Gulbarga
"17.334, 77.903",17.3337789,77.9034879,1,M.S.R.Narayana Hrudayalaya,Karnataka,Bengaluru Urban
"17.335, 78.499",17.3354406,78.4989506,1,"CGHS Dispensary No.VII,\nKanchanbagh",Andhra Pradesh,Hyderabad
"17.348, 78.506",17.3475489,78.506413,1,Niramay Clinic,Himachal Pradesh,Mandi
"17.35, 78.552",17.3499297,78.5522438,1,Disha Children's Hospital,Andhra Pradesh,Hyderabad
"17.353, 78.552",17.3525595,78.5519097,1,Nandini Hosipital,Andhra Pradesh,Krishna
"17.358, 78.543",17.3575226,78.5429113,1,Shree Sai Saans Critical Care Centre,Haryana,Rohtak
"17.365, 78.462",17.3649406,78.4622072,1,M/S Azam Hospital,Andhra Pradesh,Krishna
"17.365, 82.546",17.3645993,82.5460478,1,Pandu Ranga Praja Vidyasala,Andhra Pradesh,East Godavari
"17.366, 78.423",17.3658963,78.422749,1,Dr. Gracias Nursing Home,Goa,South Goa
"17.368, 78.524",17.3681151,78.523757,1,"CGHS Dispensary No.XII,\nDilsuknagar",Andhra Pradesh,Hyderabad
"17.368, 78.536",17.368162,78.535811,1,Omni Hospital,Andhra Pradesh,Hyderabad
"17.37, 78.496",17.3695953,78.495794,1,"Vasan Healthcare Private Limited, Santosh Nagar",Andhra Pradesh,Hyderabad
"17.371, 78.499",17.37086,78.499155,1,"CGHS Dispensary No.VII,\nMalakpet",Andhra Pradesh,Hyderabad
"17.375, 73.896",17.374871,73.8962757,1,Sadguru Hospital and Medical Institute Pvt Ltd [Patan],Maharashtra,Satara
"17.376, 78.498",17.3755207,78.4980753,1,Yashoda Super Speciality Hospital,Andhra Pradesh,Hyderabad
"17.385, 78.474",17.3854426,78.4741288,1,"Care Hospital, Nampally",Andhra Pradesh,Hyderabad
"17.385, 78.485",17.3852673,78.4849747,1,"CGHS Dispensary No.VI,\nKachiguda",Andhra Pradesh,Hyderabad
"17.391, 78.438",17.3909698,78.4379132,1,Apollo DRDO Hospital,Andhra Pradesh,Hyderabad
"17.391, 78.481",17.390546,78.481084,1,"Aditya Hospital, ABIDS",Andhra Pradesh,Hyderabad
"17.395, 78.443",17.3945149,78.4425619,1,"Vasan Healthcare Private Limited, Mehidipatnam",Andhra Pradesh,Hyderabad
"17.395, 78.497",17.395257,78.4965928,1,Gokul Maternity and Nursing Home,Karnataka,Raichur
"17.397, 74.094",17.3969458,74.093988,1,Pioneer Hospital,Maharashtra,Satara
"17.398, 78.51",17.3977354,78.5095841,1,Abhay Nursing Home,Andhra Pradesh,East Godavari
"17.398, 78.512",17.3981315,78.5124411,1,Kailash Hospital,Haryana,Gurgaon
"17.399, 78.444",17.3985691,78.4444924,1,Goodwill Kidney and Surgical Centre,Andhra Pradesh,Hyderabad
"17.399, 78.446",17.3991205,78.4460041,1,"CGHS Dispensary No.II, Humayunagar",Andhra Pradesh,Hyderabad
"17.399, 78.477",17.3990949,78.4773256,1,Dr.Ramayya's Urology Nephrology Institute and Hospital Private Limited,Andhra Pradesh,Hyderabad
"17.401, 78.47",17.401456,78.469886,1,Gupta Ortho Centre,Haryana,Rohtak
"17.401, 78.481",17.401414,78.480615,1,Hyderabad Eye Centre,Andhra Pradesh,Hyderabad
"17.402, 78.487",17.4020703,78.4870568,1,"Vasan Healthcare Private Limited, Himayath Nagar",Andhra Pradesh,Hyderabad
"17.404, 78.456",17.4036772,78.4560922,1,Vijay Marie Hospital,Andhra Pradesh,Hyderabad
"17.405, 78.482",17.4048879,78.4819892,1,Sathya Kidney Centre and Super Speciality Hospital,Andhra Pradesh,Hyderabad
"17.406, 78.472",17.406396,78.471592,1,Mediciti Hospital,Andhra Pradesh,Hyderabad
"17.407, 78.462",17.4068477,78.4623915,1,Anand Hospital Navdeep Eye Center / Anand Nursing Home,Haryana,Panipat
"17.407, 78.512",17.4066338,78.5115901,1,Ayurvaid Hospital,Karnataka,Dharwad
"17.407, 78.514",17.4065284,78.5139136,1,Sudha Nursing Home,Karnataka,Mandya
"17.408, 78.485",17.408118,78.484689,1,Sai Vani Super Specialty Hospital,Andhra Pradesh,Hyderabad
"17.41, 78.428",17.4101779,78.4284907,1,Omega Hospital,Andhra Pradesh,Hyderabad
"17.41, 78.437",17.4104308,78.4374452,1,Motherhood Hospital,Andhra Pradesh,Hyderabad
"17.412, 78.455",17.411757,78.4546822,1,"Vasan Healthcare Private Limited, Begumpet",Andhra Pradesh,Hyderabad
"17.412, 78.571",17.4119955,78.571417,1,Raghava Multi Speciality Hospital,Andhra Pradesh,Hyderabad
"17.414, 78.44",17.4138277,78.4397584,1,"Rainbow Hospital for Women and Children, Banjara Hills",Andhra Pradesh,Hyderabad
"17.414, 78.498",17.4136932,78.4979469,1,Guru Nanak Care Hospital,Andhra Pradesh,Hyderabad
"17.416, 78.514",17.4164876,78.5135489,1,Sridevi Nursing Home,Andhra Pradesh,Hyderabad
"17.416, 78.541",17.4157401,78.5410169,1,"CGHS Dispensary No.XI,\nKakatiyanagar",Andhra Pradesh,Hyderabad
"17.421, 78.458",17.421204,78.45829,1,Asian Institute of Gastroenterology,Andhra Pradesh,Hyderabad
"17.422, 78.433",17.421868,78.4325607,1,Basavatarakam Indo American Cancer Institute And Research Centre,Andhra Pradesh,Hyderabad
"17.422, 78.503",17.4218188,78.5031792,1,"CGHS Dispensary No.III,\nSecunderabad",Andhra Pradesh,Hyderabad
"17.423, 78.336",17.4226283,78.3364349,1,Continental Hospital Limited,Andhra Pradesh,Hyderabad
"17.423, 78.426",17.4230892,78.42647,1,L V Prasad Eye Institute,Andhra Pradesh,Hyderabad
"17.423, 78.428",17.4227225,78.4283057,1,Asha Hospital,Andhra Pradesh,Hyderabad
"17.423, 78.459",17.4233704,78.4593342,1,Yashoda Hospital,Andhra Pradesh,Hyderabad
"17.424, 78.458",17.4237016,78.4583888,1,The Deccan Hospital,Andhra Pradesh,Hyderabad
"17.425, 78.423",17.4249353,78.4226378,1,"Centre For Sight, Banjara Hills",Andhra Pradesh,Hyderabad
"17.425, 78.431",17.4245471,78.4310742,1,Challa Eye Care Centre,Andhra Pradesh,Hyderabad
"17.425, 78.45",17.4251835,78.4503274,1,"Swarup Eye Centre, Punjagutta",Andhra Pradesh,Hyderabad
"17.425, 78.451",17.424611,78.450531,1,Pragna Hospital,Andhra Pradesh,Hyderabad
"17.426, 78.532",17.426249,78.5316232,1,Suraksha Childrens Hospital,Andhra Pradesh,Hyderabad
"17.427, 78.431",17.4274003,78.4311174,1,"Care Hospital, Banjara",Andhra Pradesh,Hyderabad
"17.427, 78.5",17.4274818,78.4998505,1,Kashmiris Dental Clinic,Himachal Pradesh,Kangra
"17.428, 78.407",17.4283705,78.4065896,1,Fernandez Hospital,Andhra Pradesh,Hyderabad
"17.428, 78.414",17.4275372,78.4142451,1,"Vasan Healthcare Private Limited, Jubilee Hills",Andhra Pradesh,Hyderabad
"17.43, 78.49",17.430016,78.4897935,1,"KIMS Hospital, Secunderabad",Andhra Pradesh,Hyderabad
"17.432, 78.447",17.431748,78.44654,1,"Vasan Healthcare Private Limited, Ameerpet",Andhra Pradesh,Hyderabad
"17.433, 78.407",17.4325235,78.4070152,1,Apollo Hospitals,Andhra Pradesh,Hyderabad
"17.436, 75.189",17.4357941,75.1888022,1,Shrinand Balrugnalaya,Maharashtra,Solapur
"17.438, 78.399",17.4380983,78.3994013,1,Live Life Hospital,Andhra Pradesh,Hyderabad
"17.439, 78.497",17.4391338,78.4968457,1,Red Cross Diagnostic Centre,Madhya Pradesh,Bhopal
"17.44, 78.349",17.4400802,78.3489168,1,Motherhood Hospital,Andhra Pradesh,Hyderabad
"17.44, 78.407",17.4399866,78.4070375,1,Deepa Hospital,Karnataka,Bengaluru Urban
"17.44, 78.451",17.4396894,78.4506241,1,Challa Hospital,Andhra Pradesh,Hyderabad
"17.44, 78.474",17.4404903,78.4739384,1,Rajahmundry Orthopedic Hospital,Andhra Pradesh,East Godavari
"17.442, 78.486",17.4422003,78.4862051,1,Sunshine Hospital,Andhra Pradesh,Hyderabad
"17.448, 78.462",17.4481595,78.4619685,1,Maxivision Eye Hospital,Andhra Pradesh,Hyderabad
"17.449, 78.535",17.449023,78.534885,1,"Gupta Hospital, Nandyal",Andhra Pradesh,Kurnool
"17.452, 78.536",17.4517795,78.5360573,1,Tdcpls Sanjeevani Hospital and Critical Care,Maharashtra,Kolhapur
"17.455, 78.5",17.4551786,78.4999876,1,"Rainbow Hospital for Women and Children, Secunderabad",Andhra Pradesh,Hyderabad
"17.457, 78.439",17.456708,78.4390542,1,Neelima,Andhra Pradesh,Hyderabad
"17.461, 78.491",17.461399,78.4908723,1,Janapareddy Hospital,Andhra Pradesh,Hyderabad
"17.461, 78.502",17.4613134,78.501831,1,Nagarjuna Hospital,Andhra Pradesh,Krishna
"17.462, 78.357",17.4622103,78.3568492,1,"Universal Superspeciality Dental Hospital, Kondapur",Andhra Pradesh,Hyderabad
"17.464, 78.503",17.4644611,78.5031095,1,Baragi Hospital,Karnataka,Bagalkot
"17.47, 78.385",17.4697664,78.3853073,1,"Ankura Hospital for Children and Women, Kukatpally",Andhra Pradesh,Hyderabad
"17.473, 78.31",17.472855,78.3101779,1,Citizens Hospital,Andhra Pradesh,Hyderabad
"17.483, 78.395",17.4830292,78.39514,1,"Prime Hospital, Kukatpally",Andhra Pradesh,Hyderabad
"17.484, 78.316",17.4836979,78.3158338,1,"Vasan Healthcare Private Limited, Chandanagar",Andhra Pradesh,Hyderabad
"17.485, 78.39",17.4853956,78.3903861,1,Icon Hospital,Andhra Pradesh,Hyderabad
"17.486, 78.389",17.4861948,78.3892697,1,"Lotus Children's Hospital, Kukatpally",Andhra Pradesh,Hyderabad
"17.488, 78.4",17.4875018,78.3997822,1,Global Eye Hospital,Andhra Pradesh,Hyderabad
"17.49, 78.393",17.4904322,78.3926349,1,Anupama Hospital,Andhra Pradesh,Hyderabad
"17.491, 78.416",17.4914639,78.4159255,1,Remedy Hosptials,Andhra Pradesh,Hyderabad
"17.492, 78.402",17.4916972,78.4018218,1,Surakshaka Multi Speciality Hospital,Andhra Pradesh,Hyderabad
"17.497, 78.426",17.4965865,78.4264125,1,Navya Hospital,Andhra Pradesh,Visakhapatnam
"17.498, 78.503",17.4980973,78.5027043,1,"CGHS Dispensary No.IX,\nAlwal, Secunderabad",Andhra Pradesh,Hyderabad
"17.499, 82.0",17.4986709,81.9998367,1,Sri Venkateswara Nursing Home,Andhra Pradesh,East Godavari
"17.501, 73.98",17.5011247,73.9796512,1,Jeevan Jyot Rugnalaya [Satara],Maharashtra,Satara
"17.504, 78.311",17.5040161,78.3108789,1,Holy Cross Hospital,Karnataka,Chikkamagaluru
"17.507, 75.44",17.50726,75.439776,1,Narmada Hospital,Maharashtra,Solapur
"17.514, 78.445",17.5144468,78.4453532,1,Ram Hospital,Andhra Pradesh,Hyderabad
"17.517, 73.547",17.5172097,73.5472055,1,Mukund (Anna) Jadhav Hospital and Reserch Center,Maharashtra,Ratnagiri
"17.524, 76.205",17.5242162,76.2054416,1,Medical Supritendent Rural Hospital,Maharashtra,Solapur
"17.525, 73.531",17.5248963,73.5306489,1,Patankar Nursing Home,Maharashtra,Ratnagiri
"17.526, 73.52",17.5260425,73.5203923,1,Parkar Hospital,Maharashtra,Ratnagiri
"17.531, 73.516",17.5308446,73.5158887,1,Janata Hospital,Maharashtra,Ratnagiri
"17.59, 74.199",17.5904097,74.1988555,1,Mauli Hospital (Rahimatpur),Maharashtra,Satara
"17.592, 78.945",17.5917436,78.9446423,1,Shri Dwaraka Nursing Home,Karnataka,Ballari
"17.598, 74.452",17.5983422,74.4523847,1,Navjeevan Hospital [Vaduj],Maharashtra,Satara
"17.603, 75.39",17.6030376,75.390148,1,Dr Kadam Surgical Hospital,Maharashtra,Solapur
"17.608, 74.452",17.6076372,74.4521479,1,Shree Surgical Hospital [Vaduj],Maharashtra,Satara
"17.626, 74.454",17.6258216,74.4543101,1,Abhiwadan Hospital,Maharashtra,Satara
"17.629, 75.914",17.6287392,75.9143867,1,Shreyash Hospital,Maharashtra,Solapur
"17.635, 83.197",17.6345641,83.1970511,1,Visakhapatnam Steel General Hospital,Andhra Pradesh,Visakhapatnam
"17.636, 74.788",17.6363164,74.7880109,1,Raut Nursing Home,Maharashtra,Satara
"17.641, 75.899",17.6408371,75.8985544,1,Raghvendra Hospital,Maharashtra,Solapur
"17.641, 82.671",17.6411426,82.6711472,1,Sri Lalitha Nursing Home,Andhra Pradesh,Visakhapatnam
"17.644, 81.683",17.6441503,81.6829431,1,C.R. Reddy Hospital,Andhra Pradesh,SPSR Nellore
"17.645, 75.901",17.6452056,75.9007677,1,Raghuvendra Hospital,Maharashtra,Solapur
"17.657, 79.432",17.6574908,79.432224,1,Srinivasa Nursing Home,Andhra Pradesh,SPSR Nellore
"17.663, 75.901",17.6631693,75.9005934,1,City Hospital,Maharashtra,Solapur
"17.665, 74.362",17.6654636,74.3616798,1,Matoshri General and Maternity Hospital,Maharashtra,Satara
"17.665, 75.897",17.6651796,75.8970483,1,Jyothi Nursing Home,Andhra Pradesh,Y.S.R.
"17.665, 75.899",17.6651108,75.8986612,1,Dr. Basutkar`S Gaurav Plastic Surgery - Maternity Hospital,Maharashtra,Solapur
"17.666, 75.907",17.6656707,75.9072575,1,Balwant Institute Of Neurosurgery And Intensive T,Maharashtra,Solapur
"17.668, 75.312",17.6675629,75.3124285,1,Dr Dipak Achalare,Maharashtra,Solapur
"17.669, 75.341",17.6693546,75.3409001,1,Medicare I.Cu. Pandharpur,Maharashtra,Solapur
"17.67, 75.316",17.6696709,75.3164374,1,Shri Ganapati Hospital and Netralaya-Pandharpur,Maharashtra,Solapur
"17.67, 75.881",17.6699361,75.8812025,1,Dhanvantri Nursing Home,Maharashtra,Solapur
"17.67, 83.199",17.669605,83.1993948,1,Sujatha Hospital,Andhra Pradesh,Visakhapatnam
"17.675, 75.896",17.675093,75.8955113,1,Dr Birajdar Hospital,Maharashtra,Solapur
"17.675, 75.909",17.6745656,75.9087491,1,Vinayak Maternity And Nursing Home,Maharashtra,Solapur
"17.678, 75.329",17.6784981,75.328914,1,Shree Criti Care Unit,Maharashtra,Solapur
"17.679, 73.989",17.678773,73.9889896,1,Varad Children Hospital,Maharashtra,Satara
"17.68, 83.199",17.6795545,83.199388,1,R K Hospital: Gajuwaka Hospitals (P) Ltd. - Visakhapatnam,Andhra Pradesh,Visakhapatnam
"17.681, 73.982",17.6806988,73.9817552,1,Samarth Hospitals Pvt Ltd,Maharashtra,Satara
"17.681, 83.199",17.6810024,83.19906,1,Gajuwaka Hospital P Ltd,Andhra Pradesh,Visakhapatnam
"17.682, 83.205",17.6818851,83.2052985,1,Gowtami Hospital,Andhra Pradesh,Visakhapatnam
"17.684, 73.998",17.6837861,73.998499,1,Shri Ram Hospital,Maharashtra,Satara
"17.685, 83.007",17.6854505,83.0071914,1,Ramyasai Nursing Home,Andhra Pradesh,Visakhapatnam
"17.685, 83.15",17.6854046,83.1499439,1,Abhaya Critical Care,Andhra Pradesh,Visakhapatnam
"17.685, 83.243",17.6854667,83.2432403,1,St.Ann's Jubilee Memorial Hospital,Andhra Pradesh,Visakhapatnam
"17.686, 83.203",17.6864269,83.2028941,1,Padmaja Hospital,Andhra Pradesh,Visakhapatnam
"17.688, 73.987",17.6879608,73.9874105,1,"Dr M N Agashe Charitable Hospital and Maternity Home, Satara",Maharashtra,Satara
"17.688, 74.046",17.6875811,74.0456142,1,Meenakshi Hospital [Satara],Maharashtra,Satara
"17.689, 74.015",17.6894983,74.0145886,1,Radhika Nursing Home,Maharashtra,Satara
"17.69, 82.998",17.6895915,82.9977331,1,Venkatarama Hospital,Andhra Pradesh,Visakhapatnam
"17.69, 83.002",17.6896439,83.0023548,1,Vijaya Hospital,Andhra Pradesh,Visakhapatnam
"17.691, 73.999",17.691496,73.998881,1,Vaishnavi Hospital,Maharashtra,Satara
"17.692, 74.008",17.6922546,74.0078977,1,Symbiosis Hospital And Research Centre Pvt. Ltd.,Maharashtra,Satara
"17.692, 83.011",17.6917856,83.0110222,1,Vijaya Medical Centre,Andhra Pradesh,Visakhapatnam
"17.693, 74.092",17.6926214,74.0919536,1,Dhananjay Hospital And Research Centre Koregaon,Maharashtra,Satara
"17.693, 74.17",17.6925494,74.1701227,1,Pooja Nursing Home,Maharashtra,Satara
"17.697, 74.161",17.6966354,74.1607179,1,Balaji Hospital,Maharashtra,Satara
"17.706, 83.309",17.7060613,83.3091096,1,Apex Hospital,Andhra Pradesh,Visakhapatnam
"17.706, 83.311",17.7064519,83.3111737,1,Mythri Nursing Home,Andhra Pradesh,Visakhapatnam
"17.709, 83.307",17.7086746,83.3069937,1,Care Hospital - Maharanipet,Andhra Pradesh,Visakhapatnam
"17.712, 83.312",17.7121136,83.3121281,1,Kanakadurga Hospitals Pvt Ltd,Andhra Pradesh,Visakhapatnam
"17.716, 83.198",17.7155773,83.1983904,1,Krishi Trust Hospital,Andhra Pradesh,Visakhapatnam
"17.716, 83.274",17.7161599,83.2743683,1,Kothagiri Surya Nursing Home,Andhra Pradesh,Visakhapatnam
"17.716, 83.303",17.7157248,83.30336,1,The Good Samaritan Homoeo Hospital,Andhra Pradesh,Visakhapatnam
"17.719, 83.311",17.7189912,83.3113226,1,Lazarus Hospitals Ltd,Andhra Pradesh,Visakhapatnam
"17.72, 83.297",17.7199774,83.2971493,1,Prabha Clinic and Nursing Home,Andhra Pradesh,Visakhapatnam
"17.722, 83.29",17.7220273,83.2897309,1,Waltair Multicare Hospital,Andhra Pradesh,Visakhapatnam
"17.728, 83.295",17.727823,83.2954313,1,Vision Care Center( Super Speciality Eye Hospital ),Andhra Pradesh,Visakhapatnam
"17.728, 83.304",17.7275674,83.304323,1,Annapoorna Hospital,Andhra Pradesh,Visakhapatnam
"17.729, 83.301",17.7294211,83.3014319,1,Apoorva Hospital,Andhra Pradesh,Visakhapatnam
"17.731, 83.309",17.7307042,83.308702,1,Venkatarama Hospital,Andhra Pradesh,Visakhapatnam
"17.733, 83.273",17.7327968,83.2729372,1,Sri Chakra Multi Speciality Hospitals Pvt Ltd,Andhra Pradesh,Visakhapatnam
"17.737, 83.307",17.7368076,83.3073078,1,Uma Polyclinc and Hospital,Andhra Pradesh,Visakhapatnam
"17.738, 83.302",17.7383557,83.3015401,1,Suma Maternity Home,Andhra Pradesh,Visakhapatnam
"17.74, 83.308",17.7399576,83.3081172,1,Rama Hospitals,Andhra Pradesh,Visakhapatnam
"17.74, 83.336",17.7403423,83.3363752,1,Dj Clinic,Andhra Pradesh,Visakhapatnam
"17.741, 83.245",17.7406972,83.2450152,1,Kamala Nursing Home,Andhra Pradesh,Visakhapatnam
"17.742, 83.337",17.7416705,83.3368562,1,Mvp Hospital,Andhra Pradesh,Visakhapatnam
"17.742, 83.339",17.7424749,83.3388608,1,Vijaya Hospital,Andhra Pradesh,Visakhapatnam
"17.744, 83.278",17.7439487,83.2779581,1,Mahama Gandhi Cancer Hospital and Research Institut,Andhra Pradesh,Visakhapatnam
"17.744, 83.33",17.7440099,83.3298397,1,Sanjivi Hospital,Andhra Pradesh,Visakhapatnam
"17.748, 83.218",17.7479751,83.2179139,1,Satyam Intensive Care and Trauma Centre,Andhra Pradesh,Visakhapatnam
"17.753, 83.217",17.7532401,83.216954,1,Sr Hospital,Andhra Pradesh,Visakhapatnam
"17.767, 83.313",17.7666503,83.313465,1,Sai Satya Hospital,Andhra Pradesh,Visakhapatnam
"17.784, 73.185",17.784371,73.1851121,1,Dr.Chopwalikar Eye Hospital,Maharashtra,Ratnagiri
"17.803, 75.645",17.802867,75.6454727,1,Lokhande Baburao Patil Hospital,Maharashtra,Solapur
"17.815, 76.242",17.8154954,76.2416351,1,Kanade Hopital,Maharashtra,Osmanabad
"17.824, 83.346",17.8237185,83.3455422,1,Sunitha Nursing Home,Andhra Pradesh,Visakhapatnam
"17.825, 83.354",17.8250952,83.3538012,1,Sevenhills Hospital Ltd.,Andhra Pradesh,Visakhapatnam
"17.835, 76.625",17.8349761,76.624771,1,Tawshikar Hospital,Maharashtra,Osmanabad
"17.84, 76.622",17.8397675,76.6222433,1,Shedge Hospital,Maharashtra,Osmanabad
"17.846, 74.644",17.8461781,74.6435913,1,Siddhanath Hospital and Research Center [Phaltan],Maharashtra,Satara
"17.863, 74.905",17.8632547,74.9054785,1,Suryawanshi Trauma and Rehabilitation Centre,Maharashtra,Solapur
"17.88, 74.59",17.8797159,74.5902635,1,Palawe Hospital,Maharashtra,Satara
"17.892, 75.012",17.8920985,75.011778,1,Ashwini Hospital,Maharashtra,Solapur
"17.915, 77.513",17.9153068,77.5129632,1,Sachin Nursing Home,Karnataka,Bidar
"17.916, 77.51",17.915585,77.5102644,1,Pande Nursing Home,Karnataka,Bidar
"17.916, 77.515",17.9155612,77.514822,1,Kamtikar Hospital,Karnataka,Bidar
"17.917, 82.814",17.9168233,82.8142389,1,St.Ann's Hospital,Andhra Pradesh,Visakhapatnam
"17.921, 77.51",17.9205166,77.5101835,1,Bidar Institute Of Medical Sceince-Teaching Hospital,Karnataka,Bidar
"17.944, 73.89",17.9439732,73.8904385,1,Sonia Clinic and Saidutta Hospital,Maharashtra,Satara
"17.947, 73.89",17.9471204,73.8904198,1,Navjeewan Hospital [Wai],Maharashtra,Satara
"17.953, 73.887",17.9532779,73.886745,1,Ghotavadekar Hospital And Sanchit Icu,Maharashtra,Satara
"17.956, 73.893",17.9559945,73.8933596,1,Chintamani Eye and Dental Clinic,Maharashtra,Satara
"17.975, 74.993",17.9751977,74.993124,1,Care and Cure Clinic,Maharashtra,Pune
"17.982, 74.431",17.9819296,74.4309013,1,Sushrut Hospital [Phaltan],Maharashtra,Satara
"17.983, 74.433",17.9828457,74.4333434,1,Chirjeevan Hospital and Research Center,Maharashtra,Satara
"17.984, 74.431",17.9842312,74.431312,1,Adsool Hospital [Phaltan],Maharashtra,Satara
"17.987, 74.425",17.986525,74.4248211,1,Arundhati Nursing Home,Maharashtra,Satara
"17.988, 73.263",17.9876444,73.2632672,1,Ashwini Maternity and Nursing Home,Maharashtra,Ratnagiri
"17.989, 74.431",17.9892133,74.4305792,1,Dhumal Maternity and Surgical Hospital [Phaltan],Maharashtra,Satara
"17.99, 74.434",17.9898128,74.4341996,1,Ankur Hospital [Phaltan],Maharashtra,Satara
"18.042, 74.186",18.041706,74.1861821,1,Mourya Hospital,Maharashtra,Satara
"18.05, 77.218",18.0503666,77.2183652,1,Talwade Hospital Bhalki,Karnataka,Bidar
"18.056, 74.485",18.0556093,74.4848003,1,Dhanvantary Hospital - Rsby,Maharashtra,Pune
"18.082, 73.422",18.0820208,73.422441,1,Mahad Nursing Home,Maharashtra,Raigarh
"18.084, 75.423",18.0840117,75.423237,1,Madhav Smruti Hospital,Maharashtra,Solapur
"18.091, 75.407",18.0910025,75.4065475,1,New Ashirwad Rugnalaya,Maharashtra,Solapur
"18.096, 75.422",18.0963477,75.4221007,1,Santosh Hospital Maternity and Nursing Home,Maharashtra,Solapur
"18.112, 83.411",18.1124061,83.4112908,1,Andhra Children Hospital,Andhra Pradesh,Vizianagaram
"18.123, 83.402",18.1226797,83.4023063,1,Vamsi Nursing Home,Andhra Pradesh,Vizianagaram
"18.126, 74.388",18.1260908,74.3880929,1,Shri Ram Hospital - Rsby,Maharashtra,Pune
"18.127, 75.027",18.1268043,75.0271934,1,Ojas Ent and Dental Clinic,Maharashtra,Pune
"18.144, 74.574",18.1435037,74.5737416,1,Giri Raj Hospital and Intensive Care Unit,Maharashtra,Pune
"18.148, 74.574",18.1483143,74.5739472,1,Sunjeevan Nursng Home,Maharashtra,Pune
"18.155, 73.297",18.1554758,73.2967848,1,Bombay Nursing Home and Polyclinic,Maharashtra,Ahmednagar
"18.158, 74.568",18.1578373,74.5680226,1,Shripal Hospital,Maharashtra,Pune
"18.164, 74.961",18.1635845,74.9612717,1,Thorat Accident and Maternity Hospital,Maharashtra,Pune
"18.165, 83.451",18.164904,83.4510164,1,Maharajahs Institute Of Medical Sciences,Andhra Pradesh,Vizianagaram
"18.166, 74.597",18.1661487,74.5970527,1,Atole Accident Hospital,Maharashtra,Pune
"18.184, 83.781",18.1836024,83.7813181,1,Sarojini Devi Hospital,Andhra Pradesh,Srikakulam
"18.192, 76.047",18.1918723,76.0470458,1,Keshavraj Hospital,Maharashtra,Latur
"18.194, 76.035",18.1939184,76.0352018,1,Swami Hospital,Maharashtra,Latur
"18.233, 75.691",18.2329054,75.6912806,1,Sanjeevani Nursing Home,Maharashtra,Solapur
"18.236, 73.284",18.2362513,73.2840735,1,Dr. Vaidya Eye Hospital,Maharashtra,Raigarh
"18.294, 83.896",18.2936806,83.8962459,1,Vijaya Harsha Mother And Child Hospital,Andhra Pradesh,Srikakulam
"18.299, 83.895",18.2991263,83.8947235,1,Amma Hospital,Andhra Pradesh,Srikakulam
"18.305, 83.89",18.3051535,83.8904518,1,Sindhura Hospitals,Andhra Pradesh,Srikakulam
"18.307, 83.896",18.3072486,83.8964979,1,Deepa Nursing Home,Andhra Pradesh,Srikakulam
"18.315, 83.895",18.3148007,83.8946364,1,Pavani Nursing Home,Andhra Pradesh,Srikakulam
"18.352, 74.033",18.3520712,74.0329499,1,Dr. Mainkar Hospital,Maharashtra,Pune
"18.372, 77.135",18.3715982,77.1346669,1,Udaygiri Multispeciality Hospital,Maharashtra,Latur
"18.387, 76.56",18.3871437,76.560489,1,Barmade Hospital,Maharashtra,Latur
"18.389, 78.811",18.3891036,78.8111168,1,Sree Sai Childrens Hospital,Andhra Pradesh,Prakasam
"18.391, 76.562",18.3911689,76.5615835,1,Shushila Hospital Latur,Maharashtra,Latur
"18.393, 76.562",18.3929816,76.5621438,1,Chiranjeev Hospital,Maharashtra,Latur
"18.394, 76.581",18.3940016,76.5814921,1,Gojamgunde Hospital,Maharashtra,Latur
"18.396, 76.571",18.3961023,76.5708578,1,Vivekanand Hospital Latur,Maharashtra,Latur
"18.398, 76.554",18.3979679,76.5537105,1,Aziza Memorial Hospital and Research Centre,Maharashtra,Latur
"18.398, 76.571",18.3981572,76.5706375,1,Sai Neonatal And Pediatric Hospital And Icu,Maharashtra,Latur
"18.399, 76.221",18.3987126,76.2205473,1,Dr Sb Gugale Memorial Hospital,Maharashtra,Latur
"18.399, 76.565",18.3985619,76.564732,1,Mamta Hospital,Maharashtra,Latur
"18.4, 76.573",18.3995628,76.5728198,1,Lokmanya Medical Foundation and Research Centre Pvt,Maharashtra,Latur
"18.402, 76.56",18.401665,76.5596387,1,Tuljai Hosital,Maharashtra,Latur
"18.403, 76.24",18.4028716,76.2399495,1,Dr. Patil Balrugnalaya and Maternity Home,Maharashtra,Solapur
"18.408, 76.538",18.40819,76.5383812,1,Mandade Womens Hospital,Maharashtra,Latur
"18.408, 76.541",18.408495,76.5410607,1,M. J. Hospital - Latur,Maharashtra,Latur
"18.413, 75.197",18.4128194,75.1967746,1,Comprehensive Rural Health Project,Maharashtra,Ahmednagar
"18.416, 84.046",18.4163638,84.0459255,1,Bharat Speciality Hospital,Andhra Pradesh,Srikakulam
"18.418, 76.571",18.4181476,76.5705762,1,Prabhavati Multi Speciality Hospital and Research Center,Maharashtra,Latur
"18.433, 79.13",18.4328566,79.1303578,1,Emergency Hospital,Andhra Pradesh,Chittoor
"18.435, 76.577",18.4349347,76.5766749,1,Maeer Punes Yashwantrao Chavan Rural Hospital,Maharashtra,Latur
"18.436, 74.465",18.4360474,74.464639,1,Swasthya Hospital,Maharashtra,Pune
"18.437, 73.131",18.4371649,73.1312725,1,Amrita Nursing Home,Maharashtra,Raigarh
"18.445, 73.856",18.4451474,73.855663,1,Sri Srinivasa Hospital,Andhra Pradesh,Hyderabad
"18.448, 74.409",18.4483516,74.4086069,1,Arogya Mandir Hospital And Maternity Home,Maharashtra,Pune
"18.456, 83.649",18.4555839,83.6493806,1,Gmr Varalaxmi Care Hospital,Andhra Pradesh,Srikakulam
"18.457, 73.852",18.457314,73.852319,1,Bvmfs Bharti Hospital and Research Center,Maharashtra,Pune
"18.457, 74.581",18.4568215,74.580923,1,Jaykar Accident Fracture Hospital,Maharashtra,Pune
"18.461, 73.869",18.4609513,73.8693561,1,Vora Multispeciality Dental Clinic And Implant Centre,Maharashtra,Pune
"18.461, 74.582",18.4610303,74.5822095,1,Yogeshwari Hospital and I C U,Maharashtra,Pune
"18.462, 73.817",18.4615757,73.8169099,1,Sinhagad Hospital Pvt. Ltd. Md Kings Multi Speciality Hospital.,Maharashtra,Pune
"18.462, 73.851",18.4616211,73.8505315,1,Pawar Hospital,Maharashtra,Pune
"18.462, 73.858",18.462123,73.8582062,1,Bharati Hospital And Research Center,Maharashtra,Pune
"18.465, 73.855",18.4650919,73.8553898,1,Dr Patwardhan Hospital,Maharashtra,Pune
"18.466, 73.782",18.4662047,73.7822782,1,Sayali Nursing Home,Maharashtra,Pune
"18.466, 73.817",18.4660941,73.8168021,1,Shrendkar Healthcare and Hospitality Services Private Limited,Maharashtra,Pune
"18.466, 73.86",18.4655611,73.8598476,1,Spandan Children Hospital,Gujarat,Junagadh
"18.466, 73.863",18.4657633,73.862644,1,Shatayu Hospital,Maharashtra,Pune
"18.471, 73.866",18.4713653,73.8661598,1,Apoorva Diagnostic Centre,Karnataka,Bengaluru Urban
"18.473, 73.978",18.4726725,73.9784573,1,Shivam Hospital,Maharashtra,Pune
"18.476, 73.831",18.4762533,73.830703,1,Dr. Dakes Institute For Sight,Maharashtra,Pune
"18.477, 73.891",18.4770906,73.8906869,1,Dr Sarwat Hospital,Maharashtra,Pune
"18.478, 73.821",18.4777968,73.8213213,1,Bhandari Maternity and Nursing Home,Maharashtra,Pune
"18.478, 73.861",18.478107,73.8612322,1,Sangam Hospital,Maharashtra,Pune
"18.479, 73.854",18.478897,73.853864,1,Samarth Hospital- Pune,Maharashtra,Pune
"18.481, 73.867",18.4807063,73.8674808,1,Harsh Hospital,Maharashtra,Pune
"18.482, 73.894",18.482214,73.894429,1,Suraj Hospital,Maharashtra,Pune
"18.483, 73.902",18.4828904,73.9016832,1,Smiles Dental Speciality and Implant Centre,Maharashtra,Pune
"18.485, 74.071",18.4850053,74.0711359,1,Dr Marathe Hospital - Rsby,Maharashtra,Pune
"18.486, 73.797",18.4864727,73.796834,1,Chaitanya Centre For Psychological Help,Maharashtra,Pune
"18.486, 73.906",18.4858699,73.9058534,1,"Grant Medical Foundation, Ruby Hall Clinic - Wanowarie - Pune",Maharashtra,Pune
"18.487, 73.799",18.4869119,73.7994922,1,Lodha Hospital,Maharashtra,Pune
"18.487, 74.133",18.4874257,74.1333715,1,Nisargopchar Gramsudhar Trust,Maharashtra,Pune
"18.488, 73.868",18.4876541,73.8683697,1,Gultekdi Nursing and Maternity Home,Maharashtra,Pune
"18.489, 73.868",18.4893244,73.8679694,1,Anand Medical Foundation Subudh Hospital,Maharashtra,Pune
"18.49, 73.82",18.4897587,73.8202962,1,Dental Clinic,Maharashtra,Pune
"18.49, 73.959",18.4904527,73.9587593,1,Dr.Prakash Katariya Laser Cure,Maharashtra,Pune
"18.491, 73.818",18.4913365,73.8183358,1,Poona Laser Center,Maharashtra,Pune
"18.492, 73.857",18.4921392,73.8572588,1,Spandan Hospital and Research Center,Maharashtra,Pune
"18.495, 73.812",18.4950677,73.8122717,1,Kamal Netra Rugnalaya,Maharashtra,Pune
"18.496, 73.811",18.4956151,73.8110279,1,Deoyani Hospital - Pune,Maharashtra,Pune
"18.498, 73.813",18.4983088,73.8134181,1,Dr. Khokhani Eye Hospital,Gujarat,Junagadh
"18.498, 73.814",18.498007,73.8136979,1,Siddheshwar Multispeciality Hospital Pvt. Ltd. - Solapur,Maharashtra,Solapur
"18.498, 73.853",18.497768,73.8534729,1,Shahade Hospital,Maharashtra,Pune
"18.499, 73.857",18.4988776,73.8572059,1,Sai Sneh Hospital,Maharashtra,Pune
"18.499, 73.951",18.4988374,73.9508249,1,Aargyam Multi Speciality Clinical Care,Jharkhand,Bokaro
"18.501, 73.825",18.5011479,73.825324,1,Nayan Tara Eye Clinic,Maharashtra,Pune
"18.501, 73.853",18.5014304,73.8529332,1,Dr. Patankar Medical Foundation,Maharashtra,Pune
"18.501, 73.867",18.501036,73.8668409,1,Sharda Clinic,Maharashtra,Pune
"18.501, 73.938",18.500594,73.93844,1,Sanjeevani Nursing Home,Maharashtra,Pune
"18.502, 73.813",18.5021416,73.8134371,1,Subudh Hospital and Research Center,Maharashtra,Pune
"18.502, 73.866",18.5019469,73.8662917,1,Sai Diagnostic Center,Maharashtra,Pune
"18.502, 73.932",18.50192,73.931769,1,Navjeewan Hospital,Maharashtra,Pune
"18.504, 73.819",18.5038253,73.8188339,1,Marathe Nursing Home,Maharashtra,Pune
"18.505, 73.765",18.5050171,73.7654974,1,Kothrud Eye Clinic,Maharashtra,Pune
"18.505, 73.825",18.5049441,73.825292,1,Jeevan Sadhana Clinic - Pune,Maharashtra,Pune
"18.505, 73.835",18.5046033,73.8354133,1,Deenanath Mangeshkar Hospital and Research Centre,Maharashtra,Pune
"18.505, 73.837",18.5046079,73.8374929,1,Mantri Hospital,Maharashtra,Pune
"18.505, 73.927",18.504991,73.9272,1,Noble Hospital Pvt Ltd,Maharashtra,Pune
"18.505, 73.939",18.5053012,73.9389213,1,Sane Guruji Arogya Kendra,Maharashtra,Pune
"18.506, 73.809",18.5062206,73.8088221,1,Suryaprabha Nursing Home,Maharashtra,Pune
"18.506, 73.816",18.505764,73.8160866,1,Chaitanya Hospital,Maharashtra,Pune
"18.507, 73.808",18.5073985,73.8076504,1,Sunny Nursing Home,Maharashtra,Pune
"18.507, 73.84",18.506821,73.840436,1,Chinmay Institute Of Paediatrics,Maharashtra,Pune
"18.507, 73.852",18.5068375,73.8517363,1,Ramchandra Day Care Centre,Maharashtra,Pune
"18.507, 73.959",18.5065751,73.9586957,1,Nalawade Hospital,Maharashtra,Pune
"18.508, 73.791",18.5084726,73.7913104,1,Borse Hospital,Maharashtra,Pune
"18.508, 73.796",18.5081985,73.7959566,1,Mawsumi Hospital and Research Center,Assam,Cachar
"18.508, 73.827",18.507836,73.826545,1,Harmony Health Services,Maharashtra,Pune
"18.508, 73.847",18.5083218,73.8465648,1,Vibhute Hospital,Maharashtra,Pune
"18.508, 73.857",18.5083204,73.8567002,1,Umarji Hospital,Maharashtra,Pune
"18.508, 73.876",18.5076406,73.8760505,1,Swayam Clinic Pvt. Ltd.,Maharashtra,Pune
"18.508, 73.959",18.5076608,73.9587061,1,Suraj Hospital,Maharashtra,Pune
"18.509, 73.822",18.5091826,73.8216789,1,Jog Hospital,Maharashtra,Pune
"18.509, 73.832",18.5085936,73.831721,1,Deenanath mangeshkar Hospital,Maharashtra,Pune
"18.509, 73.845",18.5091948,73.8449233,1,Dr.Pawar Eye Hospital,Maharashtra,Pune
"18.509, 73.848",18.509464,73.8482429,1,Ram Krishna Hospital,Maharashtra,Pune
"18.509, 73.873",18.5090808,73.8730012,1,Pune Diagnostic Center,Maharashtra,Pune
"18.51, 73.846",18.5104908,73.8461842,1,Dr Sanjeev Sharad Chandra Gokhale,Maharashtra,Pune
"18.51, 73.85",18.5097622,73.8495203,1,Manoj Clinic / Gore Hospital,Maharashtra,Pune
"18.512, 73.879",18.5120938,73.8793617,1,Karishma Speciality and Diagnostic Centre,Maharashtra,Pune
"18.513, 74.4",18.5129229,74.3997976,1,Moraya Hospital,Maharashtra,Pune
"18.514, 73.869",18.51443,73.869031,1,Panchsheel Hospital,Maharashtra,Pune
"18.516, 73.831",18.5162568,73.8307428,1,Desai Hospital andHeart Center,Gujarat,Ahmedabad
"18.516, 73.851",18.5164192,73.8505103,1,Deshpande Eye Clinic,Maharashtra,Pune
"18.516, 73.854",18.5164168,73.8536823,1,Ashakiran Hospital,Maharashtra,Pune
"18.516, 73.862",18.5155573,73.8619386,1,Purandare Hospital,Maharashtra,Pune
"18.516, 83.205",18.5163848,83.2050863,1,Sai Ramya Nursing Home,Andhra Pradesh,Vizianagaram
"18.517, 73.852",18.5166153,73.8516306,1,Dr Valhavankar Eye Clinic and Speciality Hos,Maharashtra,Pune
"18.518, 73.844",18.518352,73.843893,1,Phadke Hospital,Maharashtra,Pune
"18.519, 73.779",18.5188214,73.7791386,1,Om Hospital,Maharashtra,Pune
"18.519, 73.845",18.5186146,73.8446565,1,Dr. Karve Childrens Hospital,Maharashtra,Pune
"18.519, 73.866",18.5194124,73.8661552,1,Rukad Fracture Accident and Orthopaedic Hospital,Maharashtra,Kolhapur
"18.519, 73.868",18.5186996,73.8681144,1,Shri Samarth Hospital,Maharashtra,Pune
"18.519, 73.878",18.5189487,73.8777207,1,Sau Sindhutai Raut Memorial Surgicentre,Maharashtra,Pune
"18.52, 73.907",18.5203044,73.9067552,1,Shreenath Hospital,Maharashtra,Pune
"18.522, 73.843",18.5215001,73.8430316,1,Centre For Laproscopy Surgery,Maharashtra,Pune
"18.522, 73.968",18.5221806,73.9683289,1,H. V. Desai Eye Hospital / Pbma H.V.Desai Eye Hospital,Maharashtra,Pune
"18.523, 73.863",18.5225987,73.8631581,1,Dr Todkar Hospital,Maharashtra,Pune
"18.523, 73.867",18.5228706,73.8674907,1,Infedis Diagnostic Center,Maharashtra,Pune
"18.524, 73.845",18.5240989,73.8447579,1,Wagh Eye Clinic,Maharashtra,Pune
"18.525, 73.841",18.5247368,73.8408476,1,Z Y - Vision,Maharashtra,Pune
"18.525, 73.842",18.525484,73.8418577,1,Nandadeep Hospital,Maharashtra,Pune
"18.526, 73.861",18.5258965,73.8610191,1,Surya Hospital,Maharashtra,Pune
"18.527, 73.83",18.5273647,73.8299115,1,Ratna Memorial Hospital,Maharashtra,Pune
"18.527, 73.873",18.527306,73.873153,1,B.J.Medical College and Sassoon Hospital,Maharashtra,Pune
"18.528, 73.847",18.5282786,73.8470523,1,R.M. Dhariwal Foundation's Matoshree Madanbai Dhariwal Hospital,Maharashtra,Pune
"18.528, 73.875",18.5276554,73.8748181,1,Ruby Hall Clinic,Maharashtra,Pune
"18.529, 73.85",18.5287035,73.8500284,1,Bhide Clinic,Maharashtra,Pune
"18.53, 73.839",18.5297988,73.8386901,1,Sancheti Institute for Orthopedic and Rehabilitation,Maharashtra,Pune
"18.53, 73.852",18.5304995,73.8520486,1,Sancheti Institute For Orthopaedics and Rehabilitation,Maharashtra,Pune
"18.532, 73.837",18.5324846,73.8374954,1,Punarvasu Chikitsalaya,Maharashtra,Pune
"18.533, 73.849",18.5327435,73.8492515,1,Sancheti Institute For Orthopedics And Rehabilitation,Maharashtra,Pune
"18.534, 73.835",18.5344591,73.834541,1,Joglekar Hospital,Maharashtra,Pune
"18.534, 73.885",18.534261,73.88542,1,Inlaks Budhrani Hospital,Maharashtra,Pune
"18.535, 73.829",18.5347694,73.8294889,1,Seth Ramdas Shah Memorial Hospital .,Maharashtra,Pune
"18.535, 73.876",18.5349889,73.8761798,1,S. K. Lithotripsy Centre - Pune,Maharashtra,Pune
"18.537, 73.872",18.5372874,73.8717109,1,Parkar Hospital and Research Institute Pvt Ltd,Maharashtra,Ratnagiri
"18.541, 75.773",18.5407045,75.7734862,1,Bhagawant Hospital,Maharashtra,Osmanabad
"18.543, 73.784",18.5430129,73.7844221,1,Jeevan Deep Medicare Centre,Maharashtra,Pune
"18.543, 73.79",18.542673,73.7896728,1,Vitalife Clinic,Maharashtra,Pune
"18.543, 73.791",18.5425266,73.790782,1,Prakash Netralaya,Maharashtra,Pune
"18.545, 73.886",18.5454274,73.8855605,1,K.E.M. Hospital,Maharashtra,Pune
"18.548, 73.773",18.5484975,73.7733572,1,Vinayak Hospital,Maharashtra,Pune
"18.549, 73.915",18.5494244,73.9148476,1,Seva Hospital and Maternity Home,Maharashtra,Pune
"18.549, 73.937",18.5492705,73.9368257,1,"Columbia Asia Hospital, Pune",Maharashtra,Pune
"18.55, 73.821",18.5504471,73.820586,1,CGHS Dispensary No.5,Maharashtra,Pune
"18.552, 73.896",18.5521138,73.8964601,1,Kataria Hospital,Maharashtra,Pune
"18.553, 73.88",18.5528779,73.8796368,1,Amit Hospital,Maharashtra,Pune
"18.553, 73.89",18.5527212,73.8896445,1,Rutu Anand Hospital,Maharashtra,Pune
"18.553, 73.899",18.5533266,73.8990293,1,"Shree Hospital, Mansion",Maharashtra,Pune
"18.557, 73.775",18.5572314,73.7750253,1,Lunkad Hospital,Maharashtra,Pune
"18.557, 73.925",18.5572414,73.9252534,1,Salunke Hospital,Maharashtra,Pune
"18.56, 73.896",18.5604846,73.8956575,1,Nikhil Polyclinic,Maharashtra,Pune
"18.562, 73.805",18.5621228,73.8050191,1,Kotbagi Hospital,Maharashtra,Pune
"18.563, 76.033",18.5629021,76.0330259,1,Astha Hospital,Maharashtra,Osmanabad
"18.564, 73.813",18.5644768,73.8129974,1,Shaswat Hospital,Maharashtra,Pune
"18.564, 73.884",18.5643075,73.8836207,1,G K Orthopaedic Hospital,Gujarat,Mahesana
"18.564, 73.933",18.5635511,73.9325552,1,Prathmesh Hospital,Maharashtra,Pune
"18.565, 73.888",18.5649544,73.8876896,1,Om Prasuti Graha,Maharashtra,Pune
"18.566, 73.946",18.5661226,73.9461312,1,Rakshak Hospital,Maharashtra,Pune
"18.568, 73.914",18.567929,73.9143179,1,Apple Dentl Clinic,Maharashtra,Pune
"18.569, 73.77",18.5691128,73.7701993,1,K V M Mutispeciality Hospital,Kerala,Alappuzha
"18.572, 73.879",18.5718751,73.8788907,1,Dr. Kiwalkars Medicare Centre,Maharashtra,Pune
"18.573, 73.819",18.5734987,73.818878,1,Prathamesh Hospital,Maharashtra,Pune
"18.573, 73.878",18.5726054,73.8782079,1,Kedarnath General Hospital,Maharashtra,Pune
"18.574, 83.358",18.5735047,83.3583654,1,Sri Ramakrishna Clinic and Nursing Home,Andhra Pradesh,Vizianagaram
"18.584, 76.022",18.5841902,76.0217831,1,Dwarka Hospital,Maharashtra,Osmanabad
"18.595, 73.897",18.5945763,73.8970344,1,Pushpak Hospital [Koregaon],Maharashtra,Satara
"18.598, 73.814",18.5977841,73.8143365,1,Bindu Nursing Home,Maharashtra,Pune
"18.599, 73.765",18.5989428,73.7652715,1,Lifepoint Multispeciality Hospital,Maharashtra,Pune
"18.603, 73.765",18.6029022,73.7645568,1,Polaris Health Care,Maharashtra,Pune
"18.604, 84.238",18.6041438,84.2378613,1,Sri Sathya Sai Medical Center,Andhra Pradesh,Srikakulam
"18.616, 73.766",18.615727,73.7656094,1,Aditya Birla Memorial Hospital,Maharashtra,Pune
"18.616, 73.849",18.6162182,73.8487527,1,Pritam Hospital,Maharashtra,Pune
"18.62, 73.85",18.6195835,73.8501883,1,Saidham Hospital,Maharashtra,Pune
"18.621, 73.792",18.6214616,73.7917933,1,Medlife Multispeciality Hospital and Icu,Maharashtra,Pune
"18.621, 73.851",18.6207784,73.8505578,1,Sainath Orthopaedic Hospital,Maharashtra,Pune
"18.622, 73.851",18.6218553,73.8508352,1,Mankikar Hospital For Children and Lab,Maharashtra,Pune
"18.623, 73.859",18.622621,73.859354,1,Shri Sai Multi Speciality Hospital,Karnataka,Belagavi
"18.625, 73.804",18.6246689,73.8041538,1,Pimpri Chinchwad (Pcip) Institute Of Paediatrics,Maharashtra,Pune
"18.627, 73.864",18.6268308,73.8640059,1,Dr Raskar Eye Hospital,Maharashtra,Pune
"18.628, 73.807",18.6281168,73.8071754,1,Chandulal Chandrakar Memorial Hospital,Chhattisgarh,Durg
"18.631, 73.825",18.6308433,73.8253687,1,Ashwini Nursing Home,Maharashtra,Pune
"18.633, 73.806",18.6333643,73.8058199,1,Prem Clinic and Hospital,Maharashtra,Pune
"18.633, 73.807",18.6333109,73.8066901,1,Avanti Nursing Home,Maharashtra,Pune
"18.634, 73.787",18.634178,73.787352,1,Kusum Memorial Hospital,Maharashtra,Pune
"18.634, 81.257",18.6336444,81.2573899,1,PHC Kirandul ( Dantewada,Chhattisgarh,Dantewada
"18.635, 73.567",18.6352548,73.5667744,1,Global Hospital and Research Institute,Maharashtra,Pune
"18.636, 73.777",18.6363761,73.777192,1,Paras Polyclinic and General Hospital,Maharashtra,Pune
"18.637, 73.769",18.63671,73.769192,1,Desai Accident and General Hospital,Maharashtra,Pune
"18.639, 73.848",18.6385292,73.8477874,1,Lifeline Hospital,Maharashtra,Pune
"18.64, 73.834",18.6395989,73.8344614,1,Medicure Hospital,Maharashtra,Pune
"18.641, 73.787",18.641412,73.7872398,1,Sushrut Hospital,Maharashtra,Pune
"18.644, 73.757",18.6436478,73.7570787,1,Varma Ortho - Surgical Centre,Maharashtra,Pune
"18.646, 72.876",18.6461783,72.875917,1,Dhamankar Clinic,Maharashtra,Raigarh
"18.646, 73.797",18.6456989,73.7970801,1,Mayur Hospital,Maharashtra,Pune
"18.646, 73.801",18.645919,73.800734,1,"Kabre Orthopedic, Spine and Dental Center",Maharashtra,Pune
"18.647, 73.777",18.6473329,73.7766373,1,Dr Makan Surgical Maternity And Accident Hospital,Maharashtra,Pune
"18.647, 73.805",18.6470187,73.8047339,1,Mahashtra Dialysis Services Pvt Ltd,Maharashtra,Pune
"18.648, 72.879",18.6477909,72.8787783,1,Samarth Orthopaedic Hospital,Maharashtra,Raigarh
"18.649, 73.765",18.6485756,73.7647023,1,Anand Hospital Managed By Foresight Hospital,Maharashtra,Pune
"18.65, 73.779",18.6504839,73.7785786,1,Patil Hospital General and Eye Hospital,Maharashtra,Pune
"18.65, 73.85",18.6501684,73.8503667,1,Sainath Hospital,Maharashtra,Pune
"18.652, 73.768",18.6517098,73.7683784,1,Gandhi Nursing Home,Maharashtra,Pune
"18.652, 73.843",18.6516718,73.8428592,1,Ranna Danappa Nursing Home,Maharashtra,Pune
"18.653, 72.871",18.6528079,72.8710249,1,Tiwari Surgical Clinic,Maharashtra,Raigarh
"18.654, 73.765",18.6537036,73.7645769,1,Anand Hospital,Maharashtra,Pune
"18.654, 73.767",18.6543833,73.7667344,1,Shrikhande Clinic,Maharashtra,Pune
"18.654, 73.81",18.6536683,73.8101792,1,Om Ent Hospital,Gujarat,Amreli
"18.656, 73.774",18.6557419,73.7735328,1,Dhanwantari Hospital,Maharashtra,Pune
"18.656, 73.795",18.655508,73.7951176,1,Life Care Hospital,Maharashtra,Pune
"18.657, 73.774",18.6566144,73.7744601,1,Lokmanya Hospital Pvt Ltd,Maharashtra,Pune
"18.66, 73.797",18.6601954,73.7972413,1,"Chetana Hospital, Pune",Maharashtra,Pune
"18.665, 74.108",18.6647409,74.1084322,1,Dhamdhere Hospital,Maharashtra,Pune
"18.667, 73.789",18.6670485,73.7885764,1,Ashwini Hospital and Endoscopy Centre,Maharashtra,Pune
"18.669, 76.184",18.6688953,76.1840165,1,Sanjeevan Hospital,Maharashtra,Latur
"18.677, 73.85",18.6771816,73.8499421,1,Anand Hospital,Maharashtra,Pune
"18.678, 73.899",18.6783977,73.8992014,1,Shri Sai Hospital,Maharashtra,Pune
"18.681, 73.731",18.6806652,73.7313697,1,Bansal Hospital,Maharashtra,Pune
"18.682, 73.725",18.6817174,73.7249842,1,Sanjeevani Hospital,Maharashtra,Buldhana
"18.683, 73.732",18.6825338,73.7320188,1,Matoshri Hospital.,Maharashtra,Pune
"18.699, 83.608",18.6994536,83.607618,1,Canossa Hospital,Andhra Pradesh,Srikakulam
"18.704, 76.946",18.7036563,76.945914,1,Navjeevan Hospital - Ahmedpur,Maharashtra,Latur
"18.705, 76.938",18.7045536,76.937908,1,Gunale Pediatric Hospital,Maharashtra,Latur
"18.714, 76.064",18.714236,76.0643777,1,Shreya Hospital,Maharashtra,Beed
"18.728, 73.654",18.7281047,73.6538005,1,Maval Hospital.,Maharashtra,Pune
"18.73, 73.092",18.7301684,73.0921755,1,Soham Hospital,Maharashtra,Raigarh
"18.73, 73.093",18.7298687,73.0927946,1,The Mahajan Nursing Home,Maharashtra,Raigarh
"18.732, 73.671",18.7317333,73.6711454,1,Harneswar Clinic,Maharashtra,Pune
"18.738, 73.639",18.7381403,73.6389038,1,Sonkamal Orthopedic Hospital,Maharashtra,Kolhapur
"18.739, 73.683",18.7391977,73.6830521,1,Sanket Eye Clinic,Maharashtra,Pune
"18.744, 73.103",18.7437868,73.1028732,1,Sitamai Rugnalay,Maharashtra,Raigarh
"18.745, 73.851",18.7454087,73.8507279,1,Dr Kedare Hospital- Rsby,Maharashtra,Pune
"18.755, 73.854",18.7552418,73.8538519,1,Durvankur Hospital,Maharashtra,Pune
"18.758, 73.422",18.7575255,73.422441,1,Yash Hospital Lonavala,Maharashtra,Pune
"18.762, 73.86",18.7617858,73.8602751,1,Saiseva Hospital,Maharashtra,Pune
"18.763, 73.861",18.762951,73.861252,1,Argade Hospital and Maternity Home,Maharashtra,Pune
"18.765, 74.927",18.7647497,74.9267229,1,Spandan Hospital,Maharashtra,Pune
"18.769, 73.377",18.7692034,73.3767641,1,Ashwini Hospital,Maharashtra,Pune
"18.769, 73.404",18.7693415,73.4042644,1,Dhirubhai Ambani Hospital / Reliance Hospital,Maharashtra,Raigarh
"18.782, 83.427",18.7817162,83.4267518,1,Sri Krishna Nursing Home,Andhra Pradesh,Vizianagaram
"18.798, 80.813",18.7977099,80.8128636,1,Dist Hospital Bijapur,Chhattisgarh,Bijapur
"18.798, 84.39",18.7980888,84.3899317,1,K C Eye Hospital,Andhra Pradesh,Srikakulam
"18.804, 75.168",18.8043913,75.1680394,1,Shri Sai Seva Health Care,Maharashtra,Beed
"18.83, 74.136",18.8298159,74.1355267,1,Langhe Hospital - Rsby,Maharashtra,Pune
"18.845, 76.52",18.8453169,76.5198462,1,Karad Hospital Maternity and Nursing Home,Maharashtra,Beed
"18.85, 72.956",18.8503201,72.9557097,1,Palvi Hospital,Maharashtra,Raigarh
"18.855, 73.887",18.8550308,73.8874991,1,The Bombay Mothers and Children Welfare Society,Maharashtra,Pune
"18.861, 80.383",18.8612236,80.3825668,1,PHC Bhopalpatnam,Chhattisgarh,Bijapur
"18.879, 75.627",18.8788642,75.626628,1,Dr Lawande Hospital,Maharashtra,Beed
"18.88, 72.94",18.8797841,72.9398358,1,Dr A Tungekars Hospital (Uran),Maharashtra,Mumbai
"18.88, 72.943",18.8796649,72.9427347,1,Taneja Clinic,Maharashtra,Raigarh
"18.889, 74.071",18.8887615,74.0711359,1,Shree Sai Shraddha Hospital - Rsby,Maharashtra,Pune
"18.894, 73.184",18.8938689,73.1836372,1,Padmshree Hospital,Maharashtra,Raigarh
"18.9, 72.815",18.9002475,72.8152995,1,Inhs Asvini,Maharashtra,Mumbai
"18.919, 72.829",18.9190478,72.8294948,1,Kataria Eye Clinic,Maharashtra,Mumbai
"18.924, 72.824",18.9243376,72.8239698,1,Dr. Amins Clinic,Maharashtra,Mumbai
"18.928, 72.833",18.9276348,72.8330646,1,Indu Clinic,Maharashtra,Mumbai
"18.931, 72.826",18.931092,72.826454,1,Dr. Munir Bangi Hospital,Karnataka,Vijayapura
"18.938, 72.834",18.9380988,72.8343567,1,Phiroze M.Dastoor and Co,Maharashtra,Mumbai
"18.939, 72.829",18.9389181,72.8286535,1,Bombay Hospital and Medical Research Centre,Maharashtra,Mumbai
"18.941, 72.827",18.941002,72.827324,1,Bombay Hospital And Medical Research Center,Maharashtra,Mumbai
"18.944, 72.823",18.9435836,72.8228706,1,Shroff Eye Clinic,Maharashtra,Mumbai
"18.946, 72.824",18.9457243,72.8237605,1,Zain Eye Care,Maharashtra,Mumbai
"18.951, 72.838",18.9506004,72.8382547,1,M.H. Saboo Siddique Maternity and General Hospital - Masjid,Maharashtra,Mumbai
"18.952, 72.819",18.9519338,72.8189832,1,Charak Clinic Nursing Home,Maharashtra,Mumbai
"18.954, 72.818",18.9537342,72.8183134,1,Palshetkar Patil Nursing Home,Maharashtra,Mumbai
"18.956, 72.808",18.956136,72.8081781,1,Bombay City Eye Institute and Research Center,Maharashtra,Mumbai
"18.956, 72.813",18.9563549,72.8133985,1,Samyak Drishti Eye Centre,Maharashtra,Mumbai
"18.956, 72.815",18.956084,72.8151877,1,Endocrine Metabolic Laboratory,Maharashtra,Mumbai
"18.957, 72.824",18.9570051,72.8239724,1,Trinity Clinic Pvt.Ltd,Maharashtra,Mumbai
"18.958, 72.809",18.95753,72.8088794,1,Eye-Q Vision Care,Maharashtra,Mumbai
"18.958, 72.81",18.9576029,72.8103199,1,N M Medical Centre,Maharashtra,Mumbai
"18.958, 72.819",18.9575324,72.8190671,1,"Brahman Sabha, Mumbai. Mhaskar Gruh And General Nu",Maharashtra,Mumbai
"18.959, 72.801",18.9593271,72.8012627,1,CGHS Sub-Dispensary Nepean Sea Road,Maharashtra,Mumbai
"18.959, 72.811",18.9586748,72.8110314,1,The Vascular Clinic,Maharashtra,Mumbai
"18.959, 72.812",18.9591937,72.8122626,1,Mangeshikar Access Gynecology and Infertility Center,Maharashtra,Mumbai
"18.959, 72.815",18.9591784,72.8145383,1,Dr Galas Nursing Home,Maharashtra,Mumbai
"18.959, 72.825",18.95886,72.825277,1,Vimal Ear Nose and Throat Hospital,Maharashtra,Nagpur
"18.96, 72.81",18.9602406,72.8103742,1,Dr.Mangeshikar Clinic,Maharashtra,Mumbai
"18.96, 73.129",18.9602837,73.1289792,1,Panvel Hospital,Maharashtra,Raigarh
"18.961, 72.836",18.961019,72.8359607,1,Institute Of Nephro Urology,Karnataka,Bengaluru Urban
"18.962, 72.81",18.9624555,72.8098026,1,Cumbala Hill Hospital and Heart Institute,Maharashtra,Mumbai
"18.963, 72.813",18.9626907,72.8129124,1,Sai Kripa Childrens Hospital,Maharashtra,Mumbai
"18.963, 72.818",18.9629992,72.8175748,1,Bombay City Eye Institute and Research Centre,Maharashtra,Mumbai
"18.964, 72.816",18.9636754,72.8161899,1,Dr. Nisars Eye Care Centre,Maharashtra,Mumbai
"18.964, 72.828",18.9635287,72.8280994,1,Shree Samarth Nursing Home,Maharashtra,Mumbai
"18.965, 72.815",18.9653852,72.8147262,1,New Babulnath Ent Clinic,Maharashtra,Mumbai
"18.965, 72.833",18.9651504,72.8334008,1,Chaitanya Hospital,Chandigarh,Chandigarh
"18.966, 72.815",18.9664679,72.8152953,1,Bhatia General Hospital,Maharashtra,Mumbai
"18.966, 72.817",18.9655331,72.8165727,1,Shobha Maternity and Surgical Home,Maharashtra,Mumbai
"18.966, 72.819",18.965987,72.818904,1,Sadhu-Kamal Eye Hospital,Maharashtra,Mumbai
"18.967, 72.805",18.9668749,72.805182,1,The B.D.Petit Parsee General Hospital,Maharashtra,Mumbai
"18.968, 72.809",18.9678635,72.8089613,1,Soonawala Clinic,Maharashtra,Mumbai
"18.968, 72.812",18.9681499,72.8122442,1,Nova Medical Centers Pvt Ltd,Maharashtra,Mumbai
"18.969, 72.825",18.9685541,72.8248598,1,Tanmay Nursing Home,Maharashtra,Pune
"18.969, 72.828",18.9688538,72.8283084,1,Nagori Clinic And Nursing Home,Maharashtra,Mumbai
"18.971, 72.81",18.9714675,72.8095069,1,Doshi Eye Care,Maharashtra,Mumbai
"18.971, 72.836",18.970835,72.8357489,1,Prince Aly Khan Hospital,Maharashtra,Mumbai
"18.972, 72.831",18.9722585,72.8311737,1,Kamran Nursing Home,Maharashtra,Mumbai
"18.975, 72.83",18.9751131,72.8298837,1,"CGHS Dispensary No.11, Byculla",Maharashtra,Mumbai
"18.976, 72.81",18.9755757,72.8097374,1,Jaslok Hospital And Medical Research Institute,Maharashtra,Mumbai
"18.977, 72.835",18.9767706,72.8350652,1,Balaji Hospital,Maharashtra,Mumbai
"18.977, 76.752",18.9768615,76.7524087,1,Chatrapati Shahu Hospital,Maharashtra,Parbhani
"18.982, 72.838",18.9821993,72.8382547,1,Balaji Hospital,Maharashtra,Mumbai
"18.984, 72.836",18.9840396,72.835737,1,N S Optical Contact Lens Clinic Ghatkopar,Maharashtra,Mumbai
"18.985, 73.115",18.9845543,73.1150443,1,Purohit Clinic,Maharashtra,Raigarh
"18.987, 72.829",18.9872015,72.8290456,1,Nirmal Clinic,Maharashtra,Mumbai
"18.987, 75.753",18.9868442,75.7526596,1,Anand Hospital,Maharashtra,Beed
"18.988, 73.114",18.9877788,73.1139305,1,Varun Netralaya - Panvel,Maharashtra,Raigarh
"18.99, 73.111",18.9898845,73.1105427,1,Sudha Shankar Netralaya,Maharashtra,Raigarh
"18.99, 73.113",18.9903309,73.1133846,1,Panacea Hospital,Maharashtra,Raigarh
"18.992, 72.831",18.991758,72.831223,1,Harish Nursing Home,Maharashtra,Mumbai
"18.992, 72.832",18.9915925,72.8315014,1,Jain Diagnotic Centre,Maharashtra,Mumbai
"18.992, 73.109",18.9915077,73.1091404,1,Shree Hospital,Maharashtra,Raigarh
"18.992, 73.114",18.9922722,73.1143877,1,Dr Ghodkes Sanjay Clinic,Maharashtra,Raigarh
"18.993, 72.831",18.9927476,72.8310679,1,Sankalp Eye Care Centre,Maharashtra,Mumbai
"18.993, 75.76",18.9932773,75.7596618,1,S.M.S. Hospital and Research Centre,Maharashtra,Beed
"18.994, 75.749",18.9941788,75.7487863,1,Shri Samat Hospital,Maharashtra,Beed
"18.995, 72.836",18.9952875,72.8364244,1,Dr.Zankars Diagnostic Centre,Maharashtra,Mumbai
"18.998, 72.839",18.99833,72.83864,1,Dr G M Bhargava Clinic,Maharashtra,Mumbai
"18.998, 73.126",18.9981356,73.1257403,1,Terna Group Of Hospitals,Maharashtra,Raigarh
"19.0, 72.817",18.9997784,72.8169357,1,R R A Podar Central Research Institute,Maharashtra,Mumbai
"19.002, 73.12",19.0015736,73.120208,1,Shree Childrens Hospital,Maharashtra,Raigarh
"19.003, 72.819",19.0031932,72.8192367,1,The Bombay Mothers and Children Welfare Societys,Maharashtra,Mumbai
"19.003, 72.839",19.003095,72.8393973,1,K B Haji Bachooali Charitable Ophthalmic and E N T H,Maharashtra,Mumbai
"19.003, 73.119",19.003417,73.118678,1,Arunodaya Clinic,Maharashtra,Raigarh
"19.004, 72.843",19.0041141,72.8426707,1,Tata Memorial Hospital,Maharashtra,Mumbai
"19.004, 73.116",19.0042739,73.1163018,1,Shreeyash Maternity and General Hospital,Maharashtra,Raigarh
"19.005, 72.846",19.004888,72.8456268,1,Parel Institute Of Orthopaedic Specialities,Maharashtra,Mumbai
"19.006, 72.821",19.0062696,72.8206853,1,Reliance Life Sciences Pvt. Ltd,Maharashtra,Mumbai
"19.009, 72.857",19.0088678,72.8573828,1,Genesis Speciality Center (Health-Check Up,Maharashtra,Mumbai
"19.009, 73.117",19.0091383,73.1165197,1,Ashtvinayak Hospital,Maharashtra,Raigarh
"19.01, 72.821",19.0099,72.820598,1,Lions Club Of East Bombay,Maharashtra,Mumbai
"19.01, 72.83",19.0096924,72.8299301,1,Sidhivinayk Clinic,Maharashtra,Mumbai
"19.01, 72.902",19.0097727,72.9017603,1,Aryan Hospital and Icu,Maharashtra,Mumbai
"19.01, 81.062",19.0100236,81.0616662,1,CHC Bhairamgarh,Chhattisgarh,Bijapur
"19.011, 72.832",19.010738,72.832083,1,Vatsalya Maternity and Surgical Nursing Home,Maharashtra,Mumbai
"19.011, 73.034",19.0111023,73.0337193,1,Shushrusha Heart Care Centre and Speciality Hospital,Maharashtra,Thane
"19.012, 73.108",19.0119747,73.1084052,1,Spandan Hospital and Research Centre,Maharashtra,Raigarh
"19.014, 72.829",19.0137008,72.8294379,1,Fayth Clinic,Maharashtra,Mumbai
"19.014, 73.111",19.0143388,73.1106183,1,Janeshwari Brain And Spinte Centre Swati Maternity,Maharashtra,Raigarh
"19.015, 72.843",19.0146087,72.8427525,1,Dr R M Jangada Clinic Dadar,Maharashtra,Mumbai
"19.016, 72.832",19.0159062,72.832028,1,Ankur Eye Hospital Laser And Phaco Centre - Gadhinglaj,Maharashtra,Kolhapur
"19.016, 72.84",19.0163387,72.8401024,1,Nerkar Surgical Clinic,Maharashtra,Mumbai
"19.016, 72.843",19.0160002,72.8431146,1,Dr. Karmarkar Hospital,Maharashtra,Mumbai
"19.016, 72.855",19.0164103,72.855261,1,Aditya Jyot Eye Hospital,Maharashtra,Mumbai
"19.017, 72.848",19.016976,72.847592,1,B N D Onco Center,Maharashtra,Mumbai
"19.018, 72.836",19.0181462,72.8357351,1,Punamiya Hospital,Maharashtra,Mumbai
"19.018, 72.858",19.0177749,72.8582527,1,Vakola Nursing Home and Polyclinic,Maharashtra,Mumbai
"19.018, 73.087",19.0178803,73.0869884,1,Ashirwad Diagnostic Centre,Maharashtra,Thane
"19.019, 72.847",19.0194936,72.8467661,1,Dr Khandeparkars Nursing Home,Maharashtra,Mumbai
"19.019, 72.849",19.0187882,72.848917,1,Elixir Hospital,Maharashtra,Mumbai
"19.021, 72.84",19.0213255,72.8397884,1,Shushrusha Citizens` Co-Op Hospital Ltd.,Maharashtra,Mumbai
"19.021, 72.849",19.020546,72.8487169,1,Laud Clinic,Maharashtra,Mumbai
"19.023, 72.851",19.022637,72.851028,1,Siddhamrut Clinic,Maharashtra,Mumbai
"19.023, 72.853",19.0228246,72.8534206,1,Krishna Cardiac Care Centre,Maharashtra,Mumbai
"19.024, 72.85",19.0237817,72.8502094,1,Suprabha Surgicare,Maharashtra,Mumbai
"19.024, 72.853",19.023947,72.8529909,1,Dr V T Shah Diagnostic Centre and Clinic,Maharashtra,Mumbai
"19.025, 72.836",19.0254538,72.8357672,1,Tirtha Surgical and Maternity Home,Maharashtra,Mumbai
"19.025, 72.852",19.0252685,72.8523958,1,Dr.Chhatres Maternity and Surgical Nursing Home,Maharashtra,Mumbai
"19.025, 73.021",19.0251156,73.0210595,1,Patoriya Eye Hospital,Maharashtra,Thane
"19.025, 73.041",19.0245174,73.0407276,1,Laksh Deep Hospital,Maharashtra,Thane
"19.026, 72.837",19.0256197,72.8372812,1,Dnyan Geeta Nursing Home,Maharashtra,Mumbai
"19.026, 73.028",19.0259708,73.0280785,1,Laxmi Eye Institute,Maharashtra,Raigarh
"19.026, 73.042",19.025615,73.041885,1,Mgm Hospital and Research Centre,Maharashtra,Thane
"19.027, 72.859",19.0266349,72.8594614,1,K.C.M. Hospital,Andhra Pradesh,Y.S.R.
"19.028, 72.838",19.0281662,72.8382547,1,Rajvi Clinic,Maharashtra,Mumbai
"19.028, 72.852",19.027805,72.852096,1,Golwilkar Metropolis Heath Service (India) Pvt Ltd,Maharashtra,Pune
"19.028, 72.87",19.0283439,72.869804,1,Jyoti Nursing Home,Maharashtra,Mumbai
"19.028, 73.097",19.0284046,73.0966941,1,Dr Singh's City Hospital And Medical Research Centre,Maharashtra,Raigarh
"19.029, 72.856",19.0294825,72.8560871,1,H. J. Doshi Ghatkopar Hindu Sabha Hospital,Maharashtra,Mumbai
"19.029, 73.1",19.0291908,73.1002905,1,Vatsalya Multi Speciality Hospital,Maharashtra,Raigarh
"19.03, 72.84",19.0298134,72.8398724,1,Gupte Maternity and Surgical Home,Maharashtra,Mumbai
"19.03, 72.847",19.0304554,72.8469971,1,Visaria Nursing Home - Matunga,Maharashtra,Mumbai
"19.03, 73.021",19.0295047,73.0206717,1,Deb Surgical and Maternity Care Centre- Nerul- Navi,Maharashtra,Thane
"19.03, 73.035",19.0300657,73.0351138,1,Mahatma Gandhi Missions Hospital,Maharashtra,Thane
"19.031, 72.838",19.0313867,72.8379652,1,Triveni Nursing Home,Maharashtra,Mumbai
"19.031, 72.845",19.0310674,72.8453376,1,Shree Saraswati Nursing Home,Maharashtra,Mumbai
"19.031, 72.863",19.030998,72.862675,1,"CGHS Dispensary No.8, Koliwada",Maharashtra,Mumbai
"19.032, 72.84",19.032012,72.8401043,1,S.L. Raheja Hospital,Maharashtra,Mumbai
"19.033, 72.846",19.0334876,72.8463712,1,Dr.Koppikars Family Clinic,Maharashtra,Mumbai
"19.033, 72.864",19.0327797,72.864102,1,CGHS Polyclinic Koliwada,Maharashtra,Mumbai
"19.033, 73.101",19.032803,73.1012153,1,Suyash Surgiacal and Maternity Home,Maharashtra,Mumbai
"19.034, 72.842",19.0338576,72.8423219,1,North Bombay Clinic Surgical and Maternity Home,Maharashtra,Mumbai
"19.034, 72.854",19.0336548,72.854459,1,Icon The Eye Consultants Eye and Laser Centre,Maharashtra,Mumbai
"19.034, 73.029",19.0344725,73.0287838,1,Shivam Eye Foundation P P N,Maharashtra,Thane
"19.035, 72.844",19.0353124,72.8436859,1,Netra Retina And Laser Centre,Maharashtra,Mumbai
"19.035, 72.859",19.0351003,72.8591851,1,Swastika Nursing Home,Maharashtra,Mumbai
"19.035, 72.86",19.0349625,72.8601821,1,Mata Lachmi Hospital,Maharashtra,Mumbai
"19.035, 73.057",19.034944,73.0570709,1,Om Maternity Home and Clinic,Maharashtra,Raigarh
"19.037, 73.101",19.0374942,73.1006593,1,Jeevandeep Hospital,Maharashtra,Raigarh
"19.038, 72.86",19.0381054,72.8596712,1,Endoscopy Asia,Maharashtra,Mumbai
"19.039, 72.853",19.0390744,72.8527492,1,Dhanwantari Nursing Home and Diagnostic Centre,Maharashtra,Mumbai
"19.039, 72.86",19.0394894,72.8597092,1,Ashirwad Nursing Home,Maharashtra,Mumbai
"19.039, 72.862",19.0390214,72.8618952,1,Shri Vaishnav Seva Samaj Public Charitable Trust -,Maharashtra,Mumbai
"19.04, 72.861",19.0397531,72.8611975,1,Dr. Deosthaci's Eye Care Centre,Maharashtra,Mumbai
"19.04, 73.019",19.0399378,73.0194861,1,Kshema Orthopaedic Hospitals Pvt. Ltd.,Karnataka,Dharwad
"19.041, 72.845",19.0414516,72.8453359,1,Dr. Fonsecas Maternity and Surgical Home,Maharashtra,Mumbai
"19.041, 73.068",19.0405554,73.0676533,1,Sukrut Maternity Clinic,Maharashtra,Raigarh
"19.042, 73.01",19.0421332,73.0100869,1,Sukhada Speciality Hospital,Maharashtra,Thane
"19.042, 73.026",19.0422261,73.0260947,1,V R Nursing Home,Maharashtra,Raigarh
"19.043, 72.842",19.0429578,72.8417775,1,Ameya Netralaya (Eye Hospital),Maharashtra,Pune
"19.043, 73.009",19.0434771,73.0089423,1,Sushrusha Heart Cre Center and Speciality Hospital,Maharashtra,Thane
"19.043, 73.015",19.0433268,73.0151632,1,Kamlesh Mother and Child Hospital,Maharashtra,Thane
"19.043, 73.077",19.0431133,73.0773413,1,Satyam Multispeciality Hospital and Trauma Centre,Maharashtra,Thane
"19.044, 72.868",19.043902,72.8681195,1,Dr. Kulkarni Hospital,Maharashtra,Mumbai
"19.044, 73.017",19.0439521,73.0171405,1,Harish Hospital And Iccu,Maharashtra,Thane
"19.044, 73.833",19.0436986,73.8330844,1,Potnis Hospital- Rsby,Maharashtra,Pune
"19.045, 72.912",19.0453626,72.9115246,1,Bhatti Eye Clinic,Maharashtra,Mumbai
"19.046, 72.842",19.046295,72.8415449,1,Dalvi Plus,Maharashtra,Mumbai
"19.046, 72.854",19.0463778,72.8543168,1,Ayurseva Hospital,Maharashtra,Mumbai
"19.046, 72.895",19.0464362,72.8946608,1,Inlaks General Hospital,Maharashtra,Mumbai
"19.047, 73.07",19.0473216,73.0699046,1,Niramaya Hospital,Maharashtra,Raigarh
"19.048, 73.069",19.0478987,73.069195,1,Advanced Laparoscopy and Urology Centre,Maharashtra,Raigarh
"19.049, 72.914",19.0489198,72.9143346,1,Royal Nursing Home,Maharashtra,Mumbai
"19.049, 72.915",19.0493908,72.9145327,1,Bombay City Hospital,Maharashtra,Mumbai
"19.05, 73.069",19.0499426,73.0685665,1,Om Navjeevan Hospital,Maharashtra,Raigarh
"19.051, 72.91",19.0506517,72.9103754,1,Ashirwad Hospital and Polyclinic,Maharashtra,Mumbai
"19.051, 72.92",19.0511,72.9205,1,Shree Mahaveer Nursing Home - Govandi-Mumbai,Maharashtra,Mumbai
"19.051, 73.015",19.0506956,73.0154376,1,"Mangal Prabhu Nursing Home, Polyclinic and Diagnostic Center",Maharashtra,Thane
"19.051, 73.833",19.0514747,73.8327676,1,Dongre Hospital,Maharashtra,Pune
"19.052, 72.869",19.0516931,72.8691602,1,Dr.Patrawala`S Kalpana Nursing Home,Maharashtra,Mumbai
"19.052, 72.891",19.05161,72.8911931,1,Dr Suresh C Anand Clinic,Maharashtra,Mumbai
"19.052, 72.892",19.0521897,72.8915977,1,Sitla Hospital,Maharashtra,Mumbai
"19.052, 72.919",19.0516874,72.9194798,1,Kallash Jeevan Hospital,Maharashtra,Mumbai
"19.052, 72.927",19.0520628,72.9272317,1,Ekta Nursing Home and Polyclinic,Maharashtra,Mumbai
"19.053, 72.824",19.0525804,72.8242037,1,Vision 2000 Laser Surgery Centre,Maharashtra,Mumbai
"19.053, 72.897",19.0533749,72.897061,1,Mangal Anand Hospital,Maharashtra,Mumbai
"19.053, 72.898",19.053083,72.8982503,1,Surana Sethia Hospital and Research Centre,Maharashtra,Mumbai
"19.054, 72.825",19.0536244,72.8245123,1,Sushama Patkar Maternity ( and Surgical) Home - Bandra,Maharashtra,Mumbai
"19.054, 72.905",19.0539989,72.9053186,1,Narurkar Ent Hospital,Maharashtra,Mumbai
"19.055, 72.915",19.055124,72.9154653,1,Vikas Nursing Home,Maharashtra,Mumbai
"19.056, 72.832",19.0557586,72.8319193,1,Dr Jains Dental Speciality Centre,Maharashtra,Mumbai
"19.056, 72.839",19.0563119,72.8386593,1,West Lake Speciality Clinic,Maharashtra,Mumbai
"19.056, 72.854",19.0562207,72.8537634,1,Asian Heart Institute,Maharashtra,Mumbai
"19.057, 72.839",19.057173,72.8393225,1,Mahatma Gandhi Seva Mandir,Maharashtra,Mumbai
"19.057, 72.845",19.0574076,72.8447654,1,Palvi Maternity and Mother Care Centre - Bandra Mumbai,Maharashtra,Mumbai
"19.057, 72.898",19.0573721,72.8981332,1,Varsha Gandre Parekh Maternity and Surgical Hospital,Maharashtra,Mumbai
"19.058, 72.841",19.0579437,72.8412418,1,Aryan Hospital and Iccu - Kurla-Mumbai,Maharashtra,Mumbai
"19.059, 72.835",19.0593278,72.8351498,1,The Cosmetic Surgery Institute,Maharashtra,Mumbai
"19.059, 72.847",19.0591772,72.8468228,1,Udbhava Children's Hospital,Andhra Pradesh,Hyderabad
"19.059, 72.848",19.0585316,72.8478554,1,Tejas Eye Clinic,Maharashtra,Mumbai
"19.059, 72.901",19.058879,72.900615,1,Tandon Hospital,Maharashtra,Mumbai
"19.059, 72.907",19.0593495,72.9068556,1,Kolekar Nursing Home,Maharashtra,Mumbai
"19.059, 72.908",19.0585864,72.9078832,1,Dr Mekhales Dhanvantari Hospital,Maharashtra,Mumbai
"19.06, 72.834",19.0599051,72.8342113,1,Laser Eye Surgery Center,Maharashtra,Mumbai
"19.06, 72.898",19.0604892,72.898177,1,Dr Kedares Maternity and General Nursing Home,Maharashtra,Mumbai
"19.06, 73.069",19.0596364,73.0685464,1,Manas Multi- Speciality Hospital,Maharashtra,Raigarh
"19.061, 72.837",19.0607435,72.8369031,1,Shroff Eye Hospital,Maharashtra,Mumbai
"19.061, 72.845",19.0608089,72.8454864,1,Nandini Eye Care Centre,Maharashtra,Mumbai
"19.061, 72.849",19.060533,72.8493479,1,Laxmi Surgical Clinic,Maharashtra,Mumbai
"19.061, 72.905",19.0609237,72.9053059,1,Shramik Nursing Home,Maharashtra,Mumbai
"19.062, 72.832",19.0616128,72.83184,1,Bandra Pathology Laboratory,Maharashtra,Mumbai
"19.062, 72.836",19.0622209,72.8357525,1,Devi Maternity and Surgical,Maharashtra,Mumbai
"19.062, 72.883",19.0620527,72.8834355,1,Clinic (Dr.Vaishnavi Patil),Maharashtra,Mumbai
"19.062, 73.006",19.0624197,73.0058897,1,Dr. R.N. Patil`S Suraj Neurologiacal and Multispeciality Hospital,Maharashtra,Thane
"19.063, 72.883",19.0625228,72.8829242,1,Dr .Desais Nursing Home,Maharashtra,Mumbai
"19.063, 72.93",19.0627033,72.9297396,1,Varun Children's Hospital,Andhra Pradesh,Anantapur
"19.064, 72.835",19.0636199,72.8351453,1,Dr A K Chandiramani Hospital,Maharashtra,Mumbai
"19.064, 72.862",19.06413,72.861656,1,Asian Heart Institute And Research Center,Maharashtra,Mumbai
"19.064, 72.883",19.0639898,72.8825627,1,Ashvini Maternity and Surgical Nursing Home,Maharashtra,Mumbai
"19.065, 73.009",19.0651648,73.0087956,1,Shree Eye Clinic,Maharashtra,Thane
"19.067, 72.829",19.0674662,72.828512,1,Satya Shiva Medicals Pvt. Ltd.,Maharashtra,Mumbai
"19.069, 72.832",19.0689055,72.8320899,1,Tulip Womens Healthcare Centre - Khar (W),Maharashtra,Mumbai
"19.069, 72.835",19.0685232,72.8352484,1,Hinduja Healthcare Surgical,Maharashtra,Mumbai
"19.069, 72.903",19.0691719,72.902584,1,Rane Heart Hospital,Maharashtra,Mumbai
"19.07, 72.837",19.0703631,72.8369507,1,G.M.Medical Centre - Khar,Maharashtra,Mumbai
"19.071, 72.986",19.0709116,72.9859162,1,Sterling Wockhardt Hospital,Maharashtra,Thane
"19.071, 73.08",19.0712143,73.0799855,1,Niramaya Holistic Health Services Pvt Ltd,Maharashtra,Mumbai
"19.071, 74.717",19.0708788,74.7168823,1,Ambika Nursing Home,Maharashtra,Ahmednagar
"19.072, 72.835",19.0715992,72.8348232,1,Ramakrishna Mission Hospital,Maharashtra,Mumbai
"19.072, 73.0",19.0716941,73.0002544,1,Dr. Tilwe Maternity and Nursing Home,Maharashtra,Thane
"19.073, 72.838",19.072631,72.838478,1,Netrapuja Research Centre,Maharashtra,Mumbai
"19.073, 72.995",19.0731822,72.9951844,1,Mahatma Gandhi Mission`S New Bombay Hospital,Maharashtra,Thane
"19.073, 72.998",19.0732019,72.9983015,1,Jaydish Nursing Home,Maharashtra,Thane
"19.074, 72.828",19.0743137,72.8278871,1,Dr Gupta Clinic And Day Carecentre,Maharashtra,Mumbai
"19.074, 72.833",19.0741473,72.8325682,1,Mahavir Medical Research Center,Maharashtra,Mumbai
"19.074, 72.997",19.0742566,72.9968942,1,Sobti Clinic,Maharashtra,Thane
"19.075, 72.834",19.074515,72.834424,1,Khar Clinico-Pathological Laboratory,Maharashtra,Mumbai
"19.075, 72.877",19.0754649,72.8770505,1,City Hospital And Reserch Centre,Maharashtra,Mumbai
"19.075, 72.909",19.0751377,72.9091436,1,Malati Maternity Hospital,Maharashtra,Mumbai
"19.076, 72.84",19.0755793,72.8400105,1,Dhamke Hospital,Maharashtra,Raigarh
"19.076, 72.906",19.0762268,72.9055233,1,Ashirwad Heart Hospital,Maharashtra,Mumbai
"19.076, 73.01",19.0760171,73.0095336,1,Chandrawati Child and Maternity Hospital,Haryana,Faridabad
"19.077, 72.908",19.0770917,72.9080971,1,Nayan Eye Centre,Maharashtra,Mumbai
"19.078, 72.832",19.0781122,72.8319933,1,Clear Vision Eye Center,Maharashtra,Mumbai
"19.079, 72.847",19.079497,72.8465064,1,Dr. Sheth Surgical Clinic andGeneral Nursing Home- Santacruz-Mumbai,Maharashtra,Mumbai
"19.079, 72.85",19.0788783,72.8500307,1,"CGHS Dispensary No.14, Vakola",Maharashtra,Mumbai
"19.079, 72.856",19.07937,72.8562596,1,Upadhyaya Nursing Home,Maharashtra,Mumbai
"19.079, 72.902",19.0791764,72.9018877,1,L V Prasad Eye Institute Collaborating Center,Maharashtra,Mumbai
"19.079, 72.904",19.0791965,72.9037124,1,Bakul Parekh Children's Hospital,Maharashtra,Mumbai
"19.079, 72.997",19.078634,72.9973569,1,Dr Yewale Multi Speciality Hospital For Children,Maharashtra,Thane
"19.08, 72.837",19.0799499,72.8367149,1,Holy Family Hospital,Maharashtra,Mumbai
"19.08, 72.843",19.0797967,72.8427287,1,Nandan Maternity and Surgical Home,Maharashtra,Mumbai
"19.08, 72.849",19.0801652,72.8494657,1,Siddhi Nursing Home,Maharashtra,Mumbai
"19.081, 72.836",19.0811858,72.8361408,1,Bhargava Nursing Home,Maharashtra,Mumbai
"19.081, 72.839",19.081131,72.839053,1,Sarvodaya Eye Hospital,Maharashtra,Mumbai
"19.081, 74.736",19.0812335,74.7360452,1,Sumanglya Bal Arogya Mandir,Maharashtra,Ahmednagar
"19.082, 72.84",19.0820719,72.8404132,1,Bcj Hospital And Asha Parekh Research Centre,Maharashtra,Mumbai
"19.082, 72.895",19.0822947,72.8950556,1,Kohinoor Hospital,Maharashtra,Mumbai
"19.082, 72.905",19.082354,72.9051026,1,Varun Cardiac Clinic,Maharashtra,Mumbai
"19.082, 72.907",19.0820978,72.9067817,1,Dr. Dipak Desai's Ear Nose And Throat Hospital,Maharashtra,Mumbai
"19.082, 72.998",19.0824849,72.9980942,1,Siddhi Medical Centre,Maharashtra,Thane
"19.082, 74.736",19.0823297,74.7356872,1,Sarthak Hospital,Maharashtra,Ahmednagar
"19.083, 72.85",19.0825366,72.8502317,1,Dattatreya Nursing Home,Maharashtra,Mumbai
"19.083, 72.902",19.0834108,72.9022333,1,Shreeji Hospital,Maharashtra,Mumbai
"19.083, 74.74",19.0830923,74.7403974,1,Veer Hospital,Maharashtra,Ahmednagar
"19.086, 72.836",19.085559,72.8364953,1,Sarla Hospital and Icu,Maharashtra,Mumbai
"19.086, 72.904",19.0864675,72.9041042,1,Sanghavi Eye Clinic,Maharashtra,Mumbai
"19.086, 72.908",19.0860468,72.9080866,1,Harilal Jechand Doshi Ghotkopar Hindu Sabha Hospit,Maharashtra,Mumbai
"19.086, 72.914",19.0857348,72.9138503,1,Municipal Corporation Of Greater Mumbai,Maharashtra,Mumbai
"19.086, 74.74",19.0863609,74.7395134,1,Supekar Hospital,Maharashtra,Ahmednagar
"19.086, 82.027",19.0861665,82.0269203,1,Bansal Nursing Home,Chhattisgarh,Bastar
"19.087, 72.908",19.0868475,72.9079402,1,Sanjeevani Nursing Home,Maharashtra,Mumbai
"19.088, 72.835",19.088112,72.835058,1,Maniar Clinic,Maharashtra,Mumbai
"19.088, 72.913",19.0875717,72.9126514,1,Desai Nursing Home,Andhra Pradesh,Kurnool
"19.089, 72.838",19.0893623,72.837722,1,Aseem Orthopaedic Hospital,Maharashtra,Mumbai
"19.089, 72.907",19.0889039,72.907247,1,Zynova Heart Hospital,Maharashtra,Mumbai
"19.09, 72.839",19.0895032,72.8385658,1,Kenias Eye Hospital,Maharashtra,Mumbai
"19.09, 72.901",19.0898504,72.9013911,1,Dr. Bhanushalis Nursingh Home,Maharashtra,Mumbai
"19.09, 73.003",19.0899,73.0032257,1,The Apollo Clinic,Maharashtra,Thane
"19.09, 73.005",19.0899366,73.0047217,1,Ashirwad Hospital Maternity Surgical And General,Maharashtra,Thane
"19.09, 74.735",19.0904534,74.7347189,1,Narwade Hospital and Adv. Laparoscopy Centre,Maharashtra,Ahmednagar
"19.093, 72.914",19.0932331,72.9136926,1,Shradha Heart Hospital,Maharashtra,Mumbai
"19.094, 72.9",19.0940687,72.9000241,1,"Ashwini Maternity and Surgical Hospital,Ghatkopar(E)",Maharashtra,Mumbai
"19.094, 74.75",19.0938016,74.7498845,1,Accident and Superspeciality Centre,Maharashtra,Ahmednagar
"19.095, 72.84",19.094854,72.839654,1,Nanavati Hospital,Maharashtra,Mumbai
"19.095, 72.85",19.095176,72.8499645,1,Shreeji Associates C/O Dr Ranes Nursing Home,Maharashtra,Mumbai
"19.095, 74.779",19.09459,74.7785026,1,Pawar Hospital,Maharashtra,Ahmednagar
"19.096, 72.855",19.0959087,72.8553466,1,Aparna Hospital,Maharashtra,Mumbai
"19.096, 73.011",19.0962638,73.0111333,1,Naik Nursing Home and Endoscopy Centre,Maharashtra,Mumbai
"19.097, 72.903",19.096654,72.9026801,1,Abhishek Nursing Home,Maharashtra,Mumbai
"19.098, 72.849",19.0982759,72.848784,1,Dr Jagdish Shahs Clinic,Maharashtra,Mumbai
"19.098, 74.733",19.097758,74.7325015,1,Netradeep Eye Hospital,Maharashtra,Ahmednagar
"19.099, 72.84",19.098692,72.840026,1,Mahaveer Health Care Centre,Maharashtra,Mumbai
"19.101, 72.839",19.1013427,72.8394774,1,Dr Balabhai Nanavati Hospital,Maharashtra,Mumbai
"19.101, 72.843",19.1012769,72.8425406,1,Eyeris Medical Center Pvt. Ltd.,Maharashtra,Mumbai
"19.101, 72.848",19.1007327,72.8484152,1,Parle Eye Hospital,Maharashtra,Mumbai
"19.101, 72.865",19.1009869,72.8651933,1,Sanjeevani Hospital,Maharashtra,Mumbai
"19.102, 72.845",19.1021198,72.8447758,1,Sarafs Diagnostic Center,Maharashtra,Mumbai
"19.102, 72.863",19.1015512,72.8631724,1,"CGHS Dispensary No.21, Sahar",Maharashtra,Mumbai
"19.102, 73.001",19.101707,73.001176,1,Goyal`S Nursing Home,Haryana,Faridabad
"19.103, 72.847",19.1030524,72.8466914,1,Voras Clinical Laboratory,Maharashtra,Mumbai
"19.103, 72.854",19.1034191,72.854365,1,"CGHS Dispensary No.5, Santacruz",Maharashtra,Mumbai
"19.103, 72.912",19.1029426,72.9117206,1,Pushpak Maternity and Nursing Home,Maharashtra,Mumbai
"19.103, 73.004",19.1030855,73.0039587,1,Kaustubh Nursing Home,Maharashtra,Thane
"19.104, 72.846",19.1043491,72.8464095,1,Dr.Tushar Shah,Maharashtra,Mumbai
"19.104, 72.864",19.104219,72.864046,1,Ameya Surgical and General Nursing Home,Maharashtra,Mumbai
"19.104, 72.887",19.1044022,72.8872491,1,Abhay Nursing Home,Maharashtra,Mumbai
"19.104, 72.924",19.1035049,72.92377,1,Pkc Hospital And Medical Research Centre,Maharashtra,Thane
"19.105, 72.912",19.104807,72.91216,1,Prime Hospital and Nursing Home,Haryana,Faridabad
"19.105, 73.006",19.104738,73.006112,1,Ela Maternity Hospital,Gujarat,Gandhinagar
"19.105, 74.73",19.1051624,74.7304821,1,Narsale Hospital and Maternity Home,Maharashtra,Ahmednagar
"19.106, 72.85",19.1055042,72.8500559,1,Smt. Kamladevi Gauridutt Mittal Ayurvedic Hosp,Maharashtra,Mumbai
"19.106, 72.888",19.10648,72.88773,1,Ashirwad Children And Surgical Hospital,Maharashtra,Mumbai
"19.107, 72.829",19.1067104,72.829273,1,Juhu Clinical Laboratory,Maharashtra,Mumbai
"19.107, 72.84",19.106652,72.8402931,1,Dr. Sadiwalas Clinic and Nursing Home,Maharashtra,Mumbai
"19.107, 72.85",19.106902,72.850495,1,Dr. Bhagwan Bhangadia Clinic,Maharashtra,Nashik
"19.107, 72.923",19.1067711,72.9225416,1,Samarth Hospital,Maharashtra,Mumbai
"19.107, 74.736",19.1065754,74.7357643,1,Swasthya Hospital Medical Research Center,Maharashtra,Ahmednagar
"19.107, 74.741",19.1065063,74.7408393,1,Wankhade Kidney Hospital,Maharashtra,Ahmednagar
"19.108, 72.829",19.1080574,72.8290035,1,Dr.Daftarys Total Care Clinic,Maharashtra,Mumbai
"19.108, 72.849",19.1084218,72.8485457,1,Saurabh Sanjanwala`S Maternity Gync.and Surgical Nur,Maharashtra,Mumbai
"19.108, 72.868",19.1081099,72.8677512,1,Dadhich Nursing Home,Maharashtra,Mumbai
"19.108, 73.005",19.108437,73.0050176,1,Sai Snehdeep Hospital,Maharashtra,Thane
"19.109, 72.827",19.1086051,72.8267176,1,Sheth Kantilal C. Parikh General Hospital,Maharashtra,Mumbai
"19.109, 72.858",19.109114,72.8575199,1,Laxmi Mirat Eye Clinic And Day Care Centre,Maharashtra,Mumbai
"19.11, 72.825",19.1095683,72.825288,1,Joy Hospital Pvt Ltd,Maharashtra,Mumbai
"19.11, 72.848",19.1097442,72.8484128,1,Sadanand Danait Hospital,Maharashtra,Mumbai
"19.11, 72.85",19.1100258,72.8495392,1,"Aggarwal Eye Hospital , Vile Parle",Maharashtra,Mumbai
"19.11, 72.858",19.1097712,72.8582672,1,Veena Clinic,Maharashtra,Mumbai
"19.11, 72.865",19.1099032,72.8650609,1,Dr Goels Maternity and General Hospital,Maharashtra,Mumbai
"19.111, 72.932",19.1108713,72.9324731,1,Priya Maternity Home,Maharashtra,Mumbai
"19.111, 74.729",19.1113327,74.7292131,1,Chintamani Hospital and Urology Center,Maharashtra,Ahmednagar
"19.112, 72.867",19.1123849,72.8669884,1,Carewell Nursing Home,Maharashtra,Mumbai
"19.113, 72.867",19.1131214,72.867009,1,Spectacles And Contact Lens Clinic,Maharashtra,Mumbai
"19.113, 72.931",19.1132913,72.9306159,1,Shrinathji Hospital,Maharashtra,Mumbai
"19.114, 72.839",19.1141161,72.8393625,1,Shree Hi- Tech Clinic Pvt. Ltd. /Laserx,Maharashtra,Mumbai
"19.115, 72.844",19.1152002,72.844139,1,Masrani Clinic For Women and Mimas,Maharashtra,Mumbai
"19.115, 73.003",19.1148654,73.00264,1,Tanmay Nursing Home,Maharashtra,Thane
"19.116, 72.88",19.1163793,72.8798583,1,Sevenhills Healthcare Private Limited,Maharashtra,Mumbai
"19.117, 72.843",19.1166476,72.8427744,1,Dr Parmars Surgical Hospital,Maharashtra,Mumbai
"19.117, 72.847",19.1171389,72.846563,1,Sangita Maternity Surgical and Diagnostic Centre,Maharashtra,Mumbai
"19.117, 72.883",19.1165713,72.8825342,1,"Sugun Hospital Multispeciality Diagnostic, Icu",Maharashtra,Mumbai
"19.117, 72.904",19.1165242,72.9044137,1,Terna Sahyadri Speciality Hospital And Research Centre,Maharashtra,Thane
"19.117, 72.91",19.1168918,72.9103201,1,Badade Hospital,Maharashtra,Pune
"19.117, 72.937",19.1167435,72.937045,1,Jan-Seva Charitable Trust`S Sai-Krupa General Hospital,Maharashtra,Mumbai
"19.118, 72.933",19.1176258,72.9327686,1,Atul - Lok Hospital,Maharashtra,Mumbai
"19.121, 72.854",19.1211714,72.853548,1,Jain Nursing Home,Maharashtra,Mumbai
"19.121, 72.88",19.1213135,72.8797755,1,Dr.Pintos Pathological Laboratory,Maharashtra,Mumbai
"19.121, 73.004",19.1214684,73.0036295,1,Divine Multispecialty Hospital and Research Centre,Maharashtra,Thane
"19.121, 74.743",19.120998,74.7425085,1,Joshi Hospital,Maharashtra,Ahmednagar
"19.125, 72.853",19.1245594,72.852967,1,J.P Hospital,Maharashtra,Mumbai
"19.125, 72.917",19.1254172,72.9170023,1,Powai Polyclinic and Hospital,Maharashtra,Mumbai
"19.125, 73.07",19.1247154,73.0699597,1,Sunjeevani Nursing Home,Jharkhand,Dhanbad
"19.127, 72.867",19.1269161,72.8670933,1,Shakuntala Memorial Surgical Childerns and General Hospital,Maharashtra,Mumbai
"19.128, 72.862",19.1278936,72.8623075,1,Indu Maternity and Surgical Nursing Home - Andheri,Maharashtra,Mumbai
"19.128, 72.888",19.1281781,72.8876327,1,Turfiya Hospital and Icu,Maharashtra,Mumbai
"19.129, 74.736",19.1287852,74.7363513,1,Vivek Charitable Netra Chikitsalaya,Maharashtra,Ahmednagar
"19.13, 72.822",19.1295475,72.822229,1,Purandare Hospital,Maharashtra,Mumbai
"19.131, 72.818",19.1306458,72.8184455,1,Mahima Hospital and Polyclinic,Maharashtra,Mumbai
"19.131, 72.834",19.1314413,72.8342384,1,Belle-Vue General Nursing Home,Maharashtra,Mumbai
"19.131, 72.936",19.1308769,72.9359605,1,Ankur Maternity and Surgical Nursing Home,Maharashtra,Mumbai
"19.132, 72.85",19.1315933,72.8498738,1,Parulekar Maternity And Surgical Nursing Home - Mumbai,Maharashtra,Mumbai
"19.132, 72.861",19.1319685,72.8607789,1,"CGHS Dispensary No.25, Jogeshwari",Maharashtra,Mumbai
"19.132, 72.935",19.1316889,72.9351934,1,Aniket Nuring Home,Maharashtra,Mumbai
"19.133, 72.837",19.1330996,72.8372689,1,Gokul Hospital,Maharashtra,Mumbai
"19.133, 72.844",19.1332655,72.84371,1,Pratima Maternity and Surgical Nursing Home,Maharashtra,Mumbai
"19.134, 72.826",19.1344172,72.8256366,1,Kokilaben Dhirubhai Ambani Hospital,Maharashtra,Mumbai
"19.134, 72.838",19.1338837,72.8376429,1,Rg Stone Urology And Laparoscopy Hospital,Maharashtra,Mumbai
"19.134, 72.914",19.1341265,72.9141077,1,Luthra Hospital And Research Centre,Chhattisgarh,Bilaspur
"19.135, 72.815",19.1350852,72.8146101,1,The Clinique and Nursing Home - Andheri,Maharashtra,Mumbai
"19.136, 72.827",19.1363034,72.827096,1,Surgicare Medical Centre - Mumbai,Maharashtra,Mumbai
"19.136, 72.85",19.135931,72.849588,1,Dr. Kotwal Maternity Hospital,Karnataka,Belagavi
"19.137, 72.825",19.1373646,72.8253553,1,Life Care Medical Centre,Maharashtra,Mumbai
"19.137, 72.836",19.1366248,72.8363278,1,R.G. Scientific Enterprises Ltd,Maharashtra,Mumbai
"19.137, 72.848",19.13654,72.847579,1,Rahul Eye Clinic,Maharashtra,Mumbai
"19.137, 72.857",19.1365997,72.8566074,1,Dr Kulkarni Hospital,Maharashtra,Mumbai
"19.137, 72.87",19.1370311,72.8700524,1,Dr Rays Clinic,Maharashtra,Mumbai
"19.138, 72.81",19.1379278,72.8101762,1,A.E.Kalsekar Hospital,Maharashtra,Mumbai
"19.138, 72.935",19.1375536,72.9350174,1,Shaily Nursing Home,Maharashtra,Mumbai
"19.139, 77.306",19.1388205,77.3058449,1,Kardile Hospital,Maharashtra,Nanded
"19.14, 72.832",19.1396177,72.8317178,1,Kulkarni Nursing Home and Polyclinic,Maharashtra,Mumbai
"19.14, 72.938",19.1403981,72.9379362,1,"CGHS Dispensary No.6, Ghatkopar",Maharashtra,Mumbai
"19.142, 72.933",19.1424376,72.9327673,1,Dr.Badwaiks Maternity and General Hospital,Maharashtra,Mumbai
"19.143, 74.714",19.1429587,74.7137046,1,Kakasaheb Mhaske Kamgar Hospital,Maharashtra,Ahmednagar
"19.144, 72.843",19.1439388,72.8430671,1,Shivam Netram Eye Hospital,Maharashtra,Mumbai
"19.144, 72.917",19.1444557,72.9169635,1,Vertex Hospital,Maharashtra,Mumbai
"19.145, 72.825",19.1445491,72.8254052,1,Suman Eye Clinic And Surgery Centre,Maharashtra,Mumbai
"19.145, 73.01",19.1452559,73.0102842,1,Dr Manes Gawali Hospital,Maharashtra,Thane
"19.146, 72.927",19.1462082,72.9272317,1,Dr. Bhatias Ruby Hospital - Bhandup - Mumbai,Maharashtra,Mumbai
"19.147, 72.93",19.1474511,72.9299079,1,M.S.Maternity and General Hospital,Maharashtra,Mumbai
"19.147, 72.932",19.1473592,72.9318038,1,Setty's Endoscopic Surgical Centre,Maharashtra,Mumbai
"19.147, 72.934",19.1468364,72.9337875,1,Saarthi Hospital,Maharashtra,Mumbai
"19.147, 72.939",19.1470738,72.9389442,1,Dr. Thakurs Ear Nose Throat Clinic And Hospital - Bhandup (W) Mumbai,Maharashtra,Mumbai
"19.147, 74.03",19.1471153,74.0300772,1,Hutatma Rajguru Hospital,Maharashtra,Pune
"19.148, 72.84",19.1483497,72.8404703,1,Pushpa Hospital,Maharashtra,Mumbai
"19.148, 72.929",19.147626,72.9294528,1,Sas Health Care Pvt. Limited,Maharashtra,Mumbai
"19.148, 72.992",19.1482367,72.9923513,1,"Criti Care Iccu, Multispeciality and Trauma Centre",Maharashtra,Thane
"19.149, 72.933",19.1493933,72.9326121,1,Mahek Nursing Home,Maharashtra,Mumbai
"19.149, 77.308",19.1487954,77.3084241,1,Mahale Hospital,Maharashtra,Nanded
"19.15, 72.837",19.1503529,72.8373754,1,Patliputra Medical College and Hospital,Jharkhand,Hazaribag
"19.15, 72.931",19.149901,72.931134,1,"CGHS Dispensary No.17, Bhandup",Maharashtra,Mumbai
"19.151, 72.876",19.1509735,72.8758099,1,Yashada Maternity and Surgical Home,Maharashtra,Mumbai
"19.151, 72.999",19.1512887,72.9985574,1,Suruchi Eye Centre,Maharashtra,Mumbai
"19.153, 72.941",19.1531246,72.9411365,1,Lotus Multispeciality Hospital,Maharashtra,Mumbai
"19.154, 72.838",19.1542933,72.8381842,1,Aditya Nursing Home,Maharashtra,Mumbai
"19.154, 72.996",19.153633,72.996033,1,Disha Hospital,Maharashtra,Thane
"19.155, 72.842",19.1548096,72.841757,1,Care Hospital - Vijayawada,Andhra Pradesh,Krishna
"19.156, 72.952",19.1557098,72.9524625,1,Shree Ram Eye Care Centre,Maharashtra,Mumbai
"19.156, 72.998",19.1564686,72.998371,1,Indravati Hospital,Maharashtra,Thane
"19.16, 72.991",19.1603221,72.9913826,1,Sai Krupa General Hospital,Maharashtra,Thane
"19.161, 72.947",19.1605587,72.9469214,1,Fortis Hospitals Limited,Maharashtra,Mumbai
"19.162, 72.998",19.1620886,72.9981476,1,Modi Hospital Iccu,Maharashtra,Thane
"19.162, 72.999",19.1616805,72.9988208,1,Thanawalas Clinic For Women,Maharashtra,Thane
"19.162, 77.307",19.1616191,77.3067456,1,Kadam Hospital,Maharashtra,Nanded
"19.163, 76.208",19.1630954,76.2077146,1,Yashwant Hospital and Critical,Maharashtra,Beed
"19.164, 72.845",19.164269,72.8454471,1,Dr Baliga Nursing Home,Maharashtra,Mumbai
"19.164, 72.945",19.1641019,72.9453184,1,Shree Sai Maternity and Surgical Nursing Home,Maharashtra,Mumbai
"19.164, 72.997",19.1643711,72.9973562,1,Royal Nursing Home,Maharashtra,Thane
"19.165, 72.847",19.1651872,72.8466727,1,Anand Children Hospital,Gujarat,Bharuch
"19.165, 72.944",19.1645467,72.944227,1,Popular Nur,Karnataka,Bengaluru Urban
"19.166, 77.317",19.1659489,77.3165897,1,Sai Krupa Clinic,Maharashtra,Nanded
"19.167, 72.95",19.1672312,72.9504364,1,Pooja Nursing Home Pvt. Ltd.,Maharashtra,Mumbai
"19.169, 72.875",19.1691237,72.8754694,1,Enclave Maternity Home,Maharashtra,Mumbai
"19.17, 72.85",19.1699919,72.8497757,1,Dr. (Mrs.) S.D.Patki Clinic,Maharashtra,Mumbai
"19.17, 72.959",19.1702704,72.958854,1,Maher Maternity and Nursing Home,Maharashtra,Mumbai
"19.17, 72.96",19.1695051,72.9596346,1,Gomathi Eye Centre,Maharashtra,Mumbai
"19.171, 72.934",19.1711783,72.933681,1,Ashirwad Maternity and Nursing Home,Maharashtra,Mumbai
"19.171, 72.951",19.1709732,72.9505973,1,Hira Mongi Navneet Hospital,Maharashtra,Mumbai
"19.171, 72.958",19.1714081,72.9578599,1,Shushrusha Hospital and Icu,Maharashtra,Mumbai
"19.172, 72.95",19.1721433,72.9504824,1,Shettys Endoscopic Surgical Center,Maharashtra,Mumbai
"19.172, 72.953",19.171536,72.9528553,1,Omkar Eye Care Center,Maharashtra,Mumbai
"19.172, 72.962",19.171775,72.9622211,1,Dr. Sabnis Maternity and Nursing Home,Maharashtra,Mumbai
"19.173, 72.836",19.1732556,72.8363508,1,Eva Medicare Center - Andheri,Maharashtra,Mumbai
"19.173, 72.873",19.1733185,72.8730215,1,Eye Smile Clinic,Maharashtra,Mumbai
"19.174, 72.957",19.1735888,72.9566508,1,International Institute Of Sleep Sciences,Maharashtra,Mumbai
"19.175, 72.845",19.1749892,72.8451337,1,Dr.Guptas Nursing Home,Maharashtra,Mumbai
"19.175, 72.862",19.1745143,72.862324,1,Surya Eye Clinic,Maharashtra,Mumbai
"19.176, 72.842",19.1757956,72.8419473,1,Le Nest,Maharashtra,Mumbai
"19.176, 75.175",19.1761399,75.1749671,1,Shri Sai Balrugnalaya and Maternity Home,Maharashtra,Ahmednagar
"19.179, 72.95",19.1791186,72.9498535,1,Arogya Health Care,Maharashtra,Mumbai
"19.179, 72.956",19.1793036,72.9563451,1,Orthocare and Ria Nursing Home,Maharashtra,Mumbai
"19.18, 72.855",19.180237,72.8554149,1,Ear-Nose-Throat And Eye Clinic,Maharashtra,Mumbai
"19.18, 72.951",19.1804788,72.951224,1,Triveni Hospital,Madhya Pradesh,Indore
"19.181, 72.857",19.1808735,72.8574558,1,Devangi Hospital,Maharashtra,Mumbai
"19.181, 72.945",19.180878,72.944899,1,Veena Nagar Health Care Center and Hospital,Maharashtra,Mumbai
"19.182, 72.971",19.1821571,72.9711731,1,Shreyans Ano-Rectal and Day-Care Hospital,Gujarat,Surat
"19.183, 72.836",19.1834939,72.8357436,1,Dr.Ronak Prakash Bhandari,Maharashtra,Mumbai
"19.183, 72.853",19.1834374,72.8533692,1,Krishna Eye Care Centre,Maharashtra,Mumbai
"19.184, 72.836",19.1843832,72.8362572,1,Navkar Child Care Centre and Nursing Home,Maharashtra,Mumbai
"19.184, 72.846",19.1840599,72.846178,1,Jay Polyclinic Surgical and Maternity Nursing Home and Iccu,Maharashtra,Mumbai
"19.184, 77.295",19.183688,77.2950259,1,Anwar Memorial Hospital,Kerala,Ernakulam
"19.185, 72.842",19.185155,72.8422978,1,Janhvi Nursing Home,Maharashtra,Mumbai
"19.185, 72.847",19.1853044,72.8470214,1,Manish Nursing Home,Maharashtra,Mumbai
"19.185, 72.968",19.1850225,72.9683173,1,Sai Hospital And Icu,Maharashtra,Thane
"19.185, 73.024",19.185045,73.0244225,1,Siddiqui Nursing Home,Maharashtra,Thane
"19.186, 72.947",19.186169,72.9469977,1,Anmmol Orthovision,Maharashtra,Mumbai
"19.187, 72.842",19.1874689,72.8422219,1,Abhijit Hospital,Maharashtra,Mumbai
"19.187, 72.954",19.1869807,72.9540053,1,Dr. Muddebihalkar Hospital and Iccu,Maharashtra,Thane
"19.188, 72.845",19.1878099,72.845366,1,Puranik Hospital,Maharashtra,Mumbai
"19.188, 72.976",19.1881428,72.9759446,1,Dr Bhanushali Hospital,Maharashtra,Thane
"19.189, 72.85",19.1889023,72.8500318,1,Suchak Hospital,Maharashtra,Mumbai
"19.189, 72.857",19.1886713,72.8573826,1,Agrawal Clinic,Maharashtra,Mumbai
"19.19, 72.846",19.1897322,72.8460784,1,Saraogi Maternity and General Hospital,Maharashtra,Mumbai
"19.19, 72.856",19.1903411,72.855971,1,Shraddha Orthopedic and Surgical Hospital,Maharashtra,Mumbai
"19.191, 72.972",19.1911864,72.9724048,1,Somika Laser Eyes Surgery Centers,Maharashtra,Thane
"19.192, 72.975",19.191805,72.9747837,1,Mokashi Nursing Home,Maharashtra,Thane
"19.193, 72.833",19.1928391,72.8330873,1,Evershine Nursing Home,Maharashtra,Mumbai
"19.193, 72.944",19.1931105,72.9442111,1,Telang Nursing Home,Maharashtra,Thane
"19.194, 72.844",19.1936411,72.8435167,1,Shree Krishna Hospital - Kandivali,Maharashtra,Mumbai
"19.194, 72.847",19.1938477,72.8465927,1,Lifeline Hospital,Maharashtra,Mumbai
"19.196, 72.875",19.1956904,72.8754354,1,Medha Maternity and Nursing Home - Kandivali (E) Mumbai,Maharashtra,Mumbai
"19.196, 72.963",19.196383,72.9634219,1,Hittaishi Health Care Centre and Icu,Maharashtra,Thane
"19.196, 72.967",19.1956229,72.9668684,1,Bapat Nursing Home,Maharashtra,Thane
"19.196, 72.987",19.1963547,72.9871979,1,Harisuman Nursing Home,Maharashtra,Thane
"19.197, 72.873",19.1969579,72.8733648,1,Shreeji Hospital,Maharashtra,Mumbai
"19.198, 72.971",19.1982854,72.9707381,1,Ashwini Maternity and Nursing Home,Maharashtra,Thane
"19.2, 72.972",19.1996442,72.9720309,1,Risk Care Hospital and Iccu,Maharashtra,Thane
"19.201, 72.859",19.2014495,72.8590491,1,Sanchaiti Hospital,Maharashtra,Mumbai
"19.201, 72.869",19.2009337,72.8692653,1,Shreeji Hospital (Kandivli),Maharashtra,Mumbai
"19.201, 72.961",19.2007429,72.9608828,1,Manchanda Ortho and Physio-Care Centre,Haryana,Faridabad
"19.201, 72.964",19.200861,72.9643615,1,Madhu Polyclinic and Nursing Home,Maharashtra,Mumbai
"19.201, 72.975",19.2011685,72.9751825,1,Aishwarya Nursing Home - Thane,Maharashtra,Thane
"19.202, 72.819",19.2019275,72.8190866,1,Neon Critical Care,Maharashtra,Mumbai
"19.202, 72.845",19.2019348,72.8446558,1,Sai Vilayatrai Charitable Polyclinc,Maharashtra,Mumbai
"19.202, 72.857",19.2017881,72.856749,1,Saibaba Maternity and Nursing Home,Maharashtra,Mumbai
"19.202, 72.859",19.2018029,72.859212,1,Laxmi Clinic - Kandivli - (Mumbai),Maharashtra,Mumbai
"19.204, 72.849",19.2039462,72.8492897,1,Shah Surgical Hospital and Maternity Home P. Ltd.,Maharashtra,Mumbai
"19.204, 72.969",19.2040597,72.9691583,1,Netra Jyot Eye Care Centre,Maharashtra,Mumbai
"19.204, 72.975",19.2041173,72.9747855,1,Nath Hospital,Maharashtra,Mumbai
"19.205, 72.839",19.2050369,72.8389113,1,Vinayak Nursing Home`,Maharashtra,Mumbai
"19.206, 72.838",19.2064817,72.8384842,1,Grace Maternity and Nursing Home - Kandivli (W),Maharashtra,Mumbai
"19.206, 72.842",19.2063004,72.841578,1,Nidhi Nursing Home and Iccu,Maharashtra,Mumbai
"19.206, 72.865",19.2064722,72.8648413,1,New Life Nursing Home,Maharashtra,Mumbai
"19.206, 72.866",19.206396,72.8656109,1,Gokul Hospital,Maharashtra,Mumbai
"19.206, 73.096",19.2057161,73.0955302,1,Monish Nursing Home,Maharashtra,Thane
"19.207, 72.844",19.206847,72.8443572,1,Panorama Eye Clinic Superspeciality Eye Care,Maharashtra,Mumbai
"19.207, 72.85",19.206912,72.850038,1,Jobanputra Nursing Home,Maharashtra,Mumbai
"19.207, 72.866",19.2074695,72.8664007,1,Sarveshwari Charitable Trust and General Hospital,Gujarat,Ahmedabad
"19.207, 72.973",19.2074008,72.9725836,1,Jupiter Lifeline Hospitals Ltd.,Maharashtra,Thane
"19.208, 72.842",19.2077867,72.8423686,1,Dr. Vora`S Premature Critical Care and General Hospital,Maharashtra,Mumbai
"19.21, 72.961",19.2099999,72.961482,1,Shri Uttam Hospital,Maharashtra,Thane
"19.21, 73.009",19.2095672,73.0089982,1,Ramanand Hospital,Maharashtra,Thane
"19.211, 72.875",19.2105512,72.8748702,1,Mahesh Clinic,Karnataka,Bengaluru Urban
"19.211, 73.187",19.2107733,73.1868328,1,Usha Maternity and Nursing Home,Maharashtra,Mumbai
"19.212, 72.96",19.212245,72.960029,1,Silotri Hospital,Maharashtra,Thane
"19.213, 72.864",19.2132136,72.8637163,1,Aditi Hospital,Maharashtra,Mumbai
"19.213, 73.01",19.2128663,73.0102182,1,Dr Ram Malis Ramanand Hospital and Iccu,Maharashtra,Thane
"19.213, 73.19",19.2127076,73.1904697,1,"Jan Kalyan Hospital, Bhilai",Chhattisgarh,Durg
"19.214, 72.866",19.2139911,72.8655789,1,Vikas Diagnostic Centre,Maharashtra,Mumbai
"19.214, 72.961",19.2137555,72.9611627,1,Maher Maternity And Surgical Nursing Home,Maharashtra,Thane
"19.214, 72.977",19.2140149,72.9771604,1,Smiles Unlimited Dental Clinic,Maharashtra,Thane
"19.215, 72.815",19.2153192,72.8152087,1,Dr Reena Mokal Nursing Home and Polyclinic,Maharashtra,Mumbai
"19.215, 73.086",19.2147763,73.0864218,1,Eye Site,Maharashtra,Mumbai
"19.216, 72.972",19.2164376,72.9722088,1,Shree Eye Hospital,Maharashtra,Thane
"19.216, 73.073",19.2157613,73.0729934,1,Deepashree Eye Clinic And Surgical Centre,Maharashtra,Thane
"19.217, 72.848",19.2172084,72.848035,1,Sanghvi Maternity and Surgical Hospital,Maharashtra,Mumbai
"19.218, 72.83",19.2177774,72.8301306,1,Shree Nagesh Childrens Hospital,Maharashtra,Mumbai
"19.218, 73.088",19.218196,73.0880882,1,R K Hospital,Haryana,Gurgaon
"19.219, 72.871",19.218734,72.871135,1,Sushant Maternity and Surgical Nursing Home,Maharashtra,Thane
"19.22, 72.833",19.2197644,72.8332763,1,Kirad Nursing Home and Critical Care Centre,Maharashtra,Pune
"19.22, 72.852",19.219868,72.8524778,1,Shah Surgical And Maternity Nursing Home,Maharashtra,Mumbai
"19.221, 72.84",19.2213018,72.8399394,1,Niramay Mother-Care Centre (Maternity and Surgical),Maharashtra,Mumbai
"19.222, 72.843",19.2219048,72.842968,1,Nirmay Mother Care Centre,Maharashtra,Mumbai
"19.222, 72.853",19.222312,72.8534365,1,Anand Medical Centre,Maharashtra,Mumbai
"19.222, 72.854",19.2222802,72.8544895,1,Dhanshri Hospital,Maharashtra,Mumbai
"19.222, 72.86",19.2224441,72.8600404,1,Navjeevan Global Heart Centre,Maharashtra,Mumbai
"19.223, 72.845",19.223019,72.844611,1,Shivani Medical Centre,Maharashtra,Mumbai
"19.223, 72.857",19.2229268,72.8574421,1,"Dr Parikhs Maternity, Gynaec, and General Hospital",Maharashtra,Mumbai
"19.225, 72.854",19.2254953,72.8544636,1,Neelam Nursing Home (Lenest) - Malad (W),Maharashtra,Mumbai
"19.225, 72.857",19.2248364,72.8566481,1,Utkarsh Nursing Home,Maharashtra,Mumbai
"19.226, 72.852",19.2262703,72.8519442,1,Shree Borivli Gujarati Seva Mandal,Maharashtra,Mumbai
"19.227, 72.844",19.2268919,72.8444188,1,Bhargav Medical Centre,Maharashtra,Mumbai
"19.227, 72.855",19.226821,72.8549865,1,Patel Nursing Home,Maharashtra,Mumbai
"19.228, 72.859",19.2277398,72.8594058,1,Roshni Eye Clinic,Maharashtra,Mumbai
"19.229, 72.848",19.2287365,72.8475542,1,Vinit Eye Clinic Retina And Laser Centre,Maharashtra,Mumbai
"19.229, 72.851",19.2290453,72.8514375,1,Rose Petal Nursing Home,Maharashtra,Mumbai
"19.23, 72.84",19.2301995,72.8404511,1,Raj Jyoti Hospital,Maharashtra,Mumbai
"19.23, 72.862",19.2300126,72.8619097,1,Parmar Hospital,Maharashtra,Mumbai
"19.23, 72.863",19.230415,72.862571,1,Dr.Redkar Hospital,Maharashtra,Sindhudurg
"19.231, 72.839",19.231169,72.8387275,1,Aastha Eye Clinic,Maharashtra,Mumbai
"19.231, 72.841",19.2306852,72.8407885,1,Sparsh Hospital,Haryana,Gurgaon
"19.232, 72.859",19.2318937,72.8586904,1,Asian Eye Institute And Laser Centre,Maharashtra,Mumbai
"19.233, 72.865",19.2329536,72.8651258,1,Rukshmani Surgical Hospital,Gujarat,Ahmedabad
"19.234, 72.864",19.234019,72.8643053,1,Mohit Hospital and Heart Centre,Maharashtra,Mumbai
"19.235, 72.861",19.235267,72.8607045,1,Bhagat Nursing Home,Maharashtra,Mumbai
"19.235, 72.974",19.2347436,72.9742923,1,Dr. Amar`S Karkhanis Super- Speciality Hospital,Maharashtra,Thane
"19.235, 72.976",19.2346825,72.9756521,1,Metro Hospital and Icu,Maharashtra,Thane
"19.236, 72.861",19.2360202,72.8606066,1,Purnima Hospital,Maharashtra,Mumbai
"19.237, 73.126",19.2374286,73.1255989,1,Nityanand Nursing Home,Maharashtra,Thane
"19.238, 72.845",19.2380341,72.8452546,1,Rajendra Maternity and Surgical Nursing Home,Maharashtra,Mumbai
"19.238, 73.129",19.2381636,73.1294602,1,Pandit Accident Hospital and Spine Care Centre,Maharashtra,Ahmednagar
"19.241, 72.869",19.2406676,72.8685001,1,Balaji Polyclinic and Criticare Centre,Maharashtra,Mumbai
"19.243, 72.867",19.2434168,72.8671305,1,Vishwanath Hospital,Maharashtra,Mumbai
"19.244, 72.852",19.2437052,72.8515283,1,Dr. Trivedi Eye Hospital,Gujarat,Bharuch
"19.244, 72.866",19.243804,72.865917,1,Total Woman Medical Centre - Dahisar,Maharashtra,Mumbai
"19.245, 72.848",19.2449206,72.8478044,1,Renuka Children Clinic and Medicare Centre,Maharashtra,Mumbai
"19.247, 72.85",19.2465825,72.8502157,1,Seth Ent and Eye Clinic,Maharashtra,Mumbai
"19.247, 72.861",19.2467802,72.8610276,1,Kk Maternity And General Hospital,Maharashtra,Mumbai
"19.249, 72.85",19.2486286,72.8500441,1,Dr. Abhijit Mahadeo Valanju,Maharashtra,Mumbai
"19.251, 72.851",19.2505412,72.8506775,1,"Kaustubh Icu, Maternity Nursing Home",Maharashtra,Mumbai
"19.251, 72.858",19.2511357,72.8575344,1,Dr.Nikams Eye Care And Laser Centre,Maharashtra,Mumbai
"19.251, 72.86",19.2512619,72.8601956,1,Dr. M. L Dhawale Memorial Trust,Maharashtra,Mumbai
"19.252, 72.864",19.2515368,72.8637467,1,Rohit Nursing Home - Dahisar,Maharashtra,Mumbai
"19.253, 72.858",19.2530795,72.8575571,1,Dr Mandar Pandit Clinic,Maharashtra,Mumbai
"19.253, 72.972",19.2529011,72.9722983,1,K. M. C.Nursing Home and Polyclinic,Maharashtra,Thane
"19.254, 72.862",19.2540545,72.8620298,1,Abhinav Sushrut Hospital,Maharashtra,Mumbai
"19.254, 72.865",19.2542542,72.8646698,1,Akshit Maternity Home,Maharashtra,Mumbai
"19.256, 72.855",19.2564386,72.8546344,1,Sukhsagar Hospital,Maharashtra,Mumbai
"19.256, 72.875",19.2559121,72.8749632,1,Parijat Child Health Clinic,Maharashtra,Mumbai
"19.258, 76.774",19.2576585,76.7735879,1,Onkar Netra Rugnalaya,Maharashtra,Parbhani
"19.259, 72.864",19.2594417,72.8635548,1,Nupur Nursing Home - Kandivli,Maharashtra,Mumbai
"19.263, 76.767",19.2634515,76.766835,1,"Vimal Netralay, Vimal Lesar Centre",Maharashtra,Parbhani
"19.265, 84.862",19.2647208,84.8620054,1,Raj Lakshmi Chikitsa Kendra,Bihar,Patna
"19.269, 73.046",19.2687576,73.0458775,1,MK Hospital,Haryana,Bhiwani
"19.27, 72.872",19.2697321,72.8720581,1,Bhakti Vedanta Hospital,Maharashtra,Thane
"19.276, 72.864",19.2757,72.86424,1,Om Sai Ent Clinic,Maharashtra,Thane
"19.277, 72.859",19.277098,72.8591019,1,Gayatri Maternity and Ent Hospital,Maharashtra,Thane
"19.277, 72.874",19.2768266,72.8741682,1,Aryan Child Healthcare Centre,Maharashtra,Thane
"19.279, 72.868",19.2786329,72.8684561,1,Dr Suris Maternity And Surgical Nursing Home,Maharashtra,Thane
"19.28, 72.86",19.2797746,72.8601066,1,Better Sight and Research Center,Maharashtra,Thane
"19.28, 72.886",19.2798752,72.8855163,1,Hamzah Nursing Home,Maharashtra,Thane
"19.281, 73.048",19.2812547,73.0482912,1,Waris Nursing Home,Maharashtra,Thane
"19.294, 72.871",19.293624,72.8714864,1,Apex Kidney Care Pvt. Ltd (Mira Road),Maharashtra,Thane
"19.294, 73.06",19.2939579,73.0603317,1,Soham Hospital,Maharashtra,Thane
"19.296, 72.863",19.2961387,72.862607,1,Life Care Hospital,Maharashtra,Mumbai
"19.297, 72.856",19.2974558,72.8564721,1,Apple Hospital and Medical Centre,Maharashtra,Thane
"19.301, 73.056",19.3014127,73.056288,1,Tushar Clinic and Maternity Home,Maharashtra,Dhule
"19.303, 72.853",19.3025417,72.8526726,1,Kamala Eye Clinic,Maharashtra,Thane
"19.306, 72.85",19.3059613,72.8498129,1,Poonam Manav Seva Kendra,Maharashtra,Thane
"19.307, 72.853",19.3067454,72.8532606,1,Aditi Dental Clinic,Maharashtra,Thane
"19.307, 72.863",19.3069896,72.862504,1,Sai Aashirwad Hospital Iccu and Polyclinic,Maharashtra,Thane
"19.314, 72.855",19.3140139,72.8545942,1,Padamawati Maternity and Nursing Home,Maharashtra,Thane
"19.35, 75.219",19.350367,75.219372,1,Dwarka Nursing Home,Maharashtra,Ahmednagar
"19.381, 72.83",19.381244,72.830237,1,Madhura Nursing Home,Maharashtra,Mumbai
"19.384, 72.828",19.383948,72.827961,1,Chaphekar Iccu Diabetes Hospital - Vasai (W),Maharashtra,Thane
"19.387, 72.824",19.3872168,72.8236072,1,Dr. Sankhe Hospital,Maharashtra,Thane
"19.393, 74.649",19.392678,74.6488264,1,Sinare Hospital,Maharashtra,Ahmednagar
"19.394, 72.863",19.3942114,72.8633635,1,Dr. Goyal`S Children and General Hospital,Maharashtra,Thane
"19.428, 72.813",19.4277089,72.8133864,1,Sri Ram Hospital and Research Centre,Bihar,Sheikhpura
"19.455, 72.811",19.4553515,72.8113716,1,Gayatri Hi Tech Hospital and Research Center,Maharashtra,Solapur
"19.456, 73.33",19.4559236,73.3296037,1,Taluk Health Office,Karnataka,Yadgir
"19.461, 72.817",19.4607404,72.817476,1,Ganesh Hospital,Maharashtra,Thane
"19.462, 72.778",19.4618817,72.7776581,1,Vijay Ent Hospital,Maharashtra,Thane
"19.478, 75.385",19.4776906,75.3849382,1,Devgiri Nurising Home,Maharashtra,Aurangabad
"19.528, 74.965",19.5278548,74.9650339,1,Fairbank James Frienship Memorial Hospital,Maharashtra,Ahmednagar
"19.541, 74.005",19.5406298,74.005428,1,Bule Hospital,Maharashtra,Ahmednagar
"19.567, 74.648",19.5674683,74.6483767,1,Vardaan Women Hospital,Gujarat,Sabar kantha
"19.573, 74.21",19.5734126,74.2098618,1,Pophale Hospital Pvt Ltd,Maharashtra,Ahmednagar
"19.574, 75.127",19.5742085,75.1269885,1,Dr Pawar Hospital,Maharashtra,Aurangabad
"19.617, 74.657",19.6168292,74.6570733,1,Lifeworth Super Speciality Hospital / Pjlnm Medical College,Chhattisgarh,Raipur
"19.62, 74.67",19.6195601,74.6695931,1,Manas-Deep Psychitry And Neurocare Center,Maharashtra,Ahmednagar
"19.62, 74.676",19.6199519,74.6758693,1,Padghau Hospital,Maharashtra,Ahmednagar
"19.622, 74.658",19.6222323,74.6576091,1,Sakhar Kamhgar Hospital Trust Gangadhar Ogale Hospital,Maharashtra,Ahmednagar
"19.623, 74.654",19.6226389,74.6539497,1,Shridhar Eye Hospital Phaco Centre,Maharashtra,Ahmednagar
"19.623, 74.656",19.6231984,74.6562597,1,Gosavi Nursing Home,Maharashtra,Ahmednagar
"19.669, 74.158",19.669412,74.1583547,1,Parijat Hospital,Maharashtra,Nashik
"19.675, 77.308",19.6751188,77.3079806,1,Dirghayu Hospital and Nursing Home,Maharashtra,Hingoli
"19.713, 77.144",19.712551,77.1435107,1,Sudha Hospital,Maharashtra,Ahmednagar
"19.724, 81.242",19.723535,81.2424108,1,Ramkrishna Mission Hospital,Chhattisgarh,Narayanpur
"19.767, 74.477",19.7668633,74.4772614,1,Deshmukh General Hospital,Maharashtra,Ahmednagar
"19.767, 74.62",19.7666681,74.6195474,1,Appa Saheb Dhanvate Memorial Hospital,Maharashtra,Ahmednagar
"19.787, 74.068",19.7865252,74.0678281,1,Narayana Hrudayalaya Csi Hospital,Karnataka,Bengaluru Urban
"19.789, 74.473",19.7885349,74.4730782,1,Vatsalya Hospital,Maharashtra,Ahmednagar
"19.8, 74.465",19.8004226,74.4646954,1,Shri Sai Clinic and Hospital,Maharashtra,Ahmednagar
"19.823, 75.21",19.8231811,75.2099821,1,Orbit Eye Clinic,Maharashtra,Mumbai
"19.824, 75.881",19.8236021,75.8813128,1,Aai Maternity Hospital and Nursing Home,Maharashtra,Jalna
"19.83, 75.879",19.8300434,75.8792975,1,Palkar Eye Hospital,Maharashtra,Sangli
"19.838, 75.907",19.8383246,75.9071272,1,Mathruchaya Hospital,Maharashtra,Jalna
"19.842, 75.247",19.8420404,75.2469317,1,Balaji Medical and General Store,Maharashtra,Aurangabad
"19.843, 75.916",19.8429404,75.9156623,1,Sri Ganapathi Nethralaya,Maharashtra,Jalna
"19.843, 75.927",19.8434828,75.9271494,1,Mantri Surgical And Maternity Hospital - Jalna,Maharashtra,Jalna
"19.845, 75.911",19.8451639,75.910757,1,Dhankani Hospital,Maharashtra,Jalna
"19.846, 75.907",19.8458703,75.9070488,1,Jai Shree Hospital,Maharashtra,Jalna
"19.847, 73.99",19.846848,73.9903262,1,Yashwant Multispeciality Hospital Pvt Ltd,Maharashtra,Nashik
"19.849, 75.905",19.8489257,75.9054938,1,Sahyadri -Jalna Mission Hospital,Maharashtra,Jalna
"19.85, 75.308",19.8502643,75.3076904,1,Kamalnayan Bajaj Rugnalay,Maharashtra,Aurangabad
"19.851, 75.349",19.8511097,75.3492776,1,M.M.R.I. Kamalnayan Bajaj Hospital,Maharashtra,Aurangabad
"19.854, 75.905",19.8537359,75.9048416,1,Gopal Hospital,Maharashtra,Jalna
"19.859, 75.356",19.8586438,75.3557927,1,Manik Hospital and Research Center Pvt Ltd,Maharashtra,Aurangabad
"19.862, 75.314",19.8624449,75.3144791,1,Sushila Netralaya,Maharashtra,Aurangabad
"19.862, 75.347",19.8622077,75.3472723,1,Ramkrupa Maternity and Nursing Home,Maharashtra,Aurangabad
"19.863, 75.313",19.8630368,75.3127929,1,Yogeshwari Hospital,Maharashtra,Beed
"19.863, 75.342",19.8629648,75.342311,1,Ankur Maternity and Eye Hospital,Maharashtra,Aurangabad
"19.863, 75.364",19.8631171,75.3636602,1,Mit Hospital and Research Centre,Maharashtra,Aurangabad
"19.864, 75.311",19.8639613,75.3108699,1,Patwardhan Hospital,Maharashtra,Aurangabad
"19.864, 75.336",19.8635343,75.3358928,1,"Aastha Nursing Home And Critical Care Center,Auran",Maharashtra,Aurangabad
"19.864, 75.354",19.8638512,75.3541859,1,Gade Hospital,Maharashtra,Aurangabad
"19.867, 75.311",19.8668745,75.3114828,1,Dumir Maternity and Nursing Home,Maharashtra,Aurangabad
"19.867, 75.338",19.8665632,75.3375739,1,K C H Kandharkar Hospital,Maharashtra,Aurangabad
"19.868, 75.35",19.8682025,75.3503969,1,Dr. Hedgewar Rugnalya - Aurangabad,Maharashtra,Aurangabad
"19.869, 75.349",19.8694896,75.3488732,1,Mauli Children Hospital,Maharashtra,Aurangabad
"19.869, 75.377",19.8688216,75.3773741,1,Bharat Hospital and Nursing Home,Maharashtra,Aurangabad
"19.87, 75.32",19.87022,75.3201849,1,Shri Tirupati Diagnostic Centre,Maharashtra,Aurangabad
"19.87, 75.332",19.8704331,75.3317435,1,Suniti Nursing Home,Maharashtra,Aurangabad
"19.875, 75.331",19.874986,75.330618,1,Neo Clinic,Maharashtra,Aurangabad
"19.875, 75.352",19.8750392,75.3523681,1,Matruseva Hospital,Maharashtra,Jalna
"19.875, 75.359",19.8747935,75.3588641,1,Indian Academy Of Acupuncture Science,Maharashtra,Aurangabad
"19.875, 75.362",19.874953,75.362316,1,Sumananjali Nursing Home,Maharashtra,Aurangabad
"19.876, 75.344",19.8763364,75.3442059,1,Dr. Totla Hospital,Maharashtra,Aurangabad
"19.876, 75.345",19.876453,75.3454179,1,Soni Hospital,Maharashtra,Aurangabad
"19.877, 75.323",19.8771878,75.3228386,1,Hazari Nursing Home,Maharashtra,Aurangabad
"19.878, 75.319",19.8784805,75.3194713,1,Joshi Hospital,Maharashtra,Aurangabad
"19.878, 75.329",19.8778328,75.3293823,1,Shewale Hospital,Maharashtra,Aurangabad
"19.882, 75.359",19.8823567,75.359254,1,Krushnai Maternity and Nursing Home,Maharashtra,Aurangabad
"19.883, 75.357",19.8834604,75.3572501,1,Medical Center,Maharashtra,Aurangabad
"19.885, 75.323",19.884736,75.3226486,1,Sachin Hosptial.,Maharashtra,Aurangabad
"19.887, 75.32",19.8872157,75.3201484,1,Shree Gajanand Ayurved Chikitsalay,Maharashtra,Aurangabad
"19.888, 75.316",19.8875183,75.3156324,1,Dev Orthopaedic Hospital,Gujarat,Patan
"19.888, 75.328",19.887891,75.3277349,1,Insha Surgical Hospital,Maharashtra,Aurangabad
"19.888, 75.329",19.8883922,75.3285803,1,Aurangabad Hospital,Maharashtra,Aurangabad
"19.889, 75.322",19.8886014,75.3217165,1,Prestige Hospital,Maharashtra,Aurangabad
"19.901, 75.355",19.9007195,75.3551081,1,Dwarka Hospital,Maharashtra,Aurangabad
"19.901, 75.356",19.9006617,75.3561924,1,Gurde Hospital,Maharashtra,Aurangabad
"19.905, 75.351",19.9054217,75.3514963,1,Rasha Maternity and Nursing Home,Maharashtra,Aurangabad
"19.906, 73.824",19.906167,73.8242621,1,Cantoment General Hospital,Maharashtra,Nashik
"19.906, 75.347",19.9063768,75.3465569,1,Sakolkar Charitable Hosp and Research Centre,Maharashtra,Aurangabad
"19.921, 73.883",19.9205556,73.8834629,1,Muktai Hospital,Maharashtra,Nashik
"19.937, 73.536",19.9373638,73.5363557,1,Chiranjeev Hospital,Maharashtra,Nashik
"19.937, 73.73",19.9366469,73.7296324,1,Nasik Health CareandResearch Centre Pvt.Ltd,Maharashtra,Nashik
"19.945, 79.294",19.9452847,79.2939916,1,Ankur Hospital,Maharashtra,Chandrapur
"19.946, 79.296",19.9456815,79.2958602,1,Katyayini Rugnalaya,Maharashtra,Chandrapur
"19.953, 73.836",19.9526325,73.8361676,1,Om Hospital,Maharashtra,Nashik
"19.954, 73.774",19.9540988,73.7741237,1,"Ashwini Hospital, Beed",Maharashtra,Beed
"19.954, 73.831",19.95437,73.830506,1,Patil Eye Hospital,Maharashtra,Pune
"19.959, 73.831",19.9588531,73.8314402,1,Sujata Birla Hospital And Medical Research Centre,Maharashtra,Nashik
"19.96, 73.832",19.9601542,73.8318448,1,Bhangdia Hospital,Maharashtra,Nashik
"19.968, 79.289",19.9682208,79.2888043,1,Vyankatesh Hospital And Research Centre - Chandrapur,Maharashtra,Chandrapur
"19.968, 79.3",19.9682642,79.3000373,1,Christ Hospital,Maharashtra,Chandrapur
"19.968, 79.307",19.9677804,79.307088,1,Shri Mahvir Surgical Hospital,Maharashtra,Chandrapur
"19.97, 73.83",19.9702929,73.8301437,1,Chirayu Childrens Hospital,Maharashtra,Nashik
"19.971, 73.749",19.9713889,73.748883,1,Gupta Medical Hospital and Icu,Gujarat,Surat
"19.972, 73.784",19.971516,73.7843031,1,Anand Hospital and Nursing Home,Maharashtra,Nashik
"19.974, 73.822",19.9738747,73.8220773,1,Shushrusha Hospital,Maharashtra,Nashik
"19.974, 79.276",19.9740761,79.2761515,1,Prem Sudha Netralaya,Maharashtra,Chandrapur
"19.975, 73.815",19.9753577,73.8147042,1,Asha Kendra Hospital - Nashik,Maharashtra,Nashik
"19.975, 79.322",19.9745481,79.3222513,1,Coal City Hospital,Maharashtra,Chandrapur
"19.979, 73.748",19.9791248,73.7483628,1,Aashray Surgical and Trauma Care,Gujarat,Ahmedabad
"19.98, 74.491",19.9801298,74.490931,1,Ameya Medical Foundation Garud Hospital and Research Institute,Maharashtra,Ahmednagar
"19.981, 79.279",19.9806313,79.2785277,1,Ladukar Hospital,Maharashtra,Chandrapur
"19.985, 73.747",19.9849312,73.7470502,1,Chavan Multispeciality Hospital,Maharashtra,Nashik
"19.986, 73.787",19.986082,73.786874,1,Dr. Deshkar Nursing Home,Chhattisgarh,Bilaspur
"19.987, 73.785",19.9867752,73.7846144,1,Vasan Eye Care Hospital - Nasik,Maharashtra,Nashik
"19.987, 73.796",19.987224,73.79615,1,Tulasi Eye Hospital,Maharashtra,Nashik
"19.989, 73.793",19.988609,73.79288,1,Sai General Hospital,Maharashtra,Pune
"19.991, 73.734",19.9909447,73.7342599,1,Dr. Karad Hospital,Maharashtra,Nashik
"19.991, 73.779",19.9913186,73.7794599,1,Kute Eye Hospital,Maharashtra,Nashik
"19.991, 73.799",19.9905766,73.7987556,1,Lifeline Hospital and Medical Reasearch Centre (I) P. Ltd.,Maharashtra,Nashik
"19.996, 73.779",19.9963526,73.7785846,1,Thakar Hospital,Maharashtra,Nashik
"19.997, 73.767",19.9968428,73.7670076,1,Ankur Fertility and Endoscopy Centre Pvt.Ltd,Maharashtra,Nashik
"20.0, 73.785",20.000093,73.784804,1,"Shree Saibaba Heart Insititue and Research Center Pvt. Ltd.,",Maharashtra,Nashik
"20.001, 73.787",20.0010384,73.7870297,1,Anand Hospital and Premature Baby Care Centre,Maharashtra,Nashik
"20.002, 73.773",20.0019211,73.7732504,1,Shruti Hospital,Maharashtra,Nashik
"20.002, 73.775",20.0018737,73.7745676,1,Sushrut Hospital,Maharashtra,Nashik
"20.003, 73.772",20.0027364,73.7717237,1,Krishna Hospital And Critical Care Centre,Maharashtra,Nashik
"20.003, 79.282",20.0032604,79.282472,1,Vasant Netralaya,Maharashtra,Chandrapur
"20.005, 73.776",20.0054774,73.7755486,1,"Vidula Nursing Home,Fertility Clinic",Maharashtra,Nashik
"20.005, 73.784",20.004718,73.7838994,1,Healing Touch Angiography and Cardiac Surgery Centre Pvt. Ltd.,Maharashtra,Nashik
"20.005, 73.785",20.0054511,73.7849245,1,Kasliwal Hospital,Maharashtra,Nashik
"20.006, 73.786",20.0055026,73.7860759,1,Bhaskar Ent Hospital,Maharashtra,Nashik
"20.007, 73.76",20.0069641,73.7600406,1,Dr. Bhambri Hospital,Maharashtra,Nashik
"20.007, 73.761",20.0065414,73.7610774,1,Sushil Eye Hospital and Brahama Laser Center,Maharashtra,Nashik
"20.007, 73.767",20.0073753,73.7673653,1,Navkar Eye Clinic,Maharashtra,Nashik
"20.008, 73.756",20.0075919,73.7556921,1,Nirgude Nursing Home,Maharashtra,Nashik
"20.008, 73.771",20.007765,73.7705437,1,Shri Samarth Super Speciality Hospital (Rishikesh Medical Foundation And Research Centre) - Nasik,Maharashtra,Nashik
"20.009, 73.784",20.008742,73.7838784,1,Seeta Maternity and Surgical Nursing Home,Maharashtra,Nashik
"20.01, 73.793",20.010347,73.793341,1,Shraddha Eye Hospital,Maharashtra,Nashik
"20.01, 73.794",20.0100436,73.7938473,1,Ramalayam Hospital,Maharashtra,Nashik
"20.01, 73.795",20.0103573,73.7953654,1,Shri Sai Multispeciality and Research Centre,Maharashtra,Nashik
"20.012, 73.786",20.012327,73.785743,1,Nath Nursing Home,Haryana,Jind
"20.017, 79.511",20.0172931,79.510891,1,Sushrut Surgical Hospital,Maharashtra,Chandrapur
"20.024, 75.162",20.0238247,75.1618345,1,Modasa Surgical Hospital,Gujarat,Sabar kantha
"20.036, 73.804",20.0358592,73.8039261,1,Sri Vighneshwara Hospital,Karnataka,Shivamogga
"20.047, 74.482",20.0471229,74.4818698,1,Sonawane Hospital,Maharashtra,Nashik
"20.086, 74.045",20.0855931,74.0447003,1,Dr Shinde Hospital and Research Centre,Maharashtra,Nashik
"20.149, 76.569",20.1493562,76.5686427,1,Ajanta Hospital,Maharashtra,Buldhana
"20.173, 72.763",20.1728327,72.7626184,1,Chc Umargam,Gujarat,Valsad
"20.181, 73.017",20.1808672,73.0169135,1,Smt. Ramaben Maternity and General Hospital,Dadra and Nagar Haveli,Dadra and Nagar Haveli
"20.251, 74.437",20.2511789,74.4366016,1,Bhandari Hospital,Maharashtra,Ahmednagar
"20.276, 72.886",20.2758516,72.8863469,1,Shreeji Hospital,Gujarat,Valsad
"20.276, 73.008",20.2762659,73.0083061,1,Smt. Ramaben Maternity and General Hospital,Goa,North Goa
"20.291, 73.023",20.2909881,73.0228173,1,Yogi Hospital,Dadra and Nagar Haveli,Dadra and Nagar Haveli
"20.293, 81.075",20.2931631,81.0745095,1,Gautam Hospital,Chhattisgarh,Kanker
"20.341, 76.267",20.3412,76.2668875,1,Saoji Hospital,Maharashtra,Nagpur
"20.344, 73.218",20.344189,73.2182945,1,Chc Kaprada,Gujarat,Valsad
"20.346, 72.936",20.346079,72.9363513,1,Usha Hospital,Gujarat,Valsad
"20.363, 72.921",20.363429,72.9212189,1,Amardeep Eye Hospital,Gujarat,Navsari
"20.363, 72.94",20.3634554,72.9401509,1,T R Memorial Hospital,Gujarat,Valsad
"20.374, 72.921",20.3744113,72.9213204,1,Surya Hospital,Gujarat,Valsad
"20.377, 72.928",20.3772047,72.9279219,1,Maa Maternity Home,Gujarat,Valsad
"20.382, 72.919",20.3815586,72.9194798,1,Haria Lg Rotary Hospital,Gujarat,Valsad
"20.408, 72.834",20.4080193,72.8343123,1,"Government Hospital, Daman",Daman and Diu,Daman
"20.411, 72.892",20.4110465,72.8917256,1,Hansa clinic and hospital,Daman and Diu,Daman
"20.418, 72.846",20.418249,72.8456149,1,Life Care Multispeciality Hospital,Daman and Diu,Daman
"20.422, 72.83",20.4222709,72.8301306,1,Ashok Hospital,Daman and Diu,Daman
"20.439, 72.999",20.438549,72.9992013,1,Chc Rohinaa,Gujarat,Valsad
"20.464, 75.01",20.4636683,75.0103978,1,Matoshri Accident Hospital,Maharashtra,Jalgaon
"20.465, 75.009",20.4647737,75.0091909,1,Siddhi Vinayak Medicentres Pvt. Ltd.,Maharashtra,Jalgaon
"20.47, 85.888",20.4697957,85.8883197,1,Nishi Nursing Home and Hospital,Bihar,Sheikhpura
"20.476, 85.869",20.4764225,85.868669,1,Arihant Hospital,Chhattisgarh,Surguja
"20.51, 72.944",20.5104362,72.9436653,1,Drushti Eye Hospital,Gujarat,Valsad
"20.526, 76.179",20.5264912,76.1794078,1,"Dr. Chinchole Eye Hospital, Eye Bank and Laser Centre",Maharashtra,Buldhana
"20.527, 76.172",20.5266964,76.1722376,1,Vasantprabha Hi-Tech Multispeciality Hospital,Maharashtra,Buldhana
"20.529, 76.184",20.5292147,76.1841701,1,Shree Tuljai Fracture and Accident Hospital,Maharashtra,Buldhana
"20.535, 76.17",20.534505,76.1702913,1,Abhijat Multipurpose Society Buldhana,Maharashtra,Buldhana
"20.556, 74.525",20.5561068,74.5248653,1,Bhamare Hospital - Malegaon-Camp,Maharashtra,Nashik
"20.571, 75.144",20.5714077,75.1443226,1,"Shraddha Hospital, Jalgaon",Maharashtra,Jalgaon
"20.574, 74.508",20.5741672,74.508242,1,Susmit Nursing Home,Maharashtra,Nashik
"20.574, 74.51",20.5735503,74.509588,1,B. S. Bhandari Rotary Eye Hospital,Maharashtra,Nashik
"20.584, 75.669",20.5839788,75.6691074,1,Vivekanand Polyclinic,Maharashtra,Aurangabad
"20.594, 78.963",20.593684,78.96288,1,Atharva Hospital Criticare General and Dental Centre,Maharashtra,Jalgaon
"20.603, 74.194",20.6031151,74.1938657,1,Anjani Hospital,Maharashtra,Nashik
"20.609, 72.927",20.6089309,72.926635,1,Padma Clinic,Gujarat,Valsad
"20.609, 79.858",20.6086238,79.8581874,1,Shankar Netralaya,Maharashtra,Chandrapur
"20.61, 72.927",20.6096554,72.9272785,1,Shri Rang Orthopaedic Hospital Valsad,Gujarat,Valsad
"20.611, 72.926",20.6110639,72.9264934,1,Swiec Clinic (Shree Sainath Women's Infertility And Endoscopy Centre),Gujarat,Valsad
"20.612, 72.929",20.611587,72.9288049,1,Smt Lilaben Chimanlal Parikh Cancer Centre,Gujarat,Navsari
"20.661, 75.336",20.6607735,75.3357541,1,Swami Samarth Hospital,Maharashtra,Solapur
"20.701, 81.554",20.7014999,81.5541579,1,CHC Nagari,Chhattisgarh,Dhamtari
"20.705, 76.565",20.7053115,76.5654948,1,Nayandeep Netra Regunalaya,Maharashtra,Buldhana
"20.705, 76.983",20.704527,76.9834013,1,Shubhamkaroti Hospital and Maternity Home,Maharashtra,Akola
"20.713, 76.998",20.7126659,76.9977152,1,Jaipuria Hospital,Maharashtra,Akola
"20.714, 76.563",20.7137603,76.563408,1,Vyanktesh Children Hospital And Premature Baby Uni,Maharashtra,Buldhana
"20.719, 77.018",20.718763,77.0175832,1,Phadke Hospital,Maharashtra,Akola
"20.721, 77.003",20.720588,77.0031863,1,Cotton City Hospital and Critical Care Centre,Maharashtra,Akola
"20.73, 77.368",20.7296406,77.3678934,1,Sushiladevi Sharma Hospital,Maharashtra,Akola
"20.747, 81.848",20.7467534,81.848391,1,CHC Magarload,Chhattisgarh,Dhamtari
"20.75, 73.06",20.7496922,73.0604504,1,Vivek Nursing Home,Gujarat,Navsari
"20.754, 79.884",20.7540125,79.8841831,1,Anand Nursing Home,Maharashtra,Kolhapur
"20.758, 73.364",20.7579323,73.3640381,1,Udit Hospital and I.C.U.,Gujarat,Navsari
"20.764, 72.973",20.763852,72.972648,1,Adarsh Hospital,Gujarat,Navsari
"20.768, 72.973",20.7681448,72.9730662,1,Navin Maternity and Surgical Nursing Home,Gujarat,Anand
"20.772, 72.971",20.7715283,72.9710944,1,Vidya Nursing Home,Gujarat,Navsari
"20.81, 72.996",20.8098896,72.9959595,1,Chc - Gandevi,Gujarat,Navsari
"20.811, 75.766",20.8108512,75.7662705,1,Kamal Hospital and Maternity Home,Maharashtra,Jalgaon
"20.832, 81.717",20.8321524,81.717157,1,CHC Kurud,Chhattisgarh,Dhamtari
"20.867, 74.774",20.8674848,74.7744206,1,Aastha Intensive Care Centre,Maharashtra,Dhule
"20.881, 74.776",20.8814387,74.7761311,1,"Om Medical Foundation and Research Centre, Tirupati",Maharashtra,Dhule
"20.896, 77.749",20.8963066,77.7494585,1,Arihant Hospital,Maharashtra,Amravati
"20.901, 74.782",20.901455,74.782303,1,Patil Accident Hospital,Maharashtra,Dhule
"20.908, 75.057",20.9077291,75.0569201,1,Sudeep Hospital,Maharashtra,Jalgaon
"20.912, 70.363",20.9117889,70.3630409,1,Dr.Dahyabhai Kalaria,Gujarat,Junagadh
"20.912, 74.767",20.9115249,74.7667146,1,Vimal Maternity Home and Gajanan Infertility Clinic,Maharashtra,Dhule
"20.913, 74.769",20.9132534,74.7685139,1,Sudha Health Care Pvt. Ltd,Maharashtra,Dhule
"20.913, 74.77",20.9125164,74.7696402,1,Chirantan Hospital,Maharashtra,Dhule
"20.913, 81.303",20.9133765,81.3029915,1,Shaheed Hospital,Chhattisgarh,Durg
"20.925, 74.777",20.9245158,74.7769682,1,Maher Hospital,Maharashtra,Dhule
"20.925, 77.765",20.9250605,77.7653968,1,Dr. Sawai Maternity and Children Hospital,Maharashtra,Amravati
"20.931, 73.777",20.9311603,73.7772032,1,Sanjivani Hospital,Gujarat,Dang
"20.932, 77.758",20.9315561,77.7584403,1,Dayasagar Hospital,Maharashtra,Amravati
"20.932, 77.761",20.9321531,77.7613832,1,Deshmukh Eye Hospital Retina Care Centre,Maharashtra,Amravati
"20.934, 77.757",20.9339963,77.7573562,1,Dr Murkey Aayushkam Balrugnalaya,Maharashtra,Amravati
"20.935, 77.766",20.9354989,77.7660315,1,Samyukta Surgical and Maternity Hospital,Maharashtra,Amravati
"20.937, 77.762",20.9372842,77.7616587,1,Mahaveer Hospital and Medical Research Centre,Maharashtra,Amravati
"20.941, 72.939",20.9413908,72.9386745,1,Aashirwad Eye Hospital and Laser Center,Gujarat,Navsari
"20.941, 72.97",20.9409433,72.9700556,1,S K U M L Gandevi Sarvajanik Hospital,Gujarat,Navsari
"20.942, 86.124",20.9417146,86.123971,1,Sree Aswini Hospital,Andhra Pradesh,Kurnool
"20.946, 72.936",20.9463302,72.9356918,1,D N Mehta Sarvajanik Hospital,Gujarat,Navsari
"20.948, 72.902",20.947685,72.9024348,1,Amrutlal Desai Hospital,Gujarat,Navsari
"20.95, 77.778",20.950076,77.7780358,1,Boob Nursing Home,Maharashtra,Amravati
"20.952, 77.765",20.9515106,77.7646088,1,Chaudhary Hospital,Maharashtra,Amravati
"20.954, 72.938",20.9536338,72.9378824,1,Bodalia Hospital,Gujarat,Navsari
"20.961, 77.782",20.9610945,77.7822296,1,Dr Vijay Agrawal Eye Clinic,Maharashtra,Amravati
"20.964, 77.766",20.9639721,77.7659498,1,Snehagandha Hospital,Maharashtra,Amravati
"20.968, 81.859",20.967525,81.8589111,1,Chhatisgarh Hospital,Chhattisgarh,Raipur
"20.985, 75.534",20.9849488,75.5339602,1,Shanti Orthopaedics Hospital and Reseaech Centre,Maharashtra,Jalgaon
"20.995, 75.549",20.9947279,75.548853,1,Vardan Maternity Hospital,Maharashtra,Jalgaon
"21.001, 75.567",21.000695,75.5666551,1,Kolhe Hospital,Maharashtra,Jalgaon
"21.002, 75.561",21.0023456,75.5609943,1,Dr Sunil V Chaudhari Hospital,Maharashtra,Jalgaon
"21.003, 75.563",21.0034827,75.5634647,1,Dipika Hospital,Maharashtra,Jalgaon
"21.007, 75.567",21.0067779,75.5668294,1,Nemade Hospital and Nemade Institute Of Psychiatry,Maharashtra,Jalgaon
"21.009, 75.567",21.0094897,75.56697,1,"Sanjivani Hospital, Jalgaon",Maharashtra,Jalgaon
"21.01, 75.558",21.010216,75.557656,1,Nityaseva Nursing Home,Maharashtra,Jalgaon
"21.011, 75.548",21.0112063,75.5483828,1,Srushti Hospital,Maharashtra,Jalgaon
"21.012, 75.548",21.0118138,75.5479487,1,Kusumshri Nursing Home,Maharashtra,Jalgaon
"21.013, 75.566",21.0133406,75.5661144,1,Padmavati Hospital,Maharashtra,Jalgaon
"21.014, 75.54",21.0140295,75.5399651,1,Ganpati Hospital - Jalgaon,Maharashtra,Jalgaon
"21.016, 75.565",21.0158526,75.564787,1,Athavale Eye Care And Laser Centre,Maharashtra,Jalgaon
"21.018, 73.14",21.0177694,73.1404768,1,C.H.C.Mahuva,Gujarat,Surat
"21.018, 75.568",21.017608,75.567886,1,Arya Hospital,Maharashtra,Jalgaon
"21.02, 73.139",21.019562,73.1393861,1,C.H.C.Anaval,Gujarat,Surat
"21.037, 72.951",21.0367407,72.9508549,1,Yashfeen Hospital,Gujarat,Navsari
"21.038, 75.781",21.0377458,75.781014,1,Godavari Hospital and Maternity Home,Maharashtra,Jalgaon
"21.038, 81.547",21.0376659,81.5466669,1,District Hospital,Chhattisgarh,Dhamtari
"21.054, 75.78",21.0535967,75.7803892,1,Dawalbhakta Eye Hospital,Maharashtra,Jalgaon
"21.054, 81.751",21.0541622,81.7513551,1,Shri Hari Hospital,Chhattisgarh,Raipur
"21.056, 70.529",21.0555636,70.5294682,1,Karmadeep Hospital,Gujarat,Junagadh
"21.082, 72.987",21.0822847,72.9870234,1,Yesha Clinic,Gujarat,Surat
"21.089, 71.762",21.0889358,71.7623632,1,Shanti Nursing Home Maternity Centre,Gujarat,Rajkot
"21.09, 71.763",21.0902399,71.7629895,1,Shreeji Surgical Hospital,Gujarat,Bhavnagar
"21.09, 79.065",21.0904483,79.0649992,1,Mamta Hospital,Maharashtra,Nagpur
"21.091, 79.065",21.090743,79.065355,1,Shat Ayu Critical Care Polytrauma Centre and Multispeciality Hospital,Maharashtra,Nagpur
"21.092, 71.764",21.0915337,71.7637823,1,Dholakia Eye Hospital and Laser Center,Gujarat,Bhavnagar
"21.097, 77.05",21.0970339,77.0504034,1,Shah Hospital Maternity Home and Urology Clinic,Maharashtra,Akola
"21.102, 79.067",21.1017293,79.0666241,1,Mahatme Eye Bank Eye Hospital,Maharashtra,Nagpur
"21.104, 79.074",21.1044389,79.0743915,1,Maxcare Hospital,Maharashtra,Nagpur
"21.105, 79.144",21.1049167,79.1438675,1,Mother and Child Care Hospital,Maharashtra,Nagpur
"21.106, 79.112",21.1060133,79.1122951,1,Keshav Hospital,Maharashtra,Nagpur
"21.107, 79.138",21.1070756,79.1379196,1,Cure It Hospital Pvt.Ltd,Maharashtra,Nagpur
"21.11, 73.39",21.1103655,73.3896117,1,Adarsh Children Hospital,Gujarat,Tapi
"21.111, 73.405",21.1106041,73.4050075,1,Bhulabhai Jivanji Patel Vaidkiya Trust,Gujarat,Tapi
"21.111, 79.064",21.1109485,79.0639453,1,Shreeji Hospital,Maharashtra,Nagpur
"21.111, 79.069",21.1106464,79.0692265,1,Arogyam Superspeciality Hospital,Maharashtra,Nagpur
"21.113, 79.065",21.1126271,79.0654828,1,Kothari Hospital,Maharashtra,Nagpur
"21.114, 79.058",21.113912,79.058124,1,Arogya Deep Hospital,Maharashtra,Jalgaon
"21.114, 79.067",21.113647,79.0667616,1,G.T. Memorial Hospital and Icu,Maharashtra,Nagpur
"21.116, 73.109",21.1159219,73.1086232,1,C.H.C.Bardoli,Gujarat,Surat
"21.116, 79.031",21.1157157,79.0313659,1,Akruti Hospital,Maharashtra,Nagpur
"21.116, 79.038",21.1162876,79.0375658,1,G. T. Padole Hospital,Maharashtra,Nagpur
"21.117, 70.116",21.1171698,70.1158113,1,Shifa Hospital - Mangrol,Gujarat,Junagadh
"21.117, 79.07",21.1169214,79.0700774,1,Desai Children And Surgical Hospital,Maharashtra,Nagpur
"21.118, 79.067",21.1179053,79.0666241,1,Dr. Sohoni Maternity Home And Infertility Clinic,Maharashtra,Nagpur
"21.118, 79.072",21.1176314,79.0715031,1,Dhawale Hospital,Maharashtra,Nagpur
"21.119, 79.073",21.1189474,79.0727106,1,Shushrusha Ortho and Spine Care Hospital,Maharashtra,Nagpur
"21.12, 79.113",21.120143,79.1125135,1,Muktai Nursing Home,Maharashtra,Nagpur
"21.123, 79.057",21.1230585,79.0574637,1,Avanti Institute Of Cardiology,Maharashtra,Nagpur
"21.123, 79.065",21.1226031,79.0645341,1,Sanjeevani Hospital,Maharashtra,Nagpur
"21.123, 79.12",21.1231683,79.1201093,1,Shree Hospitals and Critical Care Centre,Maharashtra,Nagpur
"21.124, 73.106",21.123773,73.105734,1,Dr Gandhi Orthopaedic Accident And Dental Care Ce,Gujarat,Surat
"21.125, 73.109",21.1245384,73.1091606,1,Jyoti Medical Hospital,Gujarat,Surat
"21.125, 79.113",21.1251997,79.1130272,1,Metro City Hospital,Maharashtra,Nagpur
"21.126, 79.055",21.125957,79.055013,1,Shantiniletan Nursing Home,Maharashtra,Nagpur
"21.126, 79.062",21.12618,79.061704,1,Central India Institute Of Medical Sciences,Maharashtra,Nagpur
"21.127, 79.064",21.1265359,79.064102,1,Eye Infirmary And Laser Centre,Maharashtra,Nagpur
"21.128, 73.112",21.1282469,73.1116957,1,Naisargee Medical Hospital,Gujarat,Surat
"21.132, 79.062",21.1316579,79.0621028,1,Rathi Hospital,Maharashtra,Nagpur
"21.132, 79.068",21.1318185,79.0683041,1,Krims Apollo Hospital,Maharashtra,Nagpur
"21.132, 79.113",21.1323737,79.1130618,1,Kurvey Hospital,Maharashtra,Nagpur
"21.133, 79.054",21.1325186,79.0540303,1,Wockhardt Heart Hospital,Maharashtra,Nagpur
"21.133, 79.07",21.132815,79.070385,1,Ketki Research Institute Of Medical Sciences Ltd.(Krims Hospital),Maharashtra,Nagpur
"21.133, 79.072",21.133301,79.0724966,1,Rajan New Born Care Unit,Maharashtra,Nagpur
"21.133, 79.103",21.13274,79.1026315,1,Deole Nusing Home,Maharashtra,Nagpur
"21.134, 79.074",21.1341427,79.0741423,1,Marathe Child Care Hospital,Maharashtra,Nagpur
"21.135, 79.106",21.1351745,79.1061609,1,Asha Bhavan Nurshing Home,Maharashtra,Nagpur
"21.135, 79.132",21.1352411,79.1324099,1,Geeta Prem Nursing Home,Maharashtra,Nagpur
"21.136, 79.068",21.1359884,79.0676833,1,Kamal Institute Of Andro-Urology,Maharashtra,Nagpur
"21.136, 79.071",21.1356319,79.0706844,1,Diabetes Care and Research Centre,Maharashtra,Nagpur
"21.136, 79.076",21.1358315,79.0764793,1,Indrayani Speciality Hospital,Maharashtra,Nagpur
"21.136, 79.082",21.1355197,79.0819749,1,Crescent Nursing Home and Iccu,Maharashtra,Nagpur
"21.137, 79.066",21.1368855,79.0655566,1,Zenith Hospital,Maharashtra,Nagpur
"21.137, 79.071",21.136708,79.070975,1,Vantika Hospital,Maharashtra,Nagpur
"21.137, 79.079",21.1374175,79.0790442,1,Gandhi Hospital,Maharashtra,Nagpur
"21.137, 79.117",21.1365948,79.1167483,1,Samadhan Hospital(Ayurved Panchakarma Hospital And Research Centre),Maharashtra,Nagpur
"21.137, 81.264",21.1369533,81.2644438,1,Rajiv Lochan Hospital,Chhattisgarh,Durg
"21.139, 79.06",21.1391038,79.0603517,1,Chaitanya Maternity Home and Endoscopy Center,Maharashtra,Nagpur
"21.139, 79.077",21.1388465,79.0773144,1,Sawarbandhe Multispeciality Hospital,Maharashtra,Nagpur
"21.139, 79.104",21.1393425,79.1040502,1,Patil Hospital,Maharashtra,Nagpur
"21.14, 79.058",21.1404647,79.0582614,1,Dr Kg Deshpande Memorial Centre,Maharashtra,Nagpur
"21.14, 79.059",21.13982,79.059308,1,Sankalp Maternity Hospital,Maharashtra,Nagpur
"21.14, 79.063",21.1397082,79.0631071,1,Surgicare Clinic,Maharashtra,Nagpur
"21.141, 79.079",21.1414848,79.0793786,1,Deshpande Nursing Home,Maharashtra,Nagpur
"21.143, 72.843",21.1431152,72.8431097,1,"Eye-Q Super Speciality Eye Hospitals, Udhana",Gujarat,Surat
"21.143, 79.061",21.1428126,79.0610504,1,Om Surgical Hospital And Trauma Centre,Maharashtra,Nagpur
"21.144, 72.848",21.1435001,72.8475029,1,Chirag Hospital,Gujarat,Sabar kantha
"21.144, 79.105",21.143775,79.105022,1,Matru Sewa Sangh,Maharashtra,Nagpur
"21.147, 79.059",21.1471661,79.0593234,1,Sengupta Hospital And Research Institute,Maharashtra,Nagpur
"21.147, 79.142",21.1473749,79.1415498,1,Thakkar Nursing Home,Maharashtra,Nagpur
"21.148, 79.084",21.1477276,79.0842765,1,Chandak Nursing Home,Maharashtra,Nagpur
"21.148, 79.137",21.1480606,79.136747,1,Dr Choubeys East End Hospital,Maharashtra,Nagpur
"21.148, 79.143",21.148059,79.1432428,1,Shri Radhakrishna Hospital And Research Institute,Maharashtra,Nagpur
"21.15, 79.103",21.1503884,79.1026315,1,Vyas Hospital,Maharashtra,Nagpur
"21.151, 75.886",21.1506344,75.8859349,1,Madhu-Prabhab Childrens Hospital,Maharashtra,Jalgaon
"21.151, 79.148",21.1505513,79.1476061,1,Tikhile Maternity And Nursing Home,Maharashtra,Nagpur
"21.153, 72.832",21.1532119,72.8324403,1,Verma Children Hospital,Gujarat,Surat
"21.153, 79.019",21.1529277,79.0194777,1,Hatwar Nursing Home,Maharashtra,Nagpur
"21.153, 79.073",21.1528765,79.0729793,1,Sinha Hospital,Maharashtra,Nagpur
"21.153, 79.11",21.1533573,79.1096031,1,Baheti Hospital,Maharashtra,Nagpur
"21.154, 79.111",21.1538784,79.1111018,1,CGHS Dispensary No.4,Maharashtra,Nagpur
"21.156, 79.094",21.1557221,79.0941604,1,Hadi Children Hospital,Maharashtra,Nagpur
"21.158, 79.131",21.157998,79.130612,1,Khidmat Hospital,Maharashtra,Nagpur
"21.161, 79.123",21.160784,79.1228703,1,Taj Nursing Home,Maharashtra,Nagpur
"21.162, 72.812",21.1618314,72.8120345,1,Vivek Nursing Home,Gujarat,Surat
"21.162, 72.963",21.1624598,72.9631341,1,Mody General Hospital,Gujarat,Surat
"21.163, 79.085",21.1632814,79.0853108,1,Naidu Hospital,Maharashtra,Nagpur
"21.163, 81.335",21.1634841,81.3348728,1,Shri Vinayak Hospital,Chhattisgarh,Durg
"21.164, 79.652",21.1639455,79.6524911,1,Sahayog Hospital,Maharashtra,Bhandara
"21.167, 79.109",21.1673769,79.108903,1,Zaveri Nursing Home,Maharashtra,Nagpur
"21.168, 72.817",21.1679633,72.817191,1,Aayush Medi Care Hospital and Cardiac Center,Gujarat,Surat
"21.169, 79.109",21.1693074,79.1086559,1,CGHS Dispensary No.3,Maharashtra,Nagpur
"21.17, 79.079",21.1695216,79.0794376,1,Pioneer Nursing Home,Maharashtra,Nagpur
"21.17, 79.101",21.1699212,79.1010513,1,Ajinkya Maternity And Surgical Nursing Home,Maharashtra,Nagpur
"21.171, 79.099",21.1706297,79.0987453,1,Shivleela Maternity And Nursing Home,Maharashtra,Nagpur
"21.173, 79.083",21.173473,79.082858,1,Dalal Nursing Home,Maharashtra,Nagpur
"21.173, 79.1",21.1725725,79.0998481,1,Prestos Madan Multispeciality Hospital,Maharashtra,Nagpur
"21.174, 72.818",21.1736437,72.8175808,1,Park Nursing Home and Diagnostic Clinic (P) Ltd,Gujarat,Surat
"21.174, 79.057",21.174205,79.0574405,1,Shubham Nursing Home,Maharashtra,Nagpur
"21.176, 72.811",21.1760496,72.8112542,1,Vidya Eye Hospital,Gujarat,Surat
"21.179, 79.108",21.178543,79.1082994,1,Aharnish Hospital,Maharashtra,Nagpur
"21.181, 72.834",21.1813252,72.833554,1,Arpan Maternity and Medical Nursing Home,Gujarat,Rajkot
"21.181, 79.088",21.1813511,79.0879895,1,G Kumar Arogyadham Ayurved Panchkarm Hospital And Research Institute,Maharashtra,Nagpur
"21.182, 79.086",21.1820557,79.0859952,1,Janta Maternity Home And Hospital - Nagpur,Maharashtra,Nagpur
"21.182, 81.267",21.1821353,81.2670255,1,Sagar Hospital,Chhattisgarh,Durg
"21.183, 72.82",21.1831146,72.8195315,1,Shreyash Hspital,Gujarat,Surat
"21.183, 72.824",21.1833233,72.8235278,1,Genesis Hospital and Maternity Home,Gujarat,Surat
"21.183, 72.831",21.1834826,72.830524,1,"Divyam Hospital,Ring Road",Gujarat,Surat
"21.183, 79.079",21.1826476,79.0794256,1,Kunal Critical Care and Research Center Private Limited,Maharashtra,Nagpur
"21.183, 81.321",21.1834261,81.3206873,1,Jawaharlal Nehru Hospital and Research Centre,Chhattisgarh,Durg
"21.184, 72.832",21.1840628,72.8318419,1,Dhameliya Kidney Hospital and Lithotripsy Centre,Gujarat,Surat
"21.185, 72.812",21.1850967,72.812215,1,Tender Touch Childrens Hospital and Neonatal Unit,Gujarat,Surat
"21.185, 72.826",21.1845355,72.826014,1,Santkrupa Hospital - Surat,Gujarat,Surat
"21.185, 79.079",21.1851265,79.0793183,1,Medicare Multi Speciality Hospital,Maharashtra,Nagpur
"21.186, 72.811",21.1858486,72.8108681,1,"Quality Care India Ltd, Care Hospital",Gujarat,Surat
"21.186, 72.862",21.1857466,72.8620946,1,Kalp Medical Hospital,Gujarat,Surat
"21.187, 72.811",21.1865492,72.8108703,1,Shreeji Retina Clinic and Eye Hospital,Gujarat,Surat
"21.188, 72.831",21.1875979,72.8309166,1,Ashish Eye Hospital,Gujarat,Surat
"21.189, 72.872",21.1893737,72.8716113,1,Auc General Hospital and Maternity,Gujarat,Surat
"21.193, 72.887",21.1930853,72.8869156,1,Shri Bhartimalya Memorial Foundation (Bharat Cancer Hospital and Nirali Memorial Radiation Centre),Gujarat,Surat
"21.194, 72.8",21.194156,72.8002079,1,Dr. Edibam Hospital,Gujarat,Surat
"21.194, 81.287",21.1939683,81.2870973,1,Dr Diddiqui Eye Hospital,Chhattisgarh,Durg
"21.195, 72.803",21.1953229,72.802727,1,Bhadra Memorial Eye Institute,Gujarat,Surat
"21.197, 81.278",21.1974827,81.2780361,1,Agrwal Nursing Home,Chhattisgarh,Durg
"21.198, 72.826",21.1983807,72.8263146,1,Sheth P.T Surat General Hospital,Gujarat,Surat
"21.199, 72.788",21.1986338,72.7884861,1,Spanee Hospital,Gujarat,Surat
"21.199, 72.807",21.1990215,72.8070596,1,Smit Surgical Hospital,Gujarat,Surat
"21.199, 81.688",21.1991549,81.687894,1,Modern Medical Institute,Chhattisgarh,Raipur
"21.2, 72.805",21.1996499,72.8050902,1,Parijat Medical Hospital,Gujarat,Surat
"21.201, 72.782",21.2010102,72.7824428,1,Medicare Hospital and Icu,Gujarat,Surat
"21.202, 72.871",21.2022869,72.8712951,1,Banaji Eyesurgery and Laser Center,Maharashtra,Mumbai
"21.204, 72.79",21.203796,72.7900049,1,Shri Madhu Hospitals,Andhra Pradesh,Krishna
"21.204, 72.826",21.2043727,72.8264859,1,Rujul Childrens Hospital,Gujarat,Surat
"21.204, 72.831",21.2040691,72.8309644,1,Ashaktashram Hospital,Gujarat,Surat
"21.204, 72.84",21.2040626,72.8402932,1,Vrindavan Eye Hospital,Gujarat,Sabar kantha
"21.204, 72.867",21.2035904,72.8669523,1,Grace General Hospital,Gujarat,Surat
"21.204, 81.323",21.20414,81.3232779,1,Chandulal Chandrakar Hospital,Chhattisgarh,Durg
"21.204, 81.341",21.2036996,81.3413165,1,Sparsh Children Hospital,Chhattisgarh,Durg
"21.205, 72.836",21.2053907,72.8360221,1,Gopi Ortho and Children Hospital,Gujarat,Surat
"21.205, 72.839",21.2049118,72.839214,1,Jay Eye Hospital,Gujarat,Banas kantha
"21.205, 81.348",21.2047563,81.3475042,1,Sharma Nethralaya,Chhattisgarh,Durg
"21.206, 72.838",21.2060429,72.8376932,1,Jivani Orthopaedic Arthoscopy and Joint Replacement Centre,Gujarat,Surat
"21.207, 72.829",21.2065958,72.828595,1,Smt. Rasilaben Sevantilal Shah Venus Hospital - Surat,Gujarat,Surat
"21.207, 72.83",21.2066813,72.8295196,1,S D V S Ashaktashram Hospital,Gujarat,Surat
"21.207, 72.838",21.2065627,72.8376764,1,Unnati Orthopedic Hospital and Joint Replacement Cen,Gujarat,Surat
"21.207, 81.326",21.207356,81.326189,1,Suraj Hospital,Chhattisgarh,Durg
"21.212, 72.84",21.2119353,72.839808,1,Surbhi Hospital and Materanity Home,Gujarat,Surat
"21.212, 72.864",21.2115196,72.8642866,1,Jivandeep Hospital,Gujarat,Surat
"21.214, 72.792",21.2140233,72.7922814,1,Tanmay Arthroscopy and Sports Medicine Centre,Gujarat,Surat
"21.214, 72.86",21.2143906,72.8604312,1,Savani Surgical Hospital,Gujarat,Junagadh
"21.215, 72.794",21.215191,72.794051,1,Pinak Hospital,Gujarat,Surat
"21.215, 72.861",21.2145776,72.8608043,1,Sandhya Hospital and Maternity Home,Gujarat,Surat
"21.216, 72.796",21.2158948,72.7958477,1,"Eye-Q Super Speciality Eye Hospitals, Rander Road",Gujarat,Surat
"21.216, 72.841",21.2162797,72.8408792,1,Shani Children HospitalandDental Hospital,Gujarat,Surat
"21.216, 79.199",21.2157246,79.1985024,1,Ravi Surgical And Laparoscopic Centre Pvt Ltd,Maharashtra,Nagpur
"21.217, 72.861",21.217173,72.861348,1,Shree Krishna Hospital,Gujarat,Surat
"21.217, 76.217",21.2170056,76.2169594,1,Sanmati Hopital,Madhya Pradesh,Burhanpur
"21.218, 72.861",21.2181249,72.8610626,1,Sneh Children Hospital,Gujarat,Surat
"21.218, 81.333",21.217963,81.3331476,1,B S R Cancer Hospital (P) Ltd,Chhattisgarh,Durg
"21.218, 81.661",21.2183358,81.661038,1,Gbg Kidney Care Hospital,Chhattisgarh,Raipur
"21.219, 79.198",21.2185126,79.1980557,1,Prabhat Hospital,Maharashtra,Nagpur
"21.22, 79.181",21.2202295,79.181271,1,Mehta Hospital and Sonography Centre,Maharashtra,Nagpur
"21.223, 72.887",21.2228964,72.8869246,1,"Government Medical College, Surat",Gujarat,Surat
"21.223, 81.652",21.2226099,81.6520171,1,Devi Laxmi Hospital,Chhattisgarh,Raipur
"21.224, 72.825",21.2238459,72.8252905,1,Shree Vraj Hospital,Gujarat,Vadodara
"21.225, 72.79",21.2254245,72.789645,1,Paritosh Clinic,Gujarat,Surat
"21.226, 72.804",21.2261984,72.8042769,1,Chc Nizar,Gujarat,Surat
"21.228, 72.819",21.2279079,72.8188754,1,Mother Care Surgical Hospital,Gujarat,Surat
"21.229, 81.646",21.2285962,81.6457362,1,Memon Nursing Home,Chhattisgarh,Raipur
"21.23, 81.382",21.2299805,81.3824219,1,Jamul Nursing Home,Chhattisgarh,Durg
"21.232, 81.616",21.2323609,81.6158382,1,Shri Manulal Memorial Medical Centre,Chhattisgarh,Raipur
"21.234, 81.66",21.2338303,81.6603533,1,Chhattisgarh Eye Hospital,Chhattisgarh,Raipur
"21.236, 76.04",21.2361556,76.0398734,1,Samruddhi Hospital,Maharashtra,Jalgaon
"21.236, 81.603",21.2361727,81.6025017,1,Sahu Hospital,Chhattisgarh,Raipur
"21.238, 72.848",21.2381096,72.8483831,1,Gandhi Prasutigruh and General Surgical Hospital,Gujarat,Surat
"21.238, 79.646",21.2382943,79.6461755,1,Meghare Nursing Home,Maharashtra,Bhandara
"21.239, 75.294",21.2387773,75.293689,1,Lilawati Accident Hospital,Maharashtra,Jalgaon
"21.244, 81.62",21.2441227,81.620034,1,Patna Medical College and Hospital,Bihar,Patna
"21.244, 81.671",21.2437501,81.67145,1,United 7 Hospital,Chhattisgarh,Raipur
"21.246, 81.624",21.2463973,81.6244636,1,Anjali Children Hospital,Chhattisgarh,Raipur
"21.246, 81.665",21.2462774,81.6650451,1,Vardaan Hospital (Unit Of Jindal Medicare),Chhattisgarh,Raipur
"21.247, 72.851",21.2468063,72.851423,1,Shrushti General Hospital,Gujarat,Surat
"21.247, 81.616",21.2471488,81.6158382,1,M D Hospital and Iccu,Chhattisgarh,Raipur
"21.247, 81.654",21.2471881,81.6538489,1,Taori Nursing Home,Chhattisgarh,Raipur
"21.248, 81.661",21.2483099,81.6613694,1,Mata Laxmi Nursing Home and Investigation Center Pvt Ltd,Chhattisgarh,Raipur
"21.253, 81.631",21.2530873,81.6311991,1,Rambabu Hospital,Andhra Pradesh,Prakasam
"21.254, 72.84",21.2537597,72.840152,1,Shraddha Multispeciality Hospital,Gujarat,Surat
"21.255, 81.649",21.2546976,81.6487135,1,Om Netra Kendra,Chhattisgarh,Raipur
"21.257, 81.647",21.257078,81.647038,1,Roopjeevan Hospital,Chhattisgarh,Raipur
"21.257, 81.665",21.2569573,81.6645469,1,Kanwar Nursing Home,Chhattisgarh,Raipur
"21.262, 81.637",21.2615884,81.637206,1,Gawari Ivf Center and Nursing Home,Chhattisgarh,Raipur
"21.266, 81.643",21.2662568,81.6432353,1,Parag Nursing Home,Chhattisgarh,Raipur
"21.274, 81.689",21.2743487,81.6892668,1,Mgm Eye Hospital,Chhattisgarh,Raipur
"21.28, 72.948",21.2797966,72.947533,1,Dinbandhu Hospital,Gujarat,Surat
"21.287, 77.518",21.2872282,77.5175348,1,Thakare Bal Rugnalya Hospital,Maharashtra,Amravati
"21.287, 77.52",21.2870946,77.5195729,1,Bardia Hospital,Maharashtra,Amravati
"21.3, 70.249",21.2997164,70.2492882,1,Sangani Hospital,Gujarat,Junagadh
"21.318, 72.881",21.3178692,72.8812268,1,Jeevan Raksha Hospital,Gujarat,Surat
"21.319, 76.246",21.3189136,76.2461126,1,Mujumdar Eye Hospital,Madhya Pradesh,Burhanpur
"21.321, 76.213",21.321488,76.2130409,1,Sai Siddhi Hospital,Madhya Pradesh,Burhanpur
"21.33, 74.56",21.3300097,74.5604613,1,Arogya Stone Clinic,Maharashtra,Dhule
"21.341, 70.752",21.3410369,70.7522299,1,Savaliya Surgical Hospital and Bhakti Maternith Home,Gujarat,Junagadh
"21.356, 82.122",21.3559755,82.1223977,1,Primary Health Center,Chhattisgarh,Raipur
"21.357, 81.411",21.3565862,81.4114142,1,Maa Ashta Bhuja Dharmarth Chikitsalaya,Chhattisgarh,Durg
"21.359, 74.259",21.3585725,74.2591852,1,Nandurbar Hospital Pvt Ltd,Maharashtra,Nandurbar
"21.366, 83.082",21.3656409,83.0817699,1,"Govt PHC, Patsendri",Chhattisgarh,Mahasamund
"21.37, 74.253",21.3695814,74.2525264,1,Madhuram Eye Hospital,Maharashtra,Nandurbar
"21.393, 79.327",21.3928618,79.3268397,1,Shantaram Ortho And Surgical Hospital,Maharashtra,Nagpur
"21.404, 78.227",21.4043024,78.2266094,1,Matrukrupa Children Hospital,Maharashtra,Amravati
"21.414, 72.168",21.4142702,72.1682693,1,Hospital Alang,Gujarat,Bhavnagar
"21.448, 80.2",21.4483376,80.2004083,1,Gondia Hospital and Medical Research Center,Maharashtra,Gondia
"21.453, 76.422",21.4532252,76.4215988,1,Nepa Ltd. Hospital,Madhya Pradesh,Burhanpur
"21.454, 80.204",21.4537038,80.2038949,1,Jaipuria Nursing Home,Maharashtra,Gondia
"21.468, 80.195",21.4675688,80.1951781,1,Ratnaparkhi Nursing Home,Maharashtra,Gondia
"21.487, 86.925",21.4869337,86.9246005,1,Yadav Hospital,Maharashtra,Solapur
"21.52, 80.274",21.5198814,80.2741063,1,Mitali Critical Care Unit,Madhya Pradesh,Balaghat
"21.523, 70.455",21.5226462,70.4551931,1,Doshi Hospital For Women Care,Gujarat,Junagadh
"21.53, 76.81",21.529633,76.8097433,1,Nimar Hospital and Research Centre,Madhya Pradesh,Burhanpur
"21.532, 71.823",21.531819,71.8232224,1,Sanghavi Hospital,Gujarat,Bhavnagar
"21.545, 74.473",21.5450142,74.4725287,1,Radha Clinic,Maharashtra,Nandurbar
"21.55, 74.47",21.5496742,74.4700214,1,Sushrut Nursing Home,Maharashtra,Nandurbar
"21.562, 81.809",21.5618795,81.8092219,1,Evangelical Mission Hospital,Chhattisgarh,Raipur
"21.563, 83.264",21.5628679,83.2639812,1,PHC-Saria,Chhattisgarh,Raigarh
"21.6, 71.221",21.5995095,71.2213406,1,Sojitra Surgical Hospita and Prasuti Gruh,Gujarat,Amreli
"21.604, 71.224",21.6044742,71.2237432,1,Dr. Shurti Ent Hospital,Gujarat,Ahmedabad
"21.613, 71.214",21.6129178,71.2142689,1,Satellite Orthopaedic Hospital and Research Centre,Gujarat,Amreli
"21.614, 73.012",21.6143446,73.0115597,1,Shree Rang Childrens Hospital,Gujarat,Bharuch
"21.616, 73.008",21.6157206,73.0078061,1,Smt. Jayaben Mody Hospital,Gujarat,Vadodara
"21.628, 72.998",21.6279396,72.997633,1,Gandhi Hospital,Gujarat,Bharuch
"21.633, 73.02",21.6331614,73.0199124,1,Mamta Children Hospital,Gujarat,Bharuch
"21.654, 70.978",21.6540877,70.9779346,1,S.S. Shree Dharmajivandasji Hospital,Gujarat,Rajkot
"21.702, 72.987",21.7022608,72.987248,1,Shree Bhagubhai Mafatlal Hospital,Gujarat,Bharuch
"21.706, 72.99",21.706398,72.9902119,1,Civil Hospital,Gujarat,Bharuch
"21.708, 72.965",21.7082919,72.9647937,1,Welfare Clinic,Gujarat,Bharuch
"21.709, 73.016",21.7092223,73.0156094,1,"Centre For Sight, Bharuch",Gujarat,Bharuch
"21.717, 73.022",21.7166424,73.0221714,1,Ayurvedic Sarvjanik Hospital,Gujarat,Bharuch
"21.722, 71.958",21.7216385,71.957917,1,K J Mehta T B Hospital Trust,Gujarat,Bhavnagar
"21.723, 82.591",21.7234933,82.5908195,1,Shri Tilak Raj Chhabra Memorial Hospital,Haryana,Ambala
"21.737, 70.278",21.7371125,70.2775479,1,Sojitra Maternit Home and Sonography Clinic,Gujarat,Rajkot
"21.738, 70.457",21.7379033,70.4571172,1,Lunagaria Orthopaedic Hospital,Gujarat,Rajkot
"21.743, 72.145",21.7430999,72.1448,1,Om Shri Ram Mantra Mandir Trust,Gujarat,Bhavnagar
"21.754, 70.606",21.7542374,70.6063656,1,Sojitra Hospital,Gujarat,Rajkot
"21.755, 72.149",21.7553782,72.1485935,1,Gajjar Eye Hospital,Gujarat,Bhavnagar
"21.761, 72.128",21.7613983,72.1275438,1,Dr Balar Hospital,Gujarat,Bhavnagar
"21.761, 72.14",21.760944,72.1400859,1,Dr Dijesh Shahs Meru Nurshing Home,Gujarat,Bhavnagar
"21.763, 72.124",21.7626,72.1235,1,Jivandeep Multi - Speciality Surgical Centre,Gujarat,Bhavnagar
"21.764, 72.137",21.763636,72.1370682,1,"Government Medical College, Bhavnagar",Gujarat,Bhavnagar
"21.769, 72.159",21.7691254,72.1591392,1,Shantilal Mohanlal Shah Foundation General Hospital,Gujarat,Bhavnagar
"21.772, 72.14",21.7721434,72.1401322,1,Shri Bajrangdas Bapa Arogyadham,Gujarat,Bhavnagar
"21.777, 72.15",21.7771,72.1498,1,Gajera Orthopadic Hospital,Gujarat,Junagadh
"21.778, 72.14",21.7780999,72.1396,1,Krishna Hospital,Gujarat,Bharuch
"21.812, 80.197",21.8116748,80.1974646,1,Shastri Nursing Home,Madhya Pradesh,Balaghat
"21.817, 80.19",21.8167626,80.189731,1,Specialist Clinic and Nursing Home,Bihar,Patna
"21.823, 80.179",21.8227408,80.1791368,1,Shukla Nursing Homeand Diagnostic Centre,Madhya Pradesh,Balaghat
"21.825, 76.342",21.8246067,76.3419316,1,Atriwal Hospital and Research Center,Madhya Pradesh,Khandwa
"21.826, 76.353",21.8257334,76.352571,1,Agrawal Nursing Home-Khandwa,Madhya Pradesh,Khandwa
"21.828, 76.35",21.8278303,76.3497181,1,Shreemali Children Hospital,Madhya Pradesh,Vidisha
"21.832, 76.341",21.8323693,76.3408136,1,Hinduja Hospital,Madhya Pradesh,Khandwa
"21.834, 75.609",21.8342396,75.6094491,1,Maa Memorial Durgicl Clinic And Diagnostic Center,Madhya Pradesh,Khargone
"21.836, 75.617",21.8359024,75.6171716,1,Subhoshi Hospital,Madhya Pradesh,Khargone
"21.849, 70.698",21.848742,70.698065,1,Sushen Surgical Hospital,Gujarat,Rajkot
"21.851, 81.919",21.8509133,81.9193779,1,Tlm Laprocy Mission Hospital,Chhattisgarh,Bilaspur
"21.863, 71.961",21.8628046,71.9608808,1,Anand Hospital,Gujarat,Bhavnagar
"21.87, 82.823",21.8696037,82.8230309,1,Civil Dispensary-Baradwar,Chhattisgarh,Janjgir-Champa
"21.899, 77.902",21.8987564,77.9021567,1,Pooja Surgical And Fracture Hospital,Madhya Pradesh,Betul
"21.904, 77.907",21.9035155,77.9068951,1,Sainani Nursing Home,Maharashtra,Chandrapur
"21.913, 77.903",21.912789,77.9025044,1,Sangeeta Hospital And Research Center,Madhya Pradesh,Betul
"21.914, 95.956",21.913965,95.956223,1,Kabirayatan Eye Hospital and Research Institute,Bihar,Nalanda
"21.94, 75.136",21.9401488,75.1355659,1,Samadhan Nursing Home,Chhattisgarh,Bilaspur
"21.962, 70.792",21.9619463,70.792297,1,Ramnath Hospital Pvt Ltd,Gujarat,Rajkot
"21.989, 83.098",21.9893055,83.0976389,1,PHC-Barra,Chhattisgarh,Raigarh
"22.009, 81.236",22.0088391,81.2360497,1,Goraj Children Hospital,Chhattisgarh,Kabirdham
"22.032, 74.899",22.032425,74.8986045,1,Samraddhi Child Care and General Hospital,Madhya Pradesh,Dhar
"22.036, 74.903",22.0363157,74.903339,1,Mahamrityujay Hospital Pvt. Ltd.,Madhya Pradesh,Barwani
"22.038, 74.902",22.0380291,74.9022428,1,Sai Hospital,Madhya Pradesh,Barwani
"22.048, 74.897",22.047939,74.8968157,1,Sarsawati Eye Hospital And Lasik Centre,Madhya Pradesh,Barwani
"22.052, 78.937",22.0522525,78.9369563,1,District Hospital Chhindwara,Madhya Pradesh,Chhindwara
"22.053, 72.801",22.0532579,72.8013252,1,Shreeji Hospital and Prasuti Gruh,Gujarat,Bharuch
"22.054, 73.116",22.0536165,73.115782,1,Shaurya Hospital,Gujarat,Vadodara
"22.067, 82.185",22.066539,82.1849588,1,Pendalwar Nursing Home,Chhattisgarh,Bilaspur
"22.073, 82.167",22.0730949,82.1672841,1,Ghosh Surgical Nursing Home,Chhattisgarh,Bilaspur
"22.079, 82.17",22.0791464,82.1700035,1,La Chandani Hospital,Chhattisgarh,Bilaspur
"22.08, 82.154",22.0804075,82.1538551,1,Shri Sai Krupa Hospital,Chhattisgarh,Bilaspur
"22.085, 82.153",22.0849925,82.1530051,1,Mehghani Nursing Home and Surgical Centre,Chhattisgarh,Bilaspur
"22.085, 82.165",22.084807,82.1645645,1,Life Care Hospital And Emergency Care Unit,Chhattisgarh,Bilaspur
"22.086, 82.152",22.0857756,82.1518844,1,Shri Childrens Hospital,Chhattisgarh,Bilaspur
"22.087, 82.143",22.086813,82.1432197,1,Sukham Arogyalya,Chhattisgarh,Mungeli
"22.132, 73.412",22.1323391,73.4121277,1,Dabhoi Life Line Hospital,Gujarat,Vadodara
"22.134, 73.414",22.133776,73.4137852,1,Giants Medical Foundation Apmc Gynac Hospital,Gujarat,Gandhinagar
"22.138, 81.87",22.1376916,81.8698162,1,Charan Nursing Home,Chhattisgarh,Bilaspur
"22.139, 73.19",22.1393699,73.1895367,1,Chc- Por,Gujarat,Vadodara
"22.159, 70.794",22.1591251,70.7941564,1,Shree Ram Hospital,Gujarat,Rajkot
"22.177, 75.583",22.1772853,75.5829782,1,Maheshwar Nursing Home,Bihar,Vaishali
"22.177, 76.07",22.1765499,76.0695101,1,Ritwik Hospital,Madhya Pradesh,Khargone
"22.181, 71.649",22.1814964,71.6487316,1,Nisarg Hospital and Sonography Centre,Gujarat,Bhavnagar
"22.181, 76.071",22.1814237,76.071462,1,Narmada Hospital,Madhya Pradesh,Khargone
"22.191, 78.763",22.1908392,78.7634382,1,Malik Nursing Home Nanhe Munne Care Center,Madhya Pradesh,Chhindwara
"22.191, 84.588",22.1910688,84.5884677,1,National Nursing Home,Jharkhand,Ramgarh
"22.206, 69.647",22.2056533,69.6468776,1,Dev Medical Hospital and Icu,Gujarat,Ahmedabad
"22.208, 69.645",22.2081501,69.6446553,1,Thakkar Maternity and General Hospital Sonography Centre,Gujarat,Jamnagar
"22.234, 76.048",22.2337531,76.0479393,1,Rohit Hospital,Madhya Pradesh,Khargone
"22.238, 73.088",22.2376649,73.0884867,1,Jiwandeep Hospital,Gujarat,Anand
"22.239, 73.085",22.2394372,73.0847979,1,Urmi Children Hospital,Gujarat,Vadodara
"22.24, 71.919",22.2402163,71.9188428,1,Doctor House,Gujarat,Ahmedabad
"22.242, 73.092",22.2416156,73.0916054,1,Chc- Padra,Gujarat,Vadodara
"22.251, 73.2",22.251154,73.199858,1,Palash Hospital,Gujarat,Vadodara
"22.252, 73.206",22.2522054,73.2062147,1,Sushrut Clinic,Gujarat,Vadodara
"22.253, 76.041",22.2532435,76.0407918,1,Shri Dada Darbar Hospital,Madhya Pradesh,Khargone
"22.259, 70.798",22.2586078,70.798323,1,Nano Maternity Home,Gujarat,Rajkot
"22.259, 73.165",22.2585469,73.1648957,1,"Ramkrishna Paramhansa Hospital,Kalali",Gujarat,Vadodara
"22.267, 70.809",22.2667605,70.8090222,1,Angel Maternity and Surgical Hospital,Gujarat,Rajkot
"22.268, 73.191",22.2676907,73.1911575,1,Shree Viththalesh Hospital,Gujarat,Vadodara
"22.273, 73.715",22.2732666,73.714899,1,Radhe Surgical And Maternity Hospital,Gujarat,Vadodara
"22.275, 70.804",22.2747087,70.8044036,1,Shree Raj Hospital,Gujarat,Rajkot
"22.276, 70.76",22.2761212,70.7598376,1,Nm Virani Wockhardt Hospital,Gujarat,Rajkot
"22.278, 73.183",22.278026,73.182675,1,Susmit Maternity Hospital,Gujarat,Vadodara
"22.278, 73.72",22.2781475,73.7203528,1,Radha Surgical and Maternity Hospital,Gujarat,Vadodara
"22.279, 70.8",22.2789455,70.8002569,1,Agrwal Eye Clinic Madhuram Hospital,Gujarat,Rajkot
"22.281, 73.196",22.2812879,73.1963117,1,A X I Hospital and Glaucoma Center,Gujarat,Vadodara
"22.284, 70.781",22.2835458,70.7805507,1,Aishwarya Cancer Hospital,Gujarat,Rajkot
"22.286, 70.772",22.2862569,70.7720196,1,Satnam Child Care,Gujarat,Rajkot
"22.286, 73.764",22.2857459,73.7639658,1,Deepak Charitable Trust,Gujarat,Vadodara
"22.287, 70.792",22.2866421,70.7919486,1,Gadre Eye Care Centre,Gujarat,Rajkot
"22.288, 70.791",22.287913,70.7909256,1,Bhatt Eye Hospital,Gujarat,Rajkot
"22.288, 70.796",22.2877564,70.7961246,1,Sadbhavna Surgical Hospital,Gujarat,Rajkot
"22.288, 70.797",22.2880437,70.7967942,1,Dr. Vivek Joshi`S Urological Hospital and Dialysis,Gujarat,Rajkot
"22.289, 70.772",22.2893509,70.7715219,1,Arpan Hospital,Gujarat,Rajkot
"22.29, 70.804",22.2899674,70.8039826,1,Shiv Hospital,Gujarat,Rajkot
"22.291, 70.797",22.2912269,70.7973321,1,Swastik Surgical Hospital and Dental Clinic,Gujarat,Rajkot
"22.291, 70.798",22.2906498,70.7981329,1,Divine Helth Care Centre,Gujarat,Rajkot
"22.292, 70.781",22.2921311,70.7814087,1,Radia Hospital,Gujarat,Rajkot
"22.292, 73.204",22.2916875,73.2035762,1,Shreeji Dental Clinic And Children's Nursing Home,Gujarat,Vadodara
"22.293, 70.802",22.2930756,70.8023791,1,Shree Padmakunverba Hospital,Gujarat,Rajkot
"22.293, 81.282",22.2928327,81.2821647,1,PHC Baijalpur,Chhattisgarh,Kabirdham
"22.294, 70.784",22.2942013,70.7836272,1,Sri Krishna Nursing Home and Maternity Center,Bihar,Gaya
"22.294, 73.136",22.2942783,73.1363417,1,"Centre For Sight, Allkapuri",Gujarat,Vadodara
"22.294, 73.164",22.294343,73.1642205,1,Meridian Hospital,Gujarat,Vadodara
"22.295, 70.777",22.2953669,70.7768789,1,Shreeji Hospital,Gujarat,Rajkot
"22.295, 70.782",22.2948272,70.7821183,1,Neeti Nursing Home,Gujarat,Narmada
"22.295, 70.79",22.2952356,70.7904399,1,Vijay Vachhrajani Memorial Hospital,Gujarat,Rajkot
"22.295, 73.155",22.2948191,73.1550725,1,Urav Hospital,Gujarat,Vadodara
"22.295, 73.171",22.295169,73.171337,1,Dr. Kadam Eye Hospital 7 Institute,Gujarat,Vadodara
"22.295, 73.215",22.2951375,73.2154592,1,Muslim Medical Center,Gujarat,Vadodara
"22.296, 70.794",22.2964051,70.7941564,1,Sahyog Hospital Pvt Ltd,Gujarat,Rajkot
"22.296, 73.135",22.2956941,73.1345904,1,"Centre For Sight, Allkapuri 2",Gujarat,Vadodara
"22.297, 70.776",22.2972443,70.7755738,1,Banthia Hospital,Madhya Pradesh,Indore
"22.298, 70.783",22.2975829,70.7827338,1,Jolly Maternity Hospital,Gujarat,Rajkot
"22.298, 73.221",22.298455,73.220753,1,As Siddiq Surgical Hospital,Gujarat,Vadodara
"22.299, 70.801",22.2985697,70.8008335,1,Mangalam Hospital Maternity Home And Surgical Hos,Gujarat,Rajkot
"22.299, 70.808",22.2988464,70.8082789,1,Dashashrimali Vanik Mahajan Hospital,Gujarat,Rajkot
"22.299, 73.217",22.2993266,73.2171559,1,Shifa Nursing Home,Gujarat,Vadodara
"22.3, 70.779",22.2996861,70.7787619,1,Kirti Hospital,Gujarat,Rajkot
"22.3, 73.173",22.3002513,73.1725206,1,Dr. Rupa Jain Eye Clinic,Gujarat,Vadodara
"22.301, 73.199",22.3011522,73.1985638,1,Shreenath Clinic,Gujarat,Vadodara
"22.302, 70.798",22.301611,70.7983695,1,The Rathod Hospital,Gujarat,Rajkot
"22.302, 73.173",22.30246,73.1727756,1,Krishna Critical Child Care Pvt Ltd,Gujarat,Vadodara
"22.302, 73.198",22.3021899,73.1977383,1,Ganga Clinic,Gujarat,Vadodara
"22.302, 73.199",22.3022684,73.1994632,1,Sapan Hospital,Gujarat,Narmada
"22.302, 73.201",22.3018128,73.2009079,1,Baroda Eye Institute,Gujarat,Vadodara
"22.302, 73.207",22.3017014,73.2066838,1,Saraswati Eye Hospital,Maharashtra,Mumbai
"22.302, 73.214",22.3016759,73.2136861,1,Dr Y T Chandarana,Gujarat,Vadodara
"22.303, 70.895",22.3030103,70.8952337,1,Swapn Healthcare Hospitals Pvt Ltd,Gujarat,Rajkot
"22.303, 73.168",22.3028806,73.167839,1,Vraj Hospital,Gujarat,Vadodara
"22.304, 73.208",22.3036173,73.2081559,1,Life Line Polyclinic And Hospital - Godhra,Gujarat,Panchmahal
"22.308, 73.161",22.308439,73.1613835,1,Adarsh General Hospital,Gujarat,Vadodara
"22.308, 73.215",22.3084714,73.2150694,1,Raj Kidacare and Neonatal Care,Gujarat,Vadodara
"22.309, 73.187",22.3094529,73.186587,1,Saurabh Polyclinc Nursing Home,Gujarat,Vadodara
"22.31, 70.821",22.3104626,70.8205503,1,Accident Fracture Hospital,Gujarat,Rajkot
"22.31, 73.166",22.310448,73.1658739,1,Ananyaa Children Hospital,Gujarat,Vadodara
"22.31, 73.177",22.3103805,73.1771953,1,Aesthetique Centre For Plastic and Cosmetic Surgery,Gujarat,Vadodara
"22.311, 70.801",22.3108082,70.8008461,1,Jethwani Hospital,Gujarat,Rajkot
"22.314, 70.788",22.3139806,70.7880509,1,Sankalp Hospital,Gujarat,Rajkot
"22.314, 70.82",22.3136189,70.8195703,1,Swari Ent Hospital,Gujarat,Rajkot
"22.314, 73.202",22.3135181,73.2020475,1,Viroc Vadodara Institute For Reconstructive Orthopaedic Care,Gujarat,Vadodara
"22.315, 73.146",22.3145767,73.1457496,1,Sanjeevan Hospital,Maharashtra,Amravati
"22.315, 73.188",22.3152955,73.1884325,1,Narhari Hospital,Gujarat,Vadodara
"22.317, 73.159",22.3167139,73.1591724,1,Shree Jala Medical Agency,Gujarat,Vadodara
"22.318, 70.837",22.3182429,70.8373566,1,Dhakaan Multi Super Speciality Hospital,Gujarat,Rajkot
"22.319, 87.309",22.3187701,87.3091747,1,Sangam Hospital,Chandigarh,Chandigarh
"22.32, 73.202",22.3204445,73.2019779,1,Baba Advanced Orthopaedic Hospital,Gujarat,Vadodara
"22.32, 73.251",22.3201158,73.2505813,1,Maa Hospital,Gujarat,Vadodara
"22.321, 72.626",22.3213797,72.6262791,1,Nirmal Orthopaedic Hospital,Gujarat,Anand
"22.321, 73.189",22.321315,73.1888148,1,Misha Maternity Home,Gujarat,Vadodara
"22.322, 73.158",22.3224055,73.1583142,1,Mehta Nursing Home,Gujarat,Vadodara
"22.322, 73.209",22.321613,73.209431,1,Balvantray Mehta Nisargopchar Arogya Bhavan,Gujarat,Vadodara
"22.324, 73.14",22.3242469,73.1398471,1,Manav Hospital,Gujarat,Vadodara
"22.324, 73.166",22.3238287,73.1658921,1,Paavan Hospital,Gujarat,Vadodara
"22.324, 73.19",22.3236543,73.1897571,1,"Eye-Q Super Speciality Eye Hospitals, Fatehgunj",Gujarat,Vadodara
"22.325, 73.153",22.324612,73.1527154,1,Shashwat Nursing Home,Gujarat,Vadodara
"22.326, 72.622",22.3261603,72.6219437,1,Cambay General Hospital,Gujarat,Anand
"22.326, 72.63",22.3262893,72.6297155,1,CHC Khambhat,Gujarat,Anand
"22.326, 73.191",22.3258064,73.1910115,1,Shree Narhari Arogya Kendra,Gujarat,Vadodara
"22.332, 73.144",22.332244,73.144361,1,Aastha Children Icu,Gujarat,Vadodara
"22.334, 73.155",22.3337302,73.1548762,1,Diva Healthcare Pvt Ltd,Gujarat,Ahmedabad
"22.334, 73.181",22.3336573,73.1808502,1,Sandeep Nursing Home,Gujarat,Vadodara
"22.335, 73.217",22.3352895,73.2169708,1,Medical Care Centre Trust,Gujarat,Vadodara
"22.336, 73.179",22.3361229,73.1789877,1,Ashish Hospital,Gujarat,Vadodara
"22.336, 77.1",22.3355446,77.0996085,1,Apoorve Eye and Phaco Clinic,Madhya Pradesh,Harda
"22.34, 73.193",22.3398735,73.1926044,1,Saurabh Clinic,Gujarat,Vadodara
"22.341, 73.839",22.3411589,73.8389657,1,Chc- Pavijetpur,Gujarat,Vadodara
"22.342, 73.179",22.3418123,73.178797,1,Bhuva Fracture and Ortho[Aedic Clinic,Gujarat,Vadodara
"22.344, 72.833",22.3438474,72.8332695,1,CHC Ras,Gujarat,Anand
"22.346, 73.167",22.3464013,73.1674128,1,Vraj Hospital Pvt. Ltd,Gujarat,Vadodara
"22.347, 73.171",22.347195,73.170878,1,Amit Orthopaedic Hosptial,Gujarat,Vadodara
"22.362, 82.706",22.3617476,82.7063862,1,D K Hospital,Chhattisgarh,Korba
"22.365, 82.744",22.3647176,82.7436485,1,Indra Gandhi District Hospital,Chhattisgarh,Korba
"22.369, 77.226",22.3692296,77.2261452,1,Shri Sai Hospital,Madhya Pradesh,Tikamgarh
"22.373, 69.839",22.3731971,69.8388936,1,Dhirubhai Aoh and Family Welfare Center,Gujarat,Jamnagar
"22.377, 72.999",22.377476,72.9992013,1,Rajdeep General Hospital,Gujarat,Anand
"22.38, 73.001",22.3795396,73.0005591,1,Navjivan Hospital and Shraddha Sonography Centre,Gujarat,Anand
"22.387, 72.996",22.3868748,72.9958886,1,CHC Anklav,Gujarat,Anand
"22.406, 69.031",22.4058584,69.0312124,1,Mithapur Hospital,Gujarat,Jamnagar
"22.408, 82.759",22.4076406,82.7593202,1,Shweta Nursing Home,Chhattisgarh,Korba
"22.409, 77.028",22.4088482,77.02766,1,Apoorva Laser And Phaco Clinic,Madhya Pradesh,Harda
"22.414, 82.656",22.4142988,82.6564461,1,Ntpc Hospital,Chhattisgarh,Korba
"22.415, 72.79",22.4153201,72.7895065,1,CHC -Dharmaj,Gujarat,Anand
"22.426, 72.884",22.4256139,72.8840395,1,Sharddha Hospital,Gujarat,Anand
"22.43, 84.345",22.4302233,84.3450028,1,PHC Bolba,Jharkhand,Simdega
"22.431, 73.954",22.430993,73.9536163,1,Chc- Zoz,Gujarat,Vadodara
"22.438, 73.334",22.4377209,73.3340254,1,Chc- Jarod,Gujarat,Vadodara
"22.462, 70.066",22.4617059,70.065572,1,Dodia Hospital,Gujarat,Jamnagar
"22.465, 70.058",22.465465,70.0577572,1,Vikalp Hospital,Gujarat,Jamnagar
"22.467, 70.049",22.4671707,70.0488254,1,Om Shree Hospital,Gujarat,Jamnagar
"22.47, 72.805",22.4704298,72.8046804,1,S.S.H Petlad,Gujarat,Anand
"22.47, 72.948",22.470375,72.9484917,1,P.P.U Anand,Gujarat,Anand
"22.471, 70.048",22.4712736,70.0481741,1,Ved Surgical Hospital,Gujarat,Jamnagar
"22.473, 70.065",22.4733273,70.0653476,1,Ruparelia Neuro Hospital,Gujarat,Jamnagar
"22.473, 70.066",22.4733974,70.0661649,1,Divya Orthopaedic Clinic,Gujarat,Jamnagar
"22.482, 88.338",22.4821388,88.3380091,1,Usha Nursing Home,Maharashtra,Pune
"22.483, 70.032",22.4831056,70.0320505,1,Dr Sevak Eye Hospital,Gujarat,Jamnagar
"22.483, 70.059",22.4826725,70.0585581,1,M.P. Shah Medical College,Gujarat,Jamnagar
"22.502, 88.403",22.5023688,88.4032524,1,Sonkusare Clinic,Maharashtra,Mumbai
"22.503, 82.551",22.5030752,82.5511336,1,Rewati Nursing Home,Chhattisgarh,Korba
"22.504, 86.454",22.5035411,86.4541511,1,PHC Musabani,Jharkhand,East Singhbhum
"22.518, 88.353",22.5179486,88.3526516,1,Sanjivni Hospital,Maharashtra,Thane
"22.532, 72.794",22.5319344,72.7936356,1,Sunav Hospital,Gujarat,Anand
"22.533, 72.797",22.5330654,72.797231,1,Saadat Sarvajanik and Maternity Home,Gujarat,Anand
"22.54, 88.339",22.5404893,88.339408,1,Shreya Nursing Home,Bihar,Sheohar
"22.543, 72.902",22.5429215,72.9017603,1,Pramukhswami Medical College,Gujarat,Anand
"22.545, 84.12",22.5454031,84.1197643,1,PHC Kurdeg,Jharkhand,Simdega
"22.549, 73.083",22.5488076,73.0832541,1,CHC Sarsa,Gujarat,Anand
"22.555, 75.761",22.5551726,75.7613356,1,Prashanti Hospital,Madhya Pradesh,Indore
"22.556, 83.461",22.5563659,83.4610207,1,PHC Bagbahar ( Pathalgaon),Chhattisgarh,Jashpur
"22.561, 72.96",22.5611072,72.9600274,1,Smit Orthopaedic Hospital,Gujarat,Anand
"22.562, 72.964",22.5621714,72.964338,1,Zakaria Sarvajanik Hospital,Gujarat,Anand
"22.562, 73.222",22.5615897,73.2219811,1,Chc- Savli,Gujarat,Vadodara
"22.565, 72.929",22.5645175,72.928871,1,Sisodia Orthopaedic Hospital,Gujarat,Anand
"22.566, 88.353",22.5660079,88.3525229,1,Aruna Ear Nose Throat Head and Neck Hospital,Haryana,Faridabad
"22.566, 88.356",22.5657131,88.3557301,1,Vani Priya Hospital,Andhra Pradesh,Chittoor
"22.568, 84.811",22.5676514,84.8111658,1,PHC Jaldega,Jharkhand,Simdega
"22.576, 71.201",22.5761472,71.2009861,1,Chc Thangadh,Gujarat,Surendranagar
"22.589, 86.476",22.5892014,86.47596,1,Singh Nursing Home and Research Centre,Jharkhand,East Singhbhum
"22.592, 76.907",22.5918286,76.9067598,1,Sewalaya Hospital,Madhya Pradesh,Dewas
"22.601, 75.687",22.6008535,75.6868608,1,Lekhi Hospital,Madhya Pradesh,Indore
"22.604, 70.943",22.6040927,70.9429761,1,Prathana Hospital,Gujarat,Sabar kantha
"22.62, 76.316",22.6199907,76.3157046,1,"M.G. Smriti Chikitsalaya Mahavidhyalaya,",Madhya Pradesh,Indore
"22.621, 77.77",22.620557,77.7702406,1,Dubey Hospital,Madhya Pradesh,Hoshangabad
"22.623, 88.433",22.6230049,88.4332295,1,Shiv Clinic,Gujarat,Vadodara
"22.624, 73.114",22.6236638,73.1143067,1,CHC Ode,Gujarat,Anand
"22.628, 75.804",22.628199,75.80421,1,Sukhayu Hospital And Maternity Home,Madhya Pradesh,Khandwa
"22.65, 84.922",22.6499173,84.9219115,1,PHC Bano,Jharkhand,Simdega
"22.662, 75.822",22.662289,75.821512,1,Indira Memorial Hospital Indore,Madhya Pradesh,Indore
"22.672, 75.83",22.6716572,75.8299138,1,Pancholi Hospital,Madhya Pradesh,Indore
"22.677, 73.408",22.6766874,73.4077076,1,Lara Mother Health Care Centre,Gujarat,Panchmahal
"22.679, 74.946",22.6785008,74.9463348,1,Shri Guru Rajendra Manav Seva Mandir Chikitsalaya,Madhya Pradesh,Dhar
"22.68, 75.831",22.6798825,75.8305335,1,Khandelwal Hospitals and Nursing Home,Madhya Pradesh,Indore
"22.68, 85.612",22.6803063,85.6120255,1,Dr Pradhans Health Center,Jharkhand,West Singhbhum
"22.686, 72.866",22.6857415,72.8659798,1,Shree Santram Ntera Chikitsalay,Gujarat,Kheda
"22.686, 75.829",22.6863492,75.8290714,1,Aryan Hospital,Madhya Pradesh,Indore
"22.688, 75.837",22.6875909,75.8366822,1,Sundaram Hospital,Madhya Pradesh,Indore
"22.689, 75.837",22.689156,75.837036,1,Ideal Clinic,Madhya Pradesh,Indore
"22.691, 75.879",22.691302,75.879046,1,Shrinath Nirsing Home,Madhya Pradesh,Indore
"22.691, 75.882",22.6906129,75.8819938,1,Gupta Hand Surgery Centre,Madhya Pradesh,Indore
"22.692, 75.867",22.6919422,75.8665303,1,CHL Hospitals,Madhya Pradesh,Indore
"22.693, 75.882",22.69311,75.881703,1,Devi Ahilya Hospital and Research Centre,Madhya Pradesh,Indore
"22.694, 72.857",22.693884,72.857104,1,Sanjay Hospital,Gujarat,Kheda
"22.694, 75.828",22.6941587,75.8279695,1,Bombay Hospital,Madhya Pradesh,Indore
"22.694, 75.881",22.6941668,75.8810216,1,Minesh Hospital,Madhya Pradesh,Indore
"22.695, 72.86",22.6953348,72.8601307,1,Madhu Eye Hospital,Gujarat,Kheda
"22.696, 72.87",22.6964799,72.8695044,1,Dr. Bhatt Hospital-I.C.U.,Gujarat,Kheda
"22.697, 75.855",22.697076,75.85521,1,Khurpa Memorial Hospital,Madhya Pradesh,Indore
"22.699, 73.114",22.698717,73.1143067,1,CHC Umreth,Gujarat,Anand
"22.7, 75.863",22.7001779,75.862596,1,Phaphriya Nursing Home and Surgical Clinic,Madhya Pradesh,Indore
"22.7, 84.694",22.7004696,84.6936702,1,PHC Kolebira,Jharkhand,Simdega
"22.701, 75.83",22.700988,75.829832,1,Arihant Hospital and Research Center,Madhya Pradesh,Indore
"22.702, 75.873",22.702438,75.872918,1,Goyal Nursing Home,Madhya Pradesh,Indore
"22.702, 85.928",22.7023346,85.9278993,1,Chc Saraikela,Jharkhand,Seraikella-Kharsawan
"22.703, 75.872",22.7027688,75.871585,1,Rohit Eye Hospital And Child Care Centre,Madhya Pradesh,Indore
"22.704, 75.841",22.7039085,75.8409595,1,Shreepad Laproscopy and Maternity Centre,Madhya Pradesh,Indore
"22.704, 75.855",22.7041954,75.8554027,1,H.J. Memorial Hospital,Madhya Pradesh,Indore
"22.704, 75.868",22.704175,75.868419,1,Patel Orthopedic Centre,Madhya Pradesh,Indore
"22.707, 72.659",22.7065366,72.6594646,1,Gayatri Hospital,Gujarat,Kheda
"22.709, 90.37",22.7086412,90.3702748,1,Ma Shivratri Dental Health Hospital,Bihar,Buxar
"22.711, 75.88",22.710688,75.8796089,1,R.K.Eye And Retina Centre,Madhya Pradesh,Indore
"22.711, 75.881",22.7111233,75.8805232,1,Jain Hospital and Trauma Centre,Madhya Pradesh,Indore
"22.711, 75.882",22.7111427,75.882231,1,Civil Hospital(Bhavsinhji Hospital),Gujarat,Porbandar
"22.713, 71.638",22.7125523,71.63828,1,Sava Hospital,Gujarat,Surendranagar
"22.713, 75.865",22.7132859,75.8651124,1,Vardan Hospital,Gujarat,Mahesana
"22.714, 75.846",22.7135032,75.8463108,1,Prem Kumari Devi Hospital,Madhya Pradesh,Indore
"22.715, 75.874",22.7152518,75.8739449,1,Manorama Maternity and Nursing Home,Madhya Pradesh,Indore
"22.716, 75.843",22.7155232,75.8433895,1,"Singhal Urology And Gynocology Center,Indore",Madhya Pradesh,Indore
"22.716, 75.855",22.7160057,75.8553095,1,Ajay Path Lab,Madhya Pradesh,Indore
"22.716, 75.857",22.7164924,75.8568078,1,Tanish Medical Care,Madhya Pradesh,Indore
"22.716, 75.858",22.7155187,75.858479,1,Ansari Nursing Home,Madhya Pradesh,Indore
"22.716, 75.861",22.7164264,75.8606499,1,Dr. Gada Hospital,Madhya Pradesh,Indore
"22.716, 75.862",22.7163129,75.8618902,1,Karuna Meternity And Nursing Home,Madhya Pradesh,Indore
"22.716, 88.334",22.7156108,88.3336032,1,Rishra Seva Sadan,Karnataka,Dharwad
"22.717, 75.838",22.7166063,75.8381435,1,S. K. Hospital,Madhya Pradesh,Indore
"22.717, 75.868",22.7174911,75.8682826,1,M Y Hospital,Madhya Pradesh,Indore
"22.717, 75.874",22.7166872,75.8739793,1,Sahaj Hospital,Madhya Pradesh,Indore
"22.717, 75.895",22.7173156,75.8947852,1,Arpit Maternity And Nursing Home,Madhya Pradesh,Indore
"22.717, 75.898",22.716696,75.89821,1,Vinayaka Nursing Home,Madhya Pradesh,Indore
"22.718, 75.882",22.718075,75.8823475,1,Gita Bhawan Trust B.M Mittal Hospital,Madhya Pradesh,Indore
"22.718, 75.905",22.7182251,75.9049493,1,Shakuntala Devi Hospital And Research Centre,Madhya Pradesh,Indore
"22.719, 75.87",22.719297,75.8704407,1,Treasure Health Hospital,Madhya Pradesh,Indore
"22.72, 75.836",22.7201926,75.835659,1,Nirmal Hospital,Madhya Pradesh,Indore
"22.72, 75.842",22.7204817,75.842463,1,City Netralaya,Madhya Pradesh,Indore
"22.72, 75.844",22.7204394,75.8443171,1,Harlalka Day Care,Madhya Pradesh,Indore
"22.72, 75.876",22.7198527,75.8763444,1,Haajra Maternity And Nursing Home,Madhya Pradesh,Indore
"22.72, 75.881",22.720456,75.880882,1,Beams Hospitals Pvt Ltd,Madhya Pradesh,Indore
"22.721, 75.857",22.72124,75.856741,1,"Yashlok Hospital,",Madhya Pradesh,Indore
"22.721, 75.862",22.7211712,75.8615124,1,Relife Hospital,Karnataka,Mysuru
"22.721, 75.882",22.721063,75.881751,1,Noble Hospital,Madhya Pradesh,Indore
"22.721, 75.9",22.7209529,75.8997767,1,Nahar Nursing Home,Madhya Pradesh,Indore
"22.724, 75.856",22.7240004,75.8555741,1,Rajshree Nursing Home,Madhya Pradesh,Indore
"22.724, 75.86",22.7240604,75.8604468,1,Patidar Nursing Home,Madhya Pradesh,Indore
"22.724, 75.862",22.7240823,75.8621478,1,Chaurasia Hospital And Research Centre,Madhya Pradesh,Indore
"22.724, 75.865",22.7241275,75.8652103,1,Arogya Nursing Home,Madhya Pradesh,Indore
"22.724, 75.866",22.7243922,75.8664774,1,Ayesha Nursing Home,Madhya Pradesh,Indore
"22.724, 75.885",22.7242863,75.8854146,1,Apollo Medical Invstgations and Appollo Nursing Home,Madhya Pradesh,Indore
"22.726, 71.633",22.7261901,71.6328257,1,Unique Cardiac Care,Gujarat,Surendranagar
"22.726, 75.885",22.725869,75.884598,1,Diabetes-Thyroid-Hormone Research Institute Pvt. L,Madhya Pradesh,Indore
"22.726, 75.893",22.7257146,75.8926659,1,Tooth Basics Dental Care Centre,Madhya Pradesh,Indore
"22.727, 75.883",22.727218,75.882678,1,Curewell Hospital Pvt Ltd,Madhya Pradesh,Indore
"22.727, 75.886",22.7265657,75.8864583,1,Sarvoday Nursing Home,Madhya Pradesh,Indore
"22.728, 75.878",22.7279,75.878235,1,Greater Malwa Nursing Home,Madhya Pradesh,Indore
"22.728, 75.883",22.727646,75.8828599,1,Laxmi Memorial Hospital,Madhya Pradesh,Indore
"22.728, 75.885",22.7276452,75.8853543,1,Indore Lasik Laser Centre,Madhya Pradesh,Indore
"22.729, 75.893",22.7290134,75.89312,1,Laxmi Ortho Medicare Centre,Madhya Pradesh,Indore
"22.729, 75.896",22.7291491,75.8963902,1,Royal Care Hospital,Madhya Pradesh,Indore
"22.731, 75.914",22.7314564,75.9143867,1,Al- Hayat Prasuti Grah and Surgical Centre,Madhya Pradesh,Indore
"22.732, 75.89",22.7322344,75.8897847,1,CHL CBCC Cancer Center,Madhya Pradesh,Indore
"22.733, 71.628",22.7325105,71.6277061,1,"Centre For Sight, Surendranagar",Gujarat,Surendranagar
"22.736, 75.887",22.7357816,75.8870724,1,Convenient Hospitals Ltd,Madhya Pradesh,Indore
"22.737, 75.876",22.7374822,75.8759072,1,City Hospital and Research Centre,Madhya Pradesh,Indore
"22.737, 75.885",22.7371059,75.8845788,1,Baser Ent and Gynaecology Institute,Madhya Pradesh,Indore
"22.738, 75.824",22.7379477,75.8243427,1,Sanmati Hospital,Madhya Pradesh,Indore
"22.741, 75.868",22.7414345,75.8684163,1,Sarjubai Parmarthik Netra Chikitsalaya,Madhya Pradesh,Indore
"22.741, 75.892",22.7407591,75.8921959,1,Chl Apollo Hospital,Madhya Pradesh,Indore
"22.742, 83.955",22.7424156,83.9550766,1,Holy Cross Hospital,Chhattisgarh,Jashpur
"22.743, 75.87",22.7429624,75.8699892,1,Dayanand Hospital,Madhya Pradesh,Indore
"22.744, 75.87",22.7436514,75.8695534,1,Samarth Maternity Home,Madhya Pradesh,Indore
"22.745, 75.874",22.744629,75.874243,1,P.C. Nursing Home,Madhya Pradesh,Indore
"22.747, 75.881",22.7472543,75.8805562,1,Saroj Nursing Home,Madhya Pradesh,Indore
"22.751, 73.152",22.7511706,73.1522704,1,Reejay Children Hospital,Gujarat,Kheda
"22.751, 75.896",22.7507104,75.8955229,1,Yash Diagnostic Solutions,Madhya Pradesh,Indore
"22.751, 77.727",22.7509181,77.7269665,1,Rewa Nursing Home,Madhya Pradesh,Hoshangabad
"22.752, 75.891",22.7519138,75.8912888,1,Rajbharti Nursing Home,Madhya Pradesh,Dewas
"22.754, 77.726",22.7538402,77.7256879,1,Saurabh Nurshing Home,Madhya Pradesh,Hoshangabad
"22.755, 77.731",22.7548583,77.7305435,1,Malvi Hospital,Madhya Pradesh,Hoshangabad
"22.756, 75.887",22.7558702,75.8872583,1,Centre For Sight,Madhya Pradesh,Indore
"22.757, 75.867",22.7570732,75.8672113,1,Gurukripa Prasuti and Nursing Home,Chhattisgarh,Raipur
"22.758, 75.889",22.7579819,75.889208,1,Synergy Hospital - Indore,Madhya Pradesh,Indore
"22.76, 73.649",22.7602938,73.6494671,1,Chirag Eye Hospital,Gujarat,Panchmahal
"22.76, 75.907",22.7600454,75.9066668,1,Universal Hospital And Care Centre,Madhya Pradesh,Indore
"22.76, 81.884",22.7604559,81.8838931,1,Star Hospital Pvt.Ltd.,Chhattisgarh,Bilaspur
"22.761, 75.874",22.7607109,75.8744981,1,Gayatri Hospital,Gujarat,Gandhinagar
"22.761, 75.875",22.7614665,75.8745775,1,Chirag Nursing Home,Madhya Pradesh,Indore
"22.762, 78.349",22.7622132,78.3486781,1,Dr Kamal Kishor Paliwal Nursing Home,Madhya Pradesh,Hoshangabad
"22.763, 75.873",22.7630844,75.8731748,1,Bapat Hospital,Madhya Pradesh,Indore
"22.763, 75.889",22.763497,75.889034,1,Ashadeep Hospital,Madhya Pradesh,Indore
"22.764, 75.871",22.7641257,75.8710616,1,Shree Immuno Diagnostics,Madhya Pradesh,Indore
"22.766, 75.89",22.7655159,75.8899707,1,Kibs Hospital,Madhya Pradesh,Indore
"22.768, 73.621",22.7683667,73.6213318,1,Sevashram Hospital,Gujarat,Panchmahal
"22.768, 75.896",22.7684301,75.8957024,1,Synergy Hospital,Madhya Pradesh,Indore
"22.769, 73.621",22.7693277,73.621316,1,Kamodia Surgical Hospital And Dental Clinic,Gujarat,Panchmahal
"22.769, 73.636",22.7693517,73.6360315,1,Rachana Medical Nursing Home,Gujarat,Panchmahal
"22.769, 86.256",22.7685113,86.2560149,1,Tata Main Hospital,Jharkhand,East Singhbhum
"22.77, 74.592",22.769666,74.5920921,1,Rogi Kalyn Samiti Govt Hospital,Madhya Pradesh,Jhabua
"22.77, 76.301",22.7699757,76.3014896,1,Christian Hospital,Madhya Pradesh,Dewas
"22.774, 73.62",22.7743861,73.6200714,1,Diwya Surgical Hospital,Gujarat,Panchmahal
"22.775, 86.183",22.7745038,86.1825493,1,Rajasthan Seva Sadan,Jharkhand,East Singhbhum
"22.784, 73.67",22.7844189,73.6704673,1,S. P. P. T. Mirani Eye Hospital,Gujarat,Panchmahal
"22.79, 75.847",22.7898854,75.8472972,1,Sri Auriboindo Institute of Medical Sciences,Madhya Pradesh,Indore
"22.793, 86.179",22.79296,86.1790513,1,Steel City Clinic And Research Centre,Jharkhand,East Singhbhum
"22.794, 86.217",22.7936562,86.2174759,1,Tinplate Hospital,Jharkhand,East Singhbhum
"22.799, 75.935",22.7989708,75.9349835,1,Suyash Hospital,Madhya Pradesh,Indore
"22.802, 89.535",22.8023487,89.5346778,1,Childrens Hospital,Chhattisgarh,Bilaspur
"22.803, 86.168",22.8034158,86.167546,1,Gangotri Homes Pvt Ltdmedical Center,Jharkhand,East Singhbhum
"22.803, 86.232",22.8034668,86.2323641,1,Arogyam Hospital and Diagnostic Research Center,Jharkhand,East Singhbhum
"22.805, 86.205",22.8047994,86.2050072,1,Steel City Clinic and Research Center,Jharkhand,Ranchi
"22.809, 86.215",22.8089964,86.2145791,1,Chaudhary Medicare Hospital Pvt Ltd,Jharkhand,East Singhbhum
"22.81, 86.208",22.80989,86.2076092,1,Jamshedpur Eye Hospital,Jharkhand,East Singhbhum
"22.812, 70.824",22.8119895,70.8236195,1,Krishna Multispeciality Hospital,Gujarat,Rajkot
"22.812, 75.935",22.8119715,75.9347113,1,Prem Nursing Home,Madhya Pradesh,Indore
"22.815, 86.265",22.8147026,86.2652668,1,Dr P K Ghosh Memorial Hospital and Research Center,Jharkhand,East Singhbhum
"22.816, 70.832",22.8156106,70.8315057,1,Civil Hospital,Gujarat,Rajkot
"22.82, 72.756",22.8202422,72.7557763,1,Bhavsar Hospital,Gujarat,Kheda
"22.821, 86.173",22.8213838,86.1726327,1,Saheli Nursing Home and Research Centre,Jharkhand,East Singhbhum
"22.827, 73.989",22.82708,73.9894679,1,Pooja Maternity Home and General Hospital,Gujarat,Dahod
"22.827, 86.224",22.8273056,86.2237127,1,Ganga Memorial Hospital and Research Centre,Jharkhand,East Singhbhum
"22.831, 74.262",22.8306673,74.2617903,1,Thakor Hospital,Gujarat,Dahod
"22.832, 74.252",22.8324185,74.2520279,1,Zainab Nursing Home,Gujarat,Dahod
"22.843, 69.735",22.8427013,69.7352174,1,Shri Sarva Seva Sangh - Kachchh,Gujarat,Kachchh
"22.86, 88.369",22.8603296,88.3688527,1,United Nursing Home,Karnataka,Dharwad
"22.861, 88.369",22.8611273,88.368633,1,Chandan Nagar Ocular Clinic,Karnataka,Dharwad
"22.865, 88.363",22.8647723,88.36326,1,K. K. Hospital - Pune,Maharashtra,Pune
"22.873, 84.645",22.8727059,84.6453489,1,PHC Palkot,Jharkhand,Gumla
"22.89, 88.378",22.8895539,88.3780789,1,Saakshi Children Hyospital,Gujarat,Vadodara
"22.893, 74.027",22.8931574,74.0270745,1,Vardan General Hospital And Prasutigruh,Gujarat,Dahod
"22.906, 86.387",22.9060964,86.3868332,1,PHC Patamda,Jharkhand,East Singhbhum
"22.915, 91.142",22.915403,91.1415052,1,Vaishali Nursing Home,Bihar,Vaishali
"22.922, 72.535",22.9215273,72.5349432,1,Shrey Multifacilities Pvt Ltd,Gujarat,Ahmedabad
"22.944, 73.336",22.9435925,73.3364683,1,Meena Hospital,Gujarat,Kheda
"22.954, 84.455",22.9536914,84.4553335,1,PHC Raidih,Jharkhand,Gumla
"22.955, 72.625",22.9549835,72.6251672,1,Talsania Clinic,Gujarat,Ahmedabad
"22.958, 91.124",22.9583266,91.123561,1,Poonam Surgery,Bihar,Vaishali
"22.959, 76.044",22.959319,76.0435202,1,Sanskar Hospital and Research Center,Madhya Pradesh,Dewas
"22.966, 76.054",22.9663577,76.0539264,1,Navodaya Hospital and Research Center,Madhya Pradesh,Dewas
"22.968, 76.063",22.9680212,76.0634575,1,Deokar Nursing Home,Madhya Pradesh,Dewas
"22.969, 76.049",22.9690341,76.0494871,1,Prabhu Prasad Chikitasalay,Madhya Pradesh,Dewas
"22.976, 72.502",22.9761405,72.5022216,1,CHC Sarkhej,Gujarat,Ahmedabad
"22.976, 72.602",22.9763097,72.6023158,1,Kanan Children Hospital,Gujarat,Ahmedabad
"22.981, 72.611",22.981344,72.61116,1,Suman Children Hospital,Gujarat,Ahmedabad
"22.983, 72.614",22.983271,72.6140787,1,Reva Maternity Home And Sonography Centre,Gujarat,Ahmedabad
"22.985, 72.44",22.985366,72.440295,1,Mamta Medisurge Private Ltd.,Gujarat,Ahmedabad
"22.985, 72.494",22.9852441,72.4942028,1,Sahyog General Hospital,Gujarat,Ahmedabad
"22.988, 72.471",22.9877945,72.4713571,1,Sahyog General Hospital and Nursing Home,Gujarat,Ahmedabad
"22.988, 72.495",22.9884468,72.4949156,1,Siddharth Hospital,Karnataka,Dharwad
"22.99, 72.611",22.9899993,72.611185,1,Shreejee Hospital,Gujarat,Ahmedabad
"22.99, 72.628",22.9897281,72.628422,1,Kunal Medical Hospital,Gujarat,Ahmedabad
"22.991, 72.607",22.9907698,72.6070676,1,Ansuya General Hospital,Gujarat,Ahmedabad
"22.991, 72.615",22.991032,72.6145555,1,Daxini Orthopaedic Hospital,Gujarat,Ahmedabad
"22.992, 72.617",22.992081,72.6173344,1,Shivam Medical Hospital,Gujarat,Ahmedabad
"22.993, 72.379",22.9926597,72.3794653,1,Suvidha Orthopedic And Acccident Hospital,Gujarat,Ahmedabad
"22.993, 72.526",22.9931222,72.5256718,1,Mahin Lifecare Services Pvt.Ltd,Gujarat,Ahmedabad
"22.994, 72.608",22.9940097,72.6075777,1,Ansuya General Hospital,Gujarat,Ahmedabad
"22.995, 72.52",22.9945059,72.5200077,1,Laxmi Critical Care Pvt Ltd,Gujarat,Ahmedabad
"22.995, 72.528",22.9946755,72.5282434,1,Aashu Dental Multispeciality Polyclinic,Gujarat,Ahmedabad
"22.995, 72.604",22.9947787,72.6038517,1,Siddhi Vinayak Hospital,Gujarat,Ahmedabad
"22.995, 72.614",22.994729,72.613694,1,Pallav J M Desai Memorial Hospital (Better Health Pvt.Ltd.),Gujarat,Ahmedabad
"22.996, 72.524",22.99619,72.5235092,1,Mahin Hospital,Gujarat,Ahmedabad
"22.996, 72.612",22.9956934,72.6118466,1,Aarti Surgical Nursing Home,Gujarat,Ahmedabad
"22.997, 72.599",22.9973389,72.5987432,1,Tr Memorial Hospital,Gujarat,Ahmedabad
"22.998, 71.457",22.9982622,71.4570615,1,Jaina Maternity and Nursing Home,Gujarat,Surendranagar
"22.998, 72.557",22.9977398,72.5568539,1,Dr. Kalpana Munshi Nursing Home,Gujarat,Ahmedabad
"22.998, 72.61",22.9979201,72.6098255,1,Ravi Surgical Hospital,Gujarat,Ahmedabad
"22.999, 72.617",22.9991066,72.616569,1,Yogiji Medical Hospital,Gujarat,Ahmedabad
"22.999, 72.624",22.999043,72.6244824,1,Kunal Medical Hospital,Gujarat,Ahmedabad
"22.999, 72.625",22.9990895,72.6245071,1,Het Childcare Hospital,Gujarat,Ahmedabad
"23.0, 72.557",22.9995425,72.5566256,1,Aims Hospital,Gujarat,Ahmedabad
"23.0, 72.607",23.0001725,72.6072666,1,Vinayak Children Hospital-Maninagar,Gujarat,Ahmedabad
"23.001, 72.547",23.0011871,72.5467567,1,Kiran Surgical Hospital,Gujarat,Ahmedabad
"23.001, 72.609",23.0011029,72.6089563,1,Sukrut Orthopaedic Hospital,Gujarat,Ahmedabad
"23.002, 72.618",23.0017237,72.6183117,1,Vivek Children Hospital,Gujarat,Ahmedabad
"23.003, 72.557",23.003031,72.55703,1,Lekhadia Hospital,Gujarat,Ahmedabad
"23.004, 72.58",23.0044106,72.5801565,1,Ratan Hospital,Gujarat,Ahmedabad
"23.006, 72.545",23.0056634,72.5452848,1,Dev Hospital,Gujarat,Ahmedabad
"23.006, 72.59",23.0057193,72.5897982,1,N M Virani Wockhardt Hospital,Gujarat,Ahmedabad
"23.007, 72.628",23.007206,72.6275,1,Archan Eye Hospital and Phaco Centre,Gujarat,Ahmedabad
"23.008, 72.442",23.0082573,72.4421658,1,Ahmedabad Homeopathy Medical College,Gujarat,Ahmedabad
"23.008, 72.595",23.0082263,72.5945836,1,Pooja Hospital,Gujarat,Ahmedabad
"23.011, 72.563",23.0111648,72.5630358,1,Jyoti Eye Hospital- Phaco Laser Centre,Gujarat,Ahmedabad
"23.013, 72.562",23.0134135,72.5624095,1,Paldi Hospital Private Ltd.,Gujarat,Ahmedabad
"23.014, 72.532",23.0141755,72.5316915,1,Parekhs Hospital Pvt.Ltd,Gujarat,Ahmedabad
"23.015, 72.566",23.0147055,72.5662048,1,Niva Aks Life Sciences Pvt. Ltd.,Gujarat,Ahmedabad
"23.016, 72.567",23.0164223,72.5669336,1,Munshi Hospital,Gujarat,Ahmedabad
"23.017, 72.562",23.017305,72.561842,1,Fracture and Orthopaedic Hospital,Gujarat,Ahmedabad
"23.017, 72.566",23.0165215,72.5664187,1,Gandhi Uro Care,Gujarat,Ahmedabad
"23.018, 72.554",23.0182385,72.5544468,1,Mangeet Medical Nursing Home and Heart Care,Gujarat,Ahmedabad
"23.018, 72.56",23.018124,72.560044,1,Sannidhya Hospital,Gujarat,Ahmedabad
"23.019, 72.532",23.0191883,72.5322339,1,Parimal Hospital,Gujarat,Ahmedabad
"23.02, 72.531",23.020409,72.5305849,1,Armaan Eye Hospital,Gujarat,Ahmedabad
"23.02, 72.556",23.0203135,72.5561606,1,Kkrishana Heart and Super Speciality Institute,Gujarat,Ahmedabad
"23.02, 73.07",23.0200163,73.0700421,1,Kothari Orthopaedic Hospital,Gujarat,Kheda
"23.021, 73.068",23.0214669,73.068096,1,Annapurna Hospital - Kapadwanj,Gujarat,Kheda
"23.022, 72.539",23.0220999,72.5385406,1,Jyoti Maternity Hospital,Gujarat,Ahmedabad
"23.022, 72.543",23.0224786,72.5426641,1,Khandwala Orthopeadic HospitalandSkin Clinic,Gujarat,Ahmedabad
"23.022, 72.571",23.0223121,72.5712866,1,Subhadra Gastro Surgery Hospital,Gujarat,Ahmedabad
"23.022, 72.594",23.022393,72.5937383,1,Dhwani Children Hospital,Gujarat,Ahmedabad
"23.023, 72.556",23.023374,72.5557911,1,Scientific Diagnostic Centre,Gujarat,Ahmedabad
"23.023, 73.07",23.0230183,73.0698191,1,Jeevandeep Nursing Home,Gujarat,Kheda
"23.023, 73.53",23.0234765,73.529964,1,Sarvoday Hospital,Gujarat,Panchmahal
"23.024, 72.445",23.0242303,72.4445151,1,Krishna Heart Institute,Gujarat,Ahmedabad
"23.026, 72.55",23.0261987,72.5500485,1,Adventist Wockhardt Heart Hospital,Gujarat,Ahmedabad
"23.026, 72.592",23.0262685,72.5916802,1,Matoshree Polyclinic Pvt Ltd,Gujarat,Patan
"23.027, 72.552",23.0271349,72.5515384,1,"Centre For Sight, Ahmedabad",Gujarat,Ahmedabad
"23.028, 72.477",23.0282346,72.4774611,1,New Life Medical and Heart Hospital,Gujarat,Ahmedabad
"23.028, 72.671",23.027679,72.6713328,1,Vatsalya Neonatal and Children Hospital,Gujarat,Ahmedabad
"23.028, 84.589",23.0277077,84.5893548,1,St Joseph S Hospital,Jharkhand,Gumla
"23.029, 72.647",23.0291363,72.6474545,1,Shivam Eye Hospital,Gujarat,Ahmedabad
"23.03, 72.453",23.0302433,72.4527779,1,Sagar Orthopaedic Hospital,Gujarat,Ahmedabad
"23.031, 72.527",23.0312249,72.5269388,1,Akshay Heart and Medical Hospital,Gujarat,Ahmedabad
"23.031, 72.559",23.031063,72.559492,1,Navneet Memorial Hospital (Sushrusha Hospital),Gujarat,Ahmedabad
"23.032, 72.47",23.0317203,72.4703062,1,"Shreeji Children Hospital,Neonatal Care And Vaccination Centre",Gujarat,Ahmedabad
"23.032, 72.611",23.0317383,72.6113038,1,Maniben K.K. Eye Hospital,Gujarat,Ahmedabad
"23.033, 72.551",23.0331961,72.551313,1,Ankur Nursing Home,Goa,North Goa
"23.033, 72.563",23.03285,72.562613,1,Dr. Rajendra C. Patel Orthopaedic Nursing Home,Gujarat,Ahmedabad
"23.035, 72.577",23.0348049,72.5770706,1,Lifecare Emergency Centre,Gujarat,Ahmedabad
"23.035, 72.58",23.0345637,72.5795414,1,Dr. Ajay Shah Nursing Home,Gujarat,Ahmedabad
"23.035, 72.62",23.034889,72.619559,1,Shreeram Polyclinic,Gujarat,Ahmedabad
"23.035, 72.629",23.0348745,72.6294565,1,Sagar Orthopaedic Hospital,Gujarat,Ahmedabad
"23.036, 72.515",23.0358364,72.5151678,1,Nanavati Eye Hospital Pvt. Ltd,Gujarat,Ahmedabad
"23.036, 72.561",23.0360548,72.5610286,1,Super Surgical Hospital,Gujarat,Ahmedabad
"23.037, 72.593",23.0374465,72.5929919,1,Ashadeep Hospital,Gujarat,Ahmedabad
"23.037, 72.63",23.0372086,72.630419,1,Kakadiya Hospital,Gujarat,Ahmedabad
"23.038, 72.523",23.0382242,72.5233026,1,Avataran Eye Hospital and Oculoplasty Clinic,Gujarat,Ahmedabad
"23.038, 72.561",23.0376631,72.5606882,1,Umalay,Gujarat,Ahmedabad
"23.039, 72.561",23.0390208,72.5611501,1,Nova Pulse Ivf Clinic Ahmedabad Pvt.Ltd.,Gujarat,Ahmedabad
"23.039, 72.568",23.0387991,72.5679062,1,Satya Medical Center,Gujarat,Ahmedabad
"23.04, 72.554",23.0403714,72.5541475,1,Cheers Interventional Pain Management,Gujarat,Ahmedabad
"23.04, 72.564",23.0399849,72.5636698,1,Dr. Kandarp P. Parikh (Shyam Urosurgical Hospital),Gujarat,Ahmedabad
"23.04, 72.632",23.0401359,72.6323309,1,Vatsalya Gynec Hospital,Gujarat,Ahmedabad
"23.04, 72.651",23.0398068,72.6511736,1,Maruti Orthopaedic Hospital,Gujarat,Ahmedabad
"23.042, 72.57",23.0420922,72.5695801,1,Aalok Hospital,Gujarat,Ahmedabad
"23.042, 72.589",23.0418187,72.5889963,1,The Gujarat Research and Medical Institute ( Rajasthan Hospital),Gujarat,Ahmedabad
"23.043, 84.55",23.0425582,84.5500769,1,Namrata Hospital,Jharkhand,Gumla
"23.044, 72.549",23.0438581,72.5488977,1,Rishi Hospital,Madhya Pradesh,Hoshangabad
"23.044, 72.639",23.044258,72.638888,1,Anand Hospital and Multispeciality,Gujarat,Ahmedabad
"23.045, 72.549",23.0445355,72.5490158,1,New Shalby Orthopaedic and Research Center,Gujarat,Ahmedabad
"23.045, 72.562",23.0448507,72.5620668,1,Life Care Institute Of Medical Sciences Research Pvt Ltd,Gujarat,Ahmedabad
"23.045, 72.607",23.0451653,72.6073159,1,B.J. Medical College,Gujarat,Ahmedabad
"23.046, 72.535",23.0462309,72.5345384,1,Kalrav Children Hospital,Gujarat,Ahmedabad
"23.046, 72.551",23.0460366,72.5511327,1,Tejal Eye Hospital And Phaco Surgery Clinic,Gujarat,Ahmedabad
"23.046, 72.553",23.0458602,72.5532019,1,Brij Basant Hospital,Gujarat,Ahmedabad
"23.046, 72.571",23.046206,72.570999,1,Kalavati Nursing Home,Gujarat,Ahmedabad
"23.047, 72.525",23.0474489,72.5251615,1,Sanjeevani Hospital Pvt Ltd,Gujarat,Ahmedabad
"23.047, 72.533",23.0471333,72.5332871,1,Jain Hospital And Icu,Gujarat,Ahmedabad
"23.047, 72.534",23.046609,72.5336155,1,Aroma Womens Hospital,Gujarat,Ahmedabad
"23.047, 72.559",23.0473095,72.5589466,1,Bhadra Clinic Hospital,Gujarat,Ahmedabad
"23.048, 72.562",23.047877,72.5619306,1,Life Care Institute Of Medical Sciences And Research Pvt Ltd (Limsar),Gujarat,Ahmedabad
"23.048, 72.59",23.0481336,72.5899674,1,Gayathri Hospital,Gujarat,Ahmedabad
"23.049, 72.524",23.0485481,72.5238414,1,Sal Hospital and Medical Institute,Gujarat,Ahmedabad
"23.049, 72.562",23.0492974,72.5619754,1,Pramukh Neurosurgical Hosptial,Gujarat,Ahmedabad
"23.049, 72.603",23.0494136,72.6027042,1,Civil Hospital,Gujarat,Ahmedabad
"23.05, 72.599",23.049566,72.598619,1,Dr Praful Munishi S Nursing Home,Gujarat,Ahmedabad
"23.05, 72.624",23.0498389,72.6242648,1,Parth Maternity and Medical Nursing Home,Gujarat,Ahmedabad
"23.05, 75.377",23.0504394,75.3773549,1,Geeta Hospital And Research Centre,Madhya Pradesh,Ujjain
"23.05, 85.655",23.0504367,85.6550471,1,PHC Tamar,Jharkhand,Ranchi
"23.051, 72.546",23.0510083,72.5461162,1,Kaizen Hospital,Gujarat,Ahmedabad
"23.051, 72.594",23.0511285,72.5936759,1,Bharti-Vallabh Hospital,Gujarat,Ahmedabad
"23.052, 72.559",23.0522531,72.5593154,1,Pruthvi Med Nursing Home and Heart Centre,Gujarat,Ahmedabad
"23.052, 72.56",23.0520412,72.5601436,1,Anand Eye Hospital,Gujarat,Ahmedabad
"23.052, 72.561",23.0520667,72.5607786,1,Minal Infertility Clinic and Nursing Home,Gujarat,Ahmedabad
"23.054, 72.572",23.0540244,72.5720102,1,Bodycare Orthopaedic and Trauma Hospital,Gujarat,Ahmedabad
"23.054, 72.643",23.0542219,72.6432045,1,Navjivan Maternity and Orthopaedic Hospital,Gujarat,Ahmedabad
"23.056, 72.546",23.0557284,72.5457772,1,Bhavasar Eye Hospital and Maternity Nursing Home,Gujarat,Ahmedabad
"23.056, 72.57",23.0563223,72.5702392,1,Shalin Eyecare Hospital,Gujarat,Ahmedabad
"23.057, 72.556",23.0573976,72.5564588,1,Shree Ch Nagari Eye Hospital,Gujarat,Ahmedabad
"23.057, 72.616",23.0571388,72.6163038,1,Navjivan Maternity Home And Sonography Hospital,Gujarat,Ahmedabad
"23.058, 72.578",23.0582661,72.577928,1,Harsh Neurosurgical Hospital,Gujarat,Ahmedabad
"23.059, 72.536",23.0594587,72.5360565,1,Vallabh Surgical Hospital,Gujarat,Ahmedabad
"23.059, 72.538",23.0589804,72.5377502,1,Cutis Cosmetic Plastic Surgery Centre,Gujarat,Ahmedabad
"23.06, 72.559",23.0595383,72.5585958,1,Matruchhaya Children Hospital,Gujarat,Ahmedabad
"23.061, 72.57",23.0614938,72.5696557,1,Devasya Kidney and Multi speciality Hospital,Gujarat,Ahmedabad
"23.062, 72.534",23.0615268,72.5344732,1,Dr.Atul Shah Eye Hospital,Gujarat,Ahmedabad
"23.062, 72.557",23.0623588,72.5574533,1,Kumud Heart Hospital and Medical Nursing Home,Gujarat,Ahmedabad
"23.062, 72.64",23.0617553,72.6398765,1,Gayatri Heart and Medical Hospital,Gujarat,Ahmedabad
"23.064, 72.664",23.0638657,72.6636635,1,Dharmanandan Surgical Hospital,Gujarat,Ahmedabad
"23.065, 70.13",23.0650001,70.1301625,1,Shah Orthopaedic and Superspeciality Hospital,Gujarat,Kachchh
"23.066, 70.126",23.0655995,70.1264294,1,Patel Hospital,Gujarat,Kachchh
"23.066, 70.135",23.0662629,70.13458,1,Anuragh Medical Nursing Home,Gujarat,Kachchh
"23.066, 72.663",23.0662678,72.6627451,1,Uma Maternity and Nursing Home,Gujarat,Ahmedabad
"23.067, 70.105",23.0665251,70.1046474,1,St. Josephs Hospital,Gujarat,Kachchh
"23.067, 72.557",23.0673142,72.5567139,1,CGHS Dispensary No.4,Gujarat,Ahmedabad
"23.067, 72.567",23.0672281,72.5665072,1,Ami-Sagar Hospital,Gujarat,Ahmedabad
"23.068, 70.129",23.067578,70.129054,1,Vora General and Surgical Hospital,Gujarat,Kachchh
"23.069, 70.13",23.068932,70.1303877,1,Hotchandani Orthopaedic Hospital,Gujarat,Kachchh
"23.071, 70.129",23.0709605,70.1292131,1,Omkar Medical Nursing Home,Gujarat,Kachchh
"23.071, 72.671",23.070887,72.6712894,1,Prasad Hospital,Gujarat,Ahmedabad
"23.071, 85.28",23.0710655,85.2802348,1,Life Line Health Care Centre,Jharkhand,Khunti
"23.072, 70.152",23.071922,70.1515342,1,Pushpanjali Hospital,Gujarat,Kachchh
"23.072, 72.558",23.0718369,72.5583823,1,Vardan Eye Hospital,Gujarat,Ahmedabad
"23.073, 72.592",23.0734622,72.5918636,1,Shivani Health Care Centre,Bihar,Begusarai
"23.074, 72.538",23.0738585,72.5378752,1,J J Hospital,Gujarat,Ahmedabad
"23.076, 85.284",23.0759915,85.2838929,1,Daya Sagar,Jharkhand,Khunti
"23.077, 72.54",23.0770632,72.5395232,1,Shri Yogeshwar General Hospital,Gujarat,Ahmedabad
"23.078, 72.655",23.078401,72.655338,1,Jay Hospital,Gujarat,Vadodara
"23.08, 75.818",23.0796326,75.8180367,1,Shinde Nursing And Maternity Home,Madhya Pradesh,Ujjain
"23.083, 72.591",23.0834792,72.5912074,1,Shreeji Clinic and Nursing Home,Gujarat,Ahmedabad
"23.085, 72.571",23.0847359,72.5713358,1,Jalaram Hospital,Gujarat,Ahmedabad
"23.087, 72.484",23.0867539,72.4838768,1,Kesarl Sal Medical College and Research Institute,Gujarat,Ahmedabad
"23.087, 72.563",23.0866456,72.5630236,1,Sri Padmavathi Multi Speciality Hospital,Andhra Pradesh,Chittoor
"23.087, 72.592",23.0871897,72.592215,1,Dhruvi E.N.T. Hospital,Gujarat,Ahmedabad
"23.088, 72.586",23.0883827,72.5864839,1,Parth Children Hospital and Neonatal Care Center,Gujarat,Ahmedabad
"23.089, 72.589",23.0890739,72.5888509,1,Panchhil Hospital,Gujarat,Ahmedabad
"23.095, 74.153",23.0946653,74.1534386,1,Neel Surgical Hospital For Children,Gujarat,Mahesana
"23.098, 74.164",23.0981684,74.1643497,1,Avadh Hospital,Gujarat,Dahod
"23.105, 72.578",23.1051905,72.5775625,1,Utkarsh Hospital,Gujarat,Ahmedabad
"23.106, 72.525",23.1059134,72.5252884,1,Samata Hospital Pvt.Ltd,Gujarat,Ahmedabad
"23.108, 84.943",23.1080433,84.9427335,1,PHC Lapung,Jharkhand,Ranchi
"23.126, 73.606",23.1264049,73.6059702,1,Akash Surgical Hospital,Gujarat,Panchmahal
"23.13, 79.928",23.1302617,79.9283992,1,Gupta Surgical Hospital and Maternity Home,Madhya Pradesh,Jabalpur
"23.133, 73.616",23.1332572,73.6160745,1,Sameer Surgical Ghospital,Gujarat,Panchmahal
"23.135, 83.182",23.1354921,83.1817856,1,Shriram Hospital,Chhattisgarh,Surguja
"23.136, 79.928",23.1358956,79.9282314,1,Sahni Hospital,Madhya Pradesh,Jabalpur
"23.154, 75.788",23.154471,75.7878496,1,Sanwer Cure Well Pvt. Ltd.,Madhya Pradesh,Indore
"23.16, 85.587",23.1599999,85.5869352,1,PHC Bundu,Jharkhand,Ranchi
"23.161, 75.735",23.1613245,75.7353609,1,Ashok Hospital,Madhya Pradesh,Ujjain
"23.162, 75.808",23.1618435,75.8081587,1,Saluja Nursing and Maternity Home,Madhya Pradesh,Ujjain
"23.162, 79.937",23.1620527,79.9365114,1,The Birth Maternity Home,Bihar,Patna
"23.162, 79.946",23.1622205,79.9455893,1,Marble City Hospital And Research Centre,Madhya Pradesh,Jabalpur
"23.163, 79.972",23.1626622,79.9715505,1,Virwani Hospital,Maharashtra,Akola
"23.164, 72.81",23.1642673,72.8101887,1,Chc Rakhiyal,Gujarat,Sabar kantha
"23.165, 79.922",23.1654784,79.9222821,1,Anant Nursing Home Pvt Ltd,Madhya Pradesh,Jabalpur
"23.165, 84.137",23.1648068,84.1369175,1,PHC Dumri,Jharkhand,Gumla
"23.168, 72.578",23.1683667,72.5781545,1,CHC Adalaj,Gujarat,Gandhinagar
"23.169, 79.911",23.1689153,79.9112243,1,Central Hospital and Research Center,Madhya Pradesh,Jabalpur
"23.169, 79.918",23.1692089,79.9176727,1,Harshey Hospital,Madhya Pradesh,Jabalpur
"23.169, 79.934",23.1689057,79.9335596,1,Hindustan Hospital,Madhya Pradesh,Jabalpur
"23.169, 79.947",23.168561,79.9471771,1,Pandey Hospital Pvt Ltd,Madhya Pradesh,Jabalpur
"23.17, 79.927",23.1702093,79.927053,1,National Hospital,Madhya Pradesh,Jabalpur
"23.171, 75.792",23.1712155,75.7916513,1,J.K.Nursing Home,Madhya Pradesh,Ujjain
"23.18, 72.568",23.179819,72.568142,1,Astha Orthopaedic and Spine Hospital,Gujarat,Gandhinagar
"23.183, 82.961",23.1828457,82.9610776,1,Community Health Center,Chhattisgarh,Surguja
"23.188, 79.928",23.188232,79.9278662,1,Vimal Nursing And Maternity Home,Madhya Pradesh,Jabalpur
"23.191, 77.434",23.1911465,77.4335639,1,Naman Hospital,Madhya Pradesh,Bhopal
"23.193, 77.45",23.193125,77.4498377,1,Nilay Hospital,Madhya Pradesh,Bhopal
"23.195, 77.426",23.1945055,77.4257319,1,Samarpan Kidney Institute and Research Center,Madhya Pradesh,Bhopal
"23.196, 77.472",23.1960677,77.4723483,1,Shri Maya Maternity and General Hospital,Madhya Pradesh,Bhopal
"23.2, 72.618",23.2000739,72.6178623,1,Shreeji Fracture and Orthopaedic Hospital,Gujarat,Gandhinagar
"23.201, 77.088",23.2005571,77.08776,1,Jaiswal Hospital,Madhya Pradesh,Sehore
"23.201, 77.354",23.2007852,77.3543133,1,Jashdeep Hospital,Madhya Pradesh,Bhopal
"23.203, 77.414",23.2031893,77.4136924,1,Suyash Mother and Child Hospital,Madhya Pradesh,Bhopal
"23.203, 77.435",23.2030023,77.4349118,1,Pushpanjali Hsopital,Madhya Pradesh,Bhopal
"23.205, 77.085",23.205012,77.0850781,1,Pushpa Kalyan Hospital,Madhya Pradesh,Sehore
"23.207, 77.387",23.2074655,77.38699,1,Jashdeep Hospital,Madhya Pradesh,Bhopal
"23.207, 77.434",23.206906,77.4343394,1,Dewani Hospital And Research Centre,Madhya Pradesh,Bhopal
"23.208, 72.636",23.2081099,72.6360795,1,Yashdeep Eye and Child Hospital,Gujarat,Gandhinagar
"23.208, 77.445",23.2075997,77.4448655,1,Yash Hospital And Diagnostic Centre,Madhya Pradesh,Bhopal
"23.21, 77.44",23.2102955,77.4400774,1,Asha Niketan Hospital,Madhya Pradesh,Bhopal
"23.214, 69.651",23.2143412,69.6512178,1,Accord Multi Speciality Hospital,Gujarat,Kachchh
"23.214, 77.454",23.2135895,77.453704,1,Aadhar Hospital,Gujarat,Vadodara
"23.215, 72.642",23.2151109,72.6422882,1,Dr Deepak Mehta Surgical Hospital And Nursing Home,Gujarat,Gandhinagar
"23.215, 77.434",23.2148956,77.4336221,1,Anushree Hospital,Madhya Pradesh,Bhopal
"23.22, 77.391",23.2197853,77.3905781,1,Get Well Hospital and Research Centre,Madhya Pradesh,Bhopal
"23.221, 77.427",23.2210969,77.4267778,1,Jay Prasuti Gruh and Nursing Home,Gujarat,Ahmedabad
"23.223, 77.433",23.223396,77.4334193,1,Scan Point Diagnostics,Karnataka,Bengaluru Urban
"23.226, 72.732",23.2260728,72.7318827,1,Krishana Hospital,Gujarat,Gandhinagar
"23.228, 77.423",23.228385,77.4233549,1,Parul Hospital Pvt Ltd,Madhya Pradesh,Bhopal
"23.231, 77.434",23.2311156,77.4335921,1,Akshay Hospital,Chhattisgarh,Korba
"23.232, 77.398",23.2318039,77.3984704,1,Hajela Hospital,Madhya Pradesh,Bhopal
"23.232, 90.663",23.2320991,90.663075,1,Vyas Hospital,Chhattisgarh,Bilaspur
"23.234, 69.658",23.2344192,69.6579311,1,Rana Hospital - Bhuj,Gujarat,Rajkot
"23.234, 77.437",23.2338732,77.4373148,1,Vatsalya Hospital,Madhya Pradesh,Bhopal
"23.234, 77.439",23.2337962,77.439358,1,Lakecity Hospital,Madhya Pradesh,Bhopal
"23.235, 72.505",23.2352131,72.5048025,1,Harsh Surgical Hospital and Endolaproscopy Center,Gujarat,Gandhinagar
"23.235, 72.658",23.2350111,72.6579865,1,Sarkari Ayurved Hospital,Gujarat,Gandhinagar
"23.237, 77.402",23.2367044,77.4015309,1,Nahar Nursing Home,Madhya Pradesh,Bhopal
"23.237, 77.439",23.2373067,77.4393601,1,Shivam Hospital,Madhya Pradesh,Bhopal
"23.239, 72.658",23.2389788,72.6576582,1,Satya Hospital,Gujarat,Vadodara
"23.24, 77.464",23.2400638,77.4644607,1,Sachin Mamta Hospital,Madhya Pradesh,Bhopal
"23.241, 69.672",23.241104,69.672315,1,Rao Surgical and Children Hospital,Gujarat,Kachchh
"23.244, 69.645",23.243674,69.6449153,1,Lnm Cruop Lions Hospital and Research Centre,Gujarat,Kachchh
"23.244, 72.503",23.2442263,72.5032897,1,Shraddha Hospital,Gujarat,Gandhinagar
"23.246, 69.678",23.2456892,69.6777796,1,Navjeevan Hospital - Amravati,Maharashtra,Amravati
"23.249, 69.675",23.2491005,69.6747038,1,Morabia Hospital,Gujarat,Kachchh
"23.25, 77.465",23.2501999,77.4648517,1,R.K.Hospital and Research Centre,Madhya Pradesh,Bhopal
"23.251, 77.397",23.2509039,77.3972148,1,Jayshree Hospital,Madhya Pradesh,Bhopal
"23.251, 77.42",23.2508464,77.4197504,1,Krishna Hospital,Madhya Pradesh,Bhopal
"23.251, 77.462",23.2507203,77.4616355,1,Anant Shree Hospital,Madhya Pradesh,Bhopal
"23.252, 69.676",23.2521731,69.6758018,1,Arsh Hospital,Gujarat,Kachchh
"23.253, 77.441",23.2530581,77.4407404,1,Roshan Maternity Child Care And General Hospital,Madhya Pradesh,Bhopal
"23.254, 77.406",23.253657,77.4063625,1,Gour Hospital And Maternity Home,Madhya Pradesh,Bhopal
"23.255, 77.43",23.2546612,77.4303583,1,Bharat Heavy Electricals Limited,Madhya Pradesh,Bhopal
"23.255, 87.853",23.2551197,87.8533437,1,Orthopaedic Centre and Nursing Home,Maharashtra,Kolhapur
"23.256, 69.676",23.2564812,69.6762411,1,Patel Hospital,Gujarat,Kachchh
"23.256, 77.466",23.2562751,77.4658948,1,Aradhana Maternity And Kidney Hospital,Madhya Pradesh,Bhopal
"23.257, 77.41",23.2569433,77.4096807,1,Colony Hospital,Madhya Pradesh,Bhopal
"23.257, 77.434",23.2572231,77.433781,1,"Pushkom Maternity and Nursing Home, Bhopal",Madhya Pradesh,Bhopal
"23.258, 77.398",23.2581927,77.398022,1,Chirayu Hospital,Madhya Pradesh,Bhopal
"23.259, 77.411",23.25929,77.4105956,1,Niramaya Hospital,Madhya Pradesh,Bhopal
"23.26, 77.408",23.2603077,77.4082266,1,Ntr Hospital and Research Centre,Madhya Pradesh,Bhopal
"23.262, 77.392",23.2615349,77.3916696,1,S.V Eye Care and Research Centre,Madhya Pradesh,Bhopal
"23.264, 77.379",23.2641951,77.3793779,1,Bhopal Neuro Psychiatric Center,Madhya Pradesh,Bhopal
"23.264, 77.396",23.2637561,77.3957125,1,Al - Rasheed,Madhya Pradesh,Bhopal
"23.264, 77.401",23.2642046,77.4012237,1,Shrinivas Eye Hospital,Karnataka,Belagavi
"23.267, 84.551",23.2671996,84.5510477,1,PHC Ghaghra,Jharkhand,Gumla
"23.27, 77.396",23.2696083,77.3956004,1,Shubham Hospital Fracture Accident Care,Madhya Pradesh,Bhopal
"23.271, 77.34",23.2711134,77.3397034,1,Sewa Sedan Eye Hospital Trust,Madhya Pradesh,Bhopal
"23.271, 77.397",23.2711877,77.3970354,1,Adarsh Hospital,Madhya Pradesh,Bhopal
"23.271, 77.475",23.2705329,77.4748579,1,Devmata Hospital,Madhya Pradesh,Bhopal
"23.274, 77.351",23.2737388,77.3512286,1,Dr Lal Kumar Kishnani Nursing Home,Madhya Pradesh,Bhopal
"23.274, 77.402",23.2735227,77.4022108,1,Peoples General Hospital,Madhya Pradesh,Bhopal
"23.28, 77.451",23.2795428,77.451335,1,Muskan Maternity and General Hospital,Madhya Pradesh,Bhopal
"23.285, 77.403",23.2845778,77.4032922,1,Paliwal Hospital Pvt. Ltd.,Madhya Pradesh,Bhopal
"23.294, 72.328",23.2941265,72.3278978,1,Bhagyoday General Hospital,Gujarat,Mahesana
"23.3, 85.016",23.3004095,85.0155499,1,PHC Bero,Jharkhand,Ranchi
"23.303, 77.403",23.3027772,77.4026547,1,Chauhan Heart and Maternity Hospital,Madhya Pradesh,Bhopal
"23.303, 77.423",23.3025413,77.4228625,1,Peoples Hospital,Madhya Pradesh,Bhopal
"23.309, 85.289",23.3088353,85.2894456,1,Sidharth Nursing Home,Jharkhand,Lohardaga
"23.311, 85.317",23.311436,85.317204,1,Dr.Lakhanpaul Nursing Home Dental Speciality Centre,Himachal Pradesh,Shimla
"23.326, 75.038",23.3255512,75.0378345,1,Kamla Eye Hospital,Madhya Pradesh,Ratlam
"23.327, 85.37",23.3272824,85.3696205,1,PHC Namkum,Jharkhand,Ranchi
"23.328, 85.321",23.3276229,85.321376,1,Lakshmi Nursing Home,Jharkhand,Ranchi
"23.329, 75.013",23.3288909,75.0127985,1,Chl Jain Diwakar Hospital,Madhya Pradesh,Ratlam
"23.331, 75.043",23.3309061,75.0428731,1,Sanjeevani Orthopaedic Hospital and Physiotherapy Ce,Madhya Pradesh,Ratlam
"23.331, 75.044",23.3312754,75.0439614,1,Ratlam Hospital and Research Center,Madhya Pradesh,Ratlam
"23.332, 86.365",23.3320779,86.365208,1,Kashyap Memorial Eye Hospital - Ranchi,Jharkhand,Ranchi
"23.333, 72.188",23.3333915,72.1875193,1,CHC Detroj,Gujarat,Ahmedabad
"23.335, 75.049",23.3354594,75.0494208,1,Wadhwani Nursing Home and Pathology Lab,Madhya Pradesh,Ratlam
"23.344, 75.027",23.344413,75.0271621,1,Gayatri Hospital,Madhya Pradesh,Ratlam
"23.349, 85.309",23.3492255,85.3094188,1,Singh Eye Care,Jharkhand,Ranchi
"23.349, 85.328",23.3485363,85.3283465,1,Guru Nanak Hospital and Research Centre,Jharkhand,Ranchi
"23.35, 85.302",23.350385,85.301778,1,Om Nursing Home and Research Centre,Jharkhand,Ranchi
"23.354, 85.329",23.3539057,85.3285727,1,Mundu Nursing Home,Jharkhand,Ranchi
"23.355, 85.307",23.3552463,85.307311,1,Balaji Clinic and R C,Jharkhand,Ranchi
"23.355, 85.382",23.3554359,85.381919,1,Dwarika Hospital and Research Centre,Jharkhand,Ranchi
"23.357, 85.321",23.3573231,85.321376,1,Sevalaya,Jharkhand,Ranchi
"23.36, 85.424",23.3597729,85.4237694,1,Mahadevi Birla Hospital and Research Center,Jharkhand,Ranchi
"23.361, 85.328",23.3606834,85.3278226,1,Anjuman Islamic Hospital Ranchi,Jharkhand,Ranchi
"23.37, 85.334",23.3698654,85.3336167,1,Jinwani Hospital,Jharkhand,Ranchi
"23.371, 85.341",23.3705802,85.3413187,1,St. Joseph Nursing Home,Jharkhand,Ranchi
"23.373, 85.324",23.3731438,85.3241367,1,Rinchi Hospital,Jharkhand,Ranchi
"23.373, 85.631",23.372806,85.631288,1,Jonha Hospital,Jharkhand,Ranchi
"23.375, 85.318",23.3748734,85.3182791,1,Kamat Nursing Home and Clinic,Goa,North Goa
"23.376, 85.333",23.3759982,85.3334847,1,Cosy Care,Jharkhand,Ranchi
"23.377, 85.36",23.3771545,85.3598951,1,Bharati Hospital,Jharkhand,Ranchi
"23.38, 85.306",23.3801966,85.3064219,1,Vivekanand Hospital,Jharkhand,Lohardaga
"23.382, 85.325",23.3815535,85.3246757,1,Sahu Nursing Home,Jharkhand,Ranchi
"23.384, 85.299",23.3843326,85.299224,1,Choudhary Nursing Home,Jharkhand,Ranchi
"23.388, 85.332",23.388335,85.331726,1,Rani Childern Hospital and Reserch Centre,Jharkhand,Ranchi
"23.392, 85.339",23.3922139,85.3385284,1,Ranchi Urology Centre,Jharkhand,Lohardaga
"23.396, 85.382",23.3958025,85.3818146,1,Golmohar Hospital,Jharkhand,Ranchi
"23.397, 84.107",23.3965158,84.1065662,1,Carmel Hospital,Jharkhand,Latehar
"23.399, 85.356",23.3993638,85.3563072,1,Alam Hospital And Research Centre Pvt Ltd,Jharkhand,Lohardaga
"23.4, 85.338",23.4002834,85.3378238,1,Ivf and Infertility Research Hospital,Jharkhand,Lohardaga
"23.4, 85.356",23.4004584,85.3555111,1,Rajendra Institute of Medical Sciences,Jharkhand,Ranchi
"23.401, 85.353",23.400569,85.352727,1,Hill View Hospital And Research Centre,Jharkhand,Lohardaga
"23.404, 85.301",23.4042222,85.3006956,1,Jeevan Jyoti Health Centre,Jharkhand,Ranchi
"23.407, 85.315",23.4068927,85.3154361,1,Radium Cancer Hospital,Jharkhand,Ranchi
"23.414, 85.316",23.4136433,85.3162079,1,Mungraj Gulraj Sarawgi Seva Niketan,Jharkhand,Ranchi
"23.419, 85.221",23.4189785,85.2209249,1,PHC Ratu,Jharkhand,Ranchi
"23.427, 85.412",23.427094,85.4120565,1,Pankhuri Health Care,Jharkhand,Lohardaga
"23.428, 76.268",23.4277295,76.2681871,1,Vyas Hospital And Research Center,Madhya Pradesh,Shajapur
"23.435, 72.657",23.4349854,72.6565084,1,Yashasvi Eye Hospital,Gujarat,Gandhinagar
"23.447, 75.407",23.4465681,75.407488,1,Indubhai Parekh Memeorial Hospital,Madhya Pradesh,Ujjain
"23.451, 72.423",23.4513309,72.4228556,1,PHC Ambaliyasan,Gujarat,Mahesana
"23.456, 75.423",23.4560385,75.4231901,1,Sharma Nursing Home And Iccu,Madhya Pradesh,Ujjain
"23.46, 75.412",23.4601232,75.4119263,1,Shree Jee Hospital,Madhya Pradesh,Ujjain
"23.461, 72.558",23.4611746,72.5582331,1,Pramukh Swami Surgical Hospital,Gujarat,Mahesana
"23.468, 73.113",23.4679548,73.113084,1,Anjali Hospital,Gujarat,Sabar kantha
"23.479, 72.564",23.4794217,72.5642411,1,Swastik Orthopadic Hospital,Gujarat,Mahesana
"23.484, 85.479",23.4839689,85.4790703,1,PHC Ormanjhi,Jharkhand,Ranchi
"23.505, 84.977",23.504769,84.977203,1,PHC Chanho,Jharkhand,Ranchi
"23.516, 72.404",23.5155199,72.4035294,1,PHC Jagudan,Gujarat,Mahesana
"23.519, 77.808",23.5194774,77.8082392,1,Maa Hospital And Research Centre,Madhya Pradesh,Vidisha
"23.523, 77.807",23.5225333,77.8067934,1,Indu Jain Maternity and Heart Hospital,Madhya Pradesh,Vidisha
"23.532, 85.721",23.5320922,85.7205065,1,Chc Gola,Jharkhand,Ramgarh
"23.54, 90.787",23.5403,90.7866722,1,Gauripur Hospital,Assam,Dhubri
"23.542, 84.819",23.5418911,84.8189902,1,Madhur Seva Sadan,Jharkhand,Lohardaga
"23.547, 72.616",23.5472626,72.6164724,1,Suraj Clinic,Gujarat,Mahesana
"23.564, 84.716",23.5643742,84.7157371,1,Nirala Medical College Hospital and Research Centre,Jharkhand,Gumla
"23.565, 72.749",23.5648329,72.749059,1,Divya Jyot Eye Hospital,Gujarat,Mahesana
"23.57, 72.74",23.5702742,72.7402228,1,Hari Krupa Surgical Hospital,Gujarat,Mahesana
"23.574, 86.359",23.5735425,86.359219,1,PHC Chandankiyari,Jharkhand,Bokaro
"23.586, 72.381",23.5857334,72.3805212,1,Paliba Hospital,Gujarat,Mahesana
"23.593, 72.379",23.5934102,72.3790776,1,Aditya Children Hospital,Gujarat,Mahesana
"23.607, 72.385",23.6065004,72.3854174,1,Upasna Kidney Hospital,Gujarat,Mahesana
"23.611, 72.374",23.6110353,72.3740287,1,Sai Krishna Hi Tech Hospital and Research Institute,Gujarat,Mahesana
"23.615, 75.446",23.6153994,75.446297,1,Mission Hospital,Madhya Pradesh,Ratlam
"23.616, 72.392",23.615513,72.3917171,1,Hetal Heart Hospital,Gujarat,Mahesana
"23.619, 85.52",23.6194846,85.5198442,1,Life Care Hospital,Jharkhand,Ramgarh
"23.633, 85.303",23.6329221,85.3032811,1,Chc Patratu,Jharkhand,Ramgarh
"23.633, 85.515",23.6332243,85.5148735,1,Chc Mandu,Jharkhand,Ramgarh
"23.636, 86.168",23.6356963,86.1675137,1,Muskan Hospital And Research Centre,Jharkhand,Bokaro
"23.639, 86.17",23.6388375,86.1700894,1,PHC Chas,Jharkhand,Bokaro
"23.641, 90.921",23.6405364,90.9211698,1,Aditi Eye Care,Bihar,Samastipur
"23.66, 84.539",23.6598999,84.5392558,1,Shirdi Sai Hospital and Research Centre,Jharkhand,Lohardaga
"23.669, 84.738",23.6692937,84.7378707,1,C.H.C Chandwa,Jharkhand,Latehar
"23.671, 84.236",23.6711757,84.2357828,1,C.H.C Garu,Jharkhand,Latehar
"23.672, 85.507",23.6715992,85.5071469,1,Brindavan Hospital And Research Centre Pvt Ltd,Jharkhand,Ramgarh
"23.677, 84.739",23.6771865,84.7393916,1,Bhagwati Sewa Sadan,Jharkhand,Latehar
"23.678, 87.685",23.6776471,87.6852323,1,Shantiniketan Hospital Pvt Ltd,Gujarat,Ahmedabad
"23.685, 86.759",23.6849038,86.7592355,1,Panchet Hill Hospital,Jharkhand,Dhanbad
"23.7, 72.535",23.700115,72.5347078,1,Kanan Maternity and Nursing Home,Gujarat,Ahmedabad
"23.702, 72.542",23.701892,72.5420139,1,Ami Hospital,Gujarat,Mahesana
"23.714, 76.008",23.7136962,76.0078973,1,Patidar Nursing Home,Madhya Pradesh,Shajapur
"23.716, 76.018",23.7162305,76.0183573,1,Sewadham Hospital And Research Center,Madhya Pradesh,Shajapur
"23.719, 72.109",23.7192097,72.1090303,1,Chc-Chanasma,Gujarat,Patan
"23.725, 90.405",23.7250083,90.4053026,1,Sri Harihar Hospital and Research Centre,Himachal Pradesh,Kullu
"23.741, 90.402",23.7408738,90.4024452,1,Paras HMRI Hospital,Bihar,Patna
"23.745, 90.368",23.7446955,90.3679297,1,Shanthi Hospital,Karnataka,Bagalkot
"23.746, 86.793",23.745887,86.7930087,1,Prasad Nursing Home,Jharkhand,Dhanbad
"23.748, 86.122",23.7475498,86.1217424,1,Shaheed Tilka Manjhi Memorial Hospital Dvc,Jharkhand,Bokaro
"23.748, 86.787",23.747887,86.7868768,1,Lions Club Raghunath Kharkia Memorial Eye Hospital,Jharkhand,Dhanbad
"23.751, 90.44",23.7509604,90.4400338,1,Bangalore West Lions Eye Hospital and Cornea Grafting,Karnataka,Bengaluru Urban
"23.763, 71.167",23.7630716,71.1671315,1,Chc-Varahi,Gujarat,Patan
"23.772, 86.807",23.7720751,86.8069698,1,B.P. Neogi,Jharkhand,Dhanbad
"23.797, 86.44",23.797091,86.4402463,1,Ray Chaudhary Clinic,Jharkhand,Dhanbad
"23.799, 86.304",23.7987842,86.3040762,1,Choudhary Nursing Home,Jharkhand,Dhanbad
"23.799, 86.44",23.7986312,86.4399031,1,Ashirvad Nursing Home,Jharkhand,Dhanbad
"23.8, 80.948",23.8004198,80.9484195,1,Amrita Hospital,Madhya Pradesh,Umaria
"23.801, 72.386",23.8010155,72.3863105,1,Santokba Hospital,Gujarat,Mahesana
"23.801, 86.429",23.8005886,86.4285371,1,Nav Jeevan Clinic,Jharkhand,Dhanbad
"23.801, 86.443",23.8005591,86.4434011,1,Park Clinic,Jharkhand,Dhanbad
"23.805, 80.391",23.8049017,80.3909164,1,Baba Madhavshah Chikitsalaya,Madhya Pradesh,Katni
"23.805, 86.456",23.8053048,86.4560479,1,"Bharat Coking Coal Ltd, Central Hospital",Jharkhand,Dhanbad
"23.806, 72.386",23.805569,72.3856814,1,"Cottage Hospital, Unjha",Gujarat,Mahesana
"23.808, 85.823",23.808091,85.8230251,1,PHC Gomia,Jharkhand,Bokaro
"23.809, 86.419",23.8089855,86.4188244,1,Shankar Diagnostic Center and Nursing Home,Jharkhand,Dhanbad
"23.813, 90.399",23.8131377,90.3985468,1,Vani Vilas Hospital,Karnataka,Bengaluru Urban
"23.815, 86.452",23.8148581,86.4516219,1,Dr Jyotir Bhushan Healthcare And Research Pvt Ltd,Jharkhand,Dhanbad
"23.818, 86.469",23.8176161,86.4685118,1,Pragati Medical and Research Centre,Jharkhand,Dhanbad
"23.822, 79.432",23.8224432,79.4315764,1,Fatimi Nursing Home,Madhya Pradesh,Damoh
"23.826, 79.44",23.8262383,79.4401512,1,Joshi Hospital,Maharashtra,Jalna
"23.829, 71.614",23.8286354,71.6139348,1,Arbuda Maternity and Surgical Hospital,Gujarat,Patan
"23.83, 84.784",23.8299602,84.7837717,1,Primary Health Centre,Jharkhand,Latehar
"23.83, 84.789",23.8297322,84.7893637,1,C.H.C Balumath,Jharkhand,Latehar
"23.83, 85.841",23.83008,85.8407535,1,Ayusmaan Hospital,Jharkhand,Hazaribag
"23.835, 73.004",23.8352353,73.0043675,1,Astha Surgical Hospital and Kalayan Uro-Leproscopy C,Gujarat,Sabar kantha
"23.836, 79.433",23.8360746,79.4326114,1,Vidhya Hospital and Research Center,Madhya Pradesh,Damoh
"23.838, 79.442",23.8380986,79.4421731,1,Nikhil Nursing Home,Madhya Pradesh,Damoh
"23.838, 80.387",23.8384513,80.3874439,1,Chandak Hospital,Madhya Pradesh,Katni
"23.84, 80.394",23.8402804,80.3935033,1,Eye Surgeon and X Ray Specailist,Madhya Pradesh,Katni
"23.852, 84.117",23.8522833,84.1173685,1,C.H.C Barwadih,Jharkhand,Latehar
"23.854, 78.79",23.8540485,78.7895295,1,Arihant Hospital,Madhya Pradesh,Sagar
"23.854, 85.216",23.8535687,85.2163768,1,P.H.C.Barkagaown,Jharkhand,Hazaribag
"23.868, 84.359",23.868418,84.3594626,1,C.H.C Manika,Jharkhand,Latehar
"23.872, 78.803",23.8720055,78.8028666,1,Sewa Hospital,Madhya Pradesh,Sagar
"23.886, 72.439",23.8860401,72.4391293,1,Chc Kahoda,Gujarat,Mahesana
"23.898, 73.125",23.8984992,73.1246338,1,Chc Chorivad,Gujarat,Sabar kantha
"23.909, 85.516",23.9091095,85.5162695,1,C.H.C. Churchu,Jharkhand,Ramgarh
"23.919, 76.911",23.9185649,76.9113222,1,Punjabi Nursing Home,Madhya Pradesh,Rajgarh
"23.964, 86.8",23.9644165,86.8000306,1,Vatsalya Hospital and Research Centre,Jharkhand,Jamtara
"23.971, 77.253",23.9706611,77.2533542,1,Venus Hospital and Medical Research Centre-Bhopal,Madhya Pradesh,Bhopal
"23.983, 86.03",23.9827741,86.0300126,1,"PHC , Tisri",Jharkhand,Giridih
"23.997, 85.369",23.9966213,85.3691068,1,Santevita Hospital - Ranchi,Jharkhand,Ranchi
"24.005, 86.138",24.0048238,86.1382873,1,Chc Jainagar,Jharkhand,Giridih
"24.027, 72.79",24.0274762,72.7897094,1,Smt. Hiraben A. Shah General Hospital,Gujarat,Mahesana
"24.029, 73.043",24.0290993,73.0434794,1,Jivanjyot Hospital,Gujarat,Sabar kantha
"24.035, 87.417",24.0345621,87.4170333,1,PHC Ranishwar,Jharkhand,Dumka
"24.04, 84.061",24.0398249,84.0614373,1,Sharma Hospital,Haryana,Bhiwani
"24.045, 84.07",24.0451704,84.0695157,1,Vanja Arogaya Kendra,Jharkhand,Palamu
"24.051, 84.933",24.0506712,84.9329741,1,"Referal, Simariya",Jharkhand,Chatra
"24.068, 75.067",24.0676144,75.0670813,1,R.K Hospital,Madhya Pradesh,Mandsaur
"24.068, 82.632",24.0678159,82.6316691,1,Gulwade Ent Maternity Hospital,Maharashtra,Chandrapur
"24.07, 71.599",24.0703321,71.5990999,1,Lions Club Of Bhabhar Charitable Trust,Gujarat,Banas kantha
"24.07, 75.071",24.0698848,75.0706955,1,Perfect Eye Hospital,Madhya Pradesh,Mandsaur
"24.078, 85.831",24.0784129,85.8307059,1,"PHC, Bagodar",Jharkhand,Giridih
"24.092, 84.093",24.0924968,84.0933652,1,PHC Meral,Jharkhand,Palamu
"24.108, 85.207",24.1081999,85.2066964,1,C.H.C. Katkamsandi,Jharkhand,Hazaribag
"24.149, 84.661",24.1488914,84.6609898,1,Raj Nandni Seva Sadan,Jharkhand,Koderma
"24.155, 87.178",24.1551305,87.1784334,1,PHC Masalia,Jharkhand,Dumka
"24.18, 86.439",24.1795306,86.4389904,1,"PHC, Gandey",Jharkhand,Giridih
"24.195, 86.281",24.1953406,86.2806064,1,Azad Nursing Home,Jharkhand,Giridih
"24.207, 86.27",24.2069646,86.270454,1,G D Bagaria Sewa Sadan,Jharkhand,Giridih
"24.221, 84.865",24.2210641,84.8646113,1,Adhikary Nursing Home,Jharkhand,Chatra
"24.235, 86.838",24.2345989,86.8383485,1,PHC Sarath,Jharkhand,Deoghar
"24.265, 86.648",24.2653802,86.6480173,1,Anumandal Hospital,Jharkhand,Deoghar
"24.267, 86.644",24.2666863,86.643929,1,Baidyanath Shankar Eye Hospital,Jharkhand,Deoghar
"24.267, 86.65",24.2669594,86.6504031,1,PHC Madhupur,Jharkhand,Deoghar
"24.272, 87.243",24.2720898,87.2427772,1,St. Ursula Health Centre,Jharkhand,Dumka
"24.297, 85.162",24.2974766,85.1621946,1,"PHC, Itkhori",Jharkhand,Chatra
"24.3, 86.36",24.2996453,86.3604859,1,"PHC, Bengabad",Jharkhand,Giridih
"24.301, 85.426",24.3014389,85.4255474,1,P.H.C.Barhi,Jharkhand,Hazaribag
"24.304, 85.414",24.303789,85.414341,1,Agrawal Nursing Home,Jharkhand,Hazaribag
"24.309, 85.41",24.3090249,85.4104301,1,Akash Nursing Home,Jharkhand,Hazaribag
"24.358, 87.423",24.357638,87.422662,1,PHC Kathikund,Jharkhand,Dumka
"24.367, 86.148",24.3671212,86.1484661,1,"PHC, Jamua",Jharkhand,Giridih
"24.386, 85.263",24.3861403,85.2631115,1,C.H.C. Chouparan,Jharkhand,Hazaribag
"24.395, 87.047",24.3946328,87.0474368,1,PHC Jarmundi,Jharkhand,Dumka
"24.419, 78.114",24.4185843,78.1136794,1,Sunderson Hospital Intensiv Care Unit,Madhya Pradesh,Khargone
"24.434, 84.814",24.4341431,84.813774,1,"PHC, Hanterganj",Jharkhand,Chatra
"24.434, 85.528",24.434101,85.5283473,1,Bhagwat Clinic and Research Centre,Jharkhand,Koderma
"24.438, 85.533",24.4378807,85.5333434,1,Shubh Labh,Jharkhand,Koderma
"24.442, 84.399",24.441598,84.3988806,1,Hind Nursing Home and Anusandhan Kendra.,Bihar,Gaya
"24.442, 85.53",24.4423975,85.5295316,1,Malti Nursing Home,Jharkhand,Hazaribag
"24.446, 86.509",24.446304,86.50943,1,PHC Devipur,Jharkhand,Deoghar
"24.46, 74.875",24.459535,74.8748312,1,Shintre Hospital,Maharashtra,Sangli
"24.46, 74.878",24.4599732,74.8779232,1,Ramniwas Hospital,Madhya Pradesh,Neemuch
"24.468, 74.869",24.467966,74.8686224,1,Wadhwa Hospital,Madhya Pradesh,Neemuch
"24.468, 85.593",24.4676805,85.5933645,1,Hindustan Nursing Home,Jharkhand,Hazaribag
"24.475, 75.14",24.4748048,75.140385,1,Majeji Nursing Home,Madhya Pradesh,Neemuch
"24.489, 86.786",24.4889158,86.7859894,1,PHC Mohanpur,Jharkhand,Deoghar
"24.509, 86.193",24.5091213,86.1929747,1,"PHC, Deori",Jharkhand,Giridih
"24.512, 81.347",24.5117645,81.3468167,1,Shree Nursing Home,Madhya Pradesh,Rewa
"24.517, 86.646",24.5168566,86.6459944,1,PHC Jasidih,Jharkhand,Deoghar
"24.532, 84.905",24.5320137,84.9049879,1,Maa Shaarde Sewa Sadan,Bihar,Gaya
"24.542, 84.279",24.5421988,84.2792317,1,PHC Harihar Ganj,Jharkhand,Palamu
"24.545, 73.696",24.5446027,73.6956989,1,Shri Siddhi Vinayak Orthopaedic Hospital,Maharashtra,Mumbai
"24.563, 87.248",24.5631083,87.2481505,1,PHC Ramgarh,Jharkhand,Dumka
"24.569, 80.845",24.569346,80.8445223,1,Dr.Dutta's Patho Clinic and Cancer Diagnostic Center,Madhya Pradesh,Satna
"24.573, 80.841",24.5727139,80.8408927,1,Shubham Nursing Home,Madhya Pradesh,Satna
"24.577, 80.816",24.5770337,80.8161116,1,R K Medical Centre,Madhya Pradesh,Satna
"24.585, 73.712",24.585445,73.712479,1,Kesar Surgical And Maternity Hospital - Vadodara,Gujarat,Vadodara
"24.586, 74.857",24.5858514,74.8565613,1,Vikram Jana Seva Trust,Madhya Pradesh,Neemuch
"24.588, 73.742",24.588231,73.7421352,1,Drishti Eye Care Centre,Bihar,Saharsa
"24.591, 73.697",24.590694,73.696938,1,Barfi Karak Memorial Health and Welfare Foundation,Bihar,Supaul
"24.594, 80.866",24.5943748,80.8658857,1,M.P.Birla Hospital,Madhya Pradesh,Satna
"24.617, 84.226",24.6174662,84.2258636,1,Rahat Clinic,Bihar,Aurangabad
"24.627, 92.697",24.6269564,92.6974538,1,Greenview Nursing Home,Assam,Cachar
"24.629, 87.85",24.6292405,87.8504676,1,St. Luke Hospital,Jharkhand,Pakur
"24.655, 85.408",24.6550061,85.4076056,1,Yadav Health Clinic,Bihar,Nawada
"24.656, 72.776",24.6559442,72.7758247,1,Kaka Ba Hospital,Gujarat,Bharuch
"24.669, 85.24",24.6694338,85.2395633,1,Subham Nursing Home,Bihar,Gaya
"24.718, 80.182",24.7180311,80.1819268,1,Maa Padmawati Nursing Home,Madhya Pradesh,Panna
"24.751, 78.831",24.7505284,78.8311858,1,Seva Nursing Home,Madhya Pradesh,Tikamgarh
"24.763, 92.797",24.7630479,92.7968419,1,Silchar Medical College and Hospital (SMCH),Assam,Cachar
"24.783, 84.982",24.782567,84.9824041,1,Gautam Patho Lab,Bihar,Gaya
"24.785, 92.794",24.7854996,92.793792,1,South City Hospital,Assam,Cachar
"24.789, 84.992",24.7887904,84.9915049,1,Advanced Eye Care Centre,Bihar,Gaya
"24.791, 92.794",24.7907324,92.7941654,1,Valley Hospital And Research Centre Pvt Ltd,Assam,Cachar
"24.798, 80.975",24.7975947,80.9751391,1,Berry Hospital,Madhya Pradesh,Satna
"24.798, 85.544",24.7980749,85.544482,1,Magadh Institute Of Para Medical Science,Bihar,Nawada
"24.802, 85.244",24.8021749,85.2437841,1,Uday Nursing Home,Bihar,Begusarai
"24.826, 87.214",24.8255215,87.2135177,1,Life Care Nursing Home,Jharkhand,Godda
"24.829, 85.166",24.8292941,85.1660825,1,Matri Sadan Nursing Home,Bihar,Nawada
"24.839, 92.805",24.839023,92.804768,1,Mediland Hospital and Research Centre,Assam,Cachar
"24.851, 85.416",24.851023,85.4155067,1,Nav Jeevan Hospital,Bihar,Nawada
"24.857, 87.778",24.8566197,87.7775631,1,"Primary Health Centre, Barharwa",Jharkhand,Sahibganj
"24.868, 86.919",24.868126,86.9185854,1,Dr. Akhilesh Kumar,Bihar,Banka
"24.871, 87.656",24.8710755,87.6556468,1,Prem Jyoti Community Hospital,Jharkhand,Sahibganj
"24.88, 85.534",24.879687,85.5336429,1,Ansar Hospital,Kerala,Thrissur
"24.887, 85.53",24.886849,85.530311,1,Bharat Nursing Home,Bihar,Nawada
"24.887, 87.134",24.8872095,87.133561,1,Dr Ajay Kumar,Bihar,Banka
"24.897, 91.886",24.8973998,91.8856841,1,Rai Surgery Clinic,Bihar,Rohtas
"24.898, 85.827",24.8982557,85.8273726,1,Maa Tara Hospital and Research Centre,Bihar,Nawada
"24.909, 79.581",24.9094946,79.5811759,1,Choubey Nursing Home,Madhya Pradesh,Chhatarpur
"24.912, 84.189",24.9120273,84.1888229,1,Rohtas Nursing Home,Bihar,Rohtas
"24.913, 84.179",24.9134241,84.1792848,1,Ashish Nursing Home,Bihar,Rohtas
"24.918, 85.464",24.9179801,85.4644513,1,Budha Hospital,Bihar,Nawada
"24.928, 84.191",24.9277351,84.1909841,1,Bose Clinic,Bihar,Rohtas
"24.932, 85.435",24.9316459,85.4352898,1,Tathagat Hospital,Bihar,Nawada
"24.939, 84.099",24.9388933,84.0986459,1,Narayan Medical College And Hospital,Bihar,Rohtas
"25.017, 85.416",25.0172573,85.4161642,1,Kisan Nursing Home and Hospital Pvt Ltd,Bihar,Nalanda
"25.018, 85.643",25.018029,85.6431305,1,Magadh Hospital and Research Centre,Bihar,Nalanda
"25.033, 84.399",25.0332255,84.3988806,1,Dord Hospital,Bihar,Aurangabad
"25.033, 85.415",25.0329651,85.4152064,1,Sri Mahavir Arogya Sewa Sansthan and Research Institute,Bihar,Nalanda
"25.039, 73.906",25.0386818,73.9055594,1,Mhaskar Hospital,Maharashtra,Sindhudurg
"25.056, 87.288",25.0560582,87.2879425,1,Jiwan Jyoti Nursing Home,Jharkhand,Godda
"25.095, 86.664",25.0952381,86.6636269,1,Baba Baidynath Eye Hospital,Bihar,Munger
"25.096, 85.313",25.0960742,85.3131194,1,Sri Vinayak Hospital,Bihar,Patna
"25.124, 75.81",25.1244669,75.8098141,1,Sree Sharada Devi Eye Hospital,Karnataka,Tumakuru
"25.127, 83.924",25.1268541,83.9241376,1,Peoples Nursing Home,Bihar,Rohtas
"25.132, 85.852",25.1323467,85.8522995,1,Dr K Purushottam Hospital,Bihar,Sheikhpura
"25.134, 82.564",25.1336987,82.5644344,1,Maa Bhagwati Nursing Home,Bihar,Darbhanga
"25.17, 84.735",25.1695382,84.7345233,1,S D Hospital,Bihar,Aurangabad
"25.182, 86.096",25.1821699,86.0964663,1,Muskan Nursing Home,Bihar,Lakhisarai
"25.197, 85.511",25.196619,85.5110104,1,Prashant Nursing Home,Bihar,Nalanda
"25.203, 85.539",25.203121,85.538811,1,Dr. Maj.Sanjay Kumar,Bihar,Nalanda
"25.205, 85.517",25.2046142,85.5174934,1,Jeevan Jyoti Hospital,Bihar,Nalanda
"25.207, 85.52",25.2065728,85.520158,1,Jaya Nursing Home,Bihar,Nalanda
"25.209, 85.516",25.2086056,85.5161612,1,Bihar Clinic,Bihar,Nalanda
"25.209, 85.517",25.2086403,85.5165191,1,Satyam Nursing Home,Bihar,Nalanda
"25.21, 85.517",25.2097597,85.5165733,1,Orthocare,Bihar,Nalanda
"25.218, 85.141",25.2175053,85.1414542,1,Swasdhya and Parivar Kalyan Vibhag Hospital,Bihar,Jehanabad
"25.222, 85.228",25.2218021,85.2282525,1,Sms Nursing Home,Bihar,Nalanda
"25.226, 84.262",25.2257168,84.2621294,1,Rita Memorial Hospital,Bihar,Rohtas
"25.227, 84.644",25.2269658,84.6439886,1,Pipra Hospital Pvt.Ltd,Bihar,Arwal
"25.233, 85.516",25.2334134,85.5163184,1,Opolo Surgical and Urology Centre,Bihar,Nalanda
"25.242, 86.959",25.2422223,86.9586539,1,Advance Maternity and Infertility Centre,Bihar,Bhagalpur
"25.243, 86.979",25.2430986,86.9789102,1,Chhabra Hospital,Haryana,Hisar
"25.246, 87.63",25.2455839,87.6304586,1,Surya Nursing Home,Jharkhand,Sahibganj
"25.255, 86.984",25.2545763,86.9836798,1,Sanjivani Nursing Home,Bihar,Bhagalpur
"25.255, 86.989",25.2552266,86.9887873,1,Srijan Maternity and Fertility Clinic,Bihar,Bhagalpur
"25.264, 87.232",25.2642346,87.2322865,1,Shagun Nursing Home,Bihar,Bhagalpur
"25.274, 85.531",25.2735985,85.5306855,1,Harihar Hospital,Bihar,Nalanda
"25.308, 82.996",25.3077585,82.9960144,1,Aastha Maternity Home and Taruma Centre,Himachal Pradesh,Mandi
"25.313, 86.491",25.312717,86.4906091,1,Bhagwan Gautam Buddha Hospital,Bihar,Munger
"25.316, 86.49",25.3156354,86.4902843,1,R. K. Hospital,Bihar,Supaul
"25.327, 85.405",25.3265812,85.4048465,1,Polo Hospital,Bihar,Nalanda
"25.342, 87.621",25.3418047,87.620941,1,Sub Div Hospital Manihari,Bihar,Katihar
"25.351, 85.031",25.3512814,85.0311411,1,Awadh Hospital,Bihar,Patna
"25.375, 86.475",25.3750079,86.4748634,1,Dr. J. K. Barma Memorial Medicare and Reaserch Centre,Bihar,Munger
"25.394, 68.255",25.3937109,68.2549869,1,Vivek Nursing Home,Karnataka,Bidar
"25.399, 86.355",25.39925,86.355409,1,Uma Nursing Home,Bihar,Begusarai
"25.409, 86.649",25.4086683,86.6485137,1,Swastim Hospital And Stone Clinic,Bihar,Khagaria
"25.413, 86.148",25.413078,86.1479052,1,Bishnupur Multi Speciality Hospital,Bihar,Begusarai
"25.419, 86.311",25.4185465,86.3105645,1,Mahila Aspatal,Bihar,Begusarai
"25.424, 77.648",25.424098,77.6479039,1,M M Hospital,Madhya Pradesh,Shivpuri
"25.426, 77.656",25.4263711,77.6558847,1,Vidya Devi Hospital,Madhya Pradesh,Shivpuri
"25.458, 85.533",25.458213,85.5332491,1,Janta Poly Clinic,Bihar,Patna
"25.458, 85.535",25.4583171,85.5349615,1,Pushpa Hospital,Bihar,Patna
"25.468, 84.423",25.468313,84.4225186,1,"Anumandaliya Hospital, Jagdishpur, Bhojpur",Bihar,Bhojpur
"25.498, 85.187",25.4982567,85.1868137,1,Pragya Nursing Home,Bihar,Patna
"25.503, 84.964",25.5025953,84.9635478,1,New Kumar Nursing Home,Bihar,Patna
"25.505, 86.464",25.5053956,86.4636642,1,Urmila Nursing Home,Bihar,Khagaria
"25.509, 86.476",25.5093062,86.4756687,1,Urniss Ent and Head Neck Clinic and Audiology Centre,Bihar,Siwan
"25.511, 85.308",25.5110487,85.3084516,1,Sri Durga Arogya Niketan,Bihar,Patna
"25.514, 87.563",25.5139028,87.5630684,1,Devesh Nursing Home,Bihar,Katihar
"25.523, 69.004",25.5228798,69.0044664,1,Veero Devi Memorial Orthopaedic And Trauma Centre,Haryana,Faridabad
"25.542, 87.574",25.5417348,87.5744557,1,Manish Nursing Home,Bihar,Katihar
"25.547, 85.141",25.5474246,85.1411006,1,Arogya Hospital,Madhya Pradesh,Raisen
"25.55, 85.119",25.5498528,85.1189394,1,Tridev Health Care and Research Educational Welfare and Charitable Trust,Bihar,Patna
"25.554, 84.655",25.5536422,84.6552781,1,Shishu Kalyn Kendra,Bihar,Bhojpur
"25.556, 84.662",25.5560515,84.6615387,1,Surgical Centre,Bihar,Nawada
"25.561, 84.872",25.5614086,84.8721468,1,Aarogya Hospital,Bihar,Patna
"25.566, 83.98",25.5659886,83.9804553,1,Vishwamitra Hospital,Bihar,Buxar
"25.571, 84.145",25.5713125,84.1454487,1,"Rogi Kalyan Samiti,Sub.Divisional Hospital,Dumraon",Bihar,Buxar
"25.577, 87.535",25.577045,87.5346402,1,Chaturbhuj Surgicare,Bihar,Katihar
"25.579, 85.095",25.5793825,85.0947601,1,Indira Nursing Home,Bihar,Patna
"25.579, 85.125",25.579441,85.1249009,1,A K Nursing Home,Bihar,Patna
"25.583, 85.093",25.5832082,85.0927523,1,Anshuman Nursing Home and Maternity Centre,Bihar,Patna
"25.583, 85.156",25.5826821,85.1556638,1,S. R. Hospital,Bihar,Patna
"25.584, 85.093",25.5843532,85.0930164,1,Pataliputra Nursing Home,Bihar,Patna
"25.585, 85.158",25.5849583,85.1583755,1,Shanti Navjeevan Hospital Pvt. Ltd.,Bihar,Patna
"25.587, 85.101",25.5874959,85.1010563,1,Anami Orthopaedics,Bihar,Patna
"25.587, 85.134",25.5872228,85.134409,1,Sparsh Haritage Hospital,Bihar,Patna
"25.587, 85.149",25.5870989,85.1492328,1,New Kumar Nursing Home,Bihar,Patna
"25.591, 85.14",25.5912278,85.1401577,1,Chikitsa Nursing Home,Bihar,Patna
"25.591, 85.148",25.5910876,85.1476761,1,Gayatri Nursing Home and Maternity Centre,Bihar,Patna
"25.591, 85.149",25.5911655,85.1488687,1,Krishna City Hospital,Bihar,Patna
"25.591, 85.16",25.5908214,85.1600824,1,Shiv Shishu Hospital,Bihar,Patna
"25.593, 85.153",25.5931768,85.152702,1,Apollo Trauma Centre,Bihar,Patna
"25.593, 85.187",25.5927658,85.1868137,1,Appolo Burns Hospital,Bihar,Patna
"25.594, 85.174",25.5935255,85.1738865,1,Sarvamangla Clinic,Bihar,Patna
"25.596, 85.141",25.5956821,85.1405668,1,Nalanda Medical College and Hospital,Bihar,Patna
"25.596, 85.154",25.5961287,85.1544179,1,Kumar Clinic,Bihar,Patna
"25.597, 85.173",25.5967269,85.1725618,1,Suman Nursing Home,Bihar,Patna
"25.598, 84.478",25.598239,84.4776587,1,Kanchan Shalya Niketan,Bihar,Nawada
"25.598, 85.198",25.5983515,85.1976496,1,Aditya Hospital,Bihar,Patna
"25.599, 85.155",25.5989158,85.1547144,1,Anand Hospital,Bihar,Patna
"25.6, 85.155",25.6000486,85.155485,1,Patna Bone And Spine Hospital Pvt Ltd,Bihar,Patna
"25.601, 85.154",25.6005446,85.1536377,1,Nav Sharda Aspatal Pvt Ltd,Bihar,Patna
"25.603, 85.08",25.6032727,85.079567,1,Agrawal Maternity Centre,Bihar,Patna
"25.603, 85.158",25.6028556,85.1584841,1,Sri Ram Hospital and Research Centre,Bihar,Patna
"25.604, 85.094",25.6043971,85.093884,1,Indira Gandhi Institute of Medical Sciences,Bihar,Patna
"25.604, 85.112",25.6039728,85.1116902,1,Advance Ortho Care Centre,Bihar,Patna
"25.605, 85.084",25.6048365,85.084244,1,Divya Jyoti Nursing Home,Bihar,Patna
"25.605, 85.089",25.6046348,85.0889575,1,Satyam Hospital,Bihar,Gaya
"25.605, 85.163",25.6049171,85.1627788,1,Institute Of Orthopaedic Research and Fracture Surge,Bihar,Patna
"25.605, 85.211",25.6047002,85.2109341,1,Polo Hospital,Bihar,Patna
"25.606, 85.092",25.6058695,85.0921648,1,Indira Gandhi Istitute Of Medical Science Sheikhpu,Bihar,Sheikhpura
"25.606, 85.162",25.6058103,85.1621713,1,Chakore Nursing Home,Bihar,Patna
"25.607, 85.089",25.6072294,85.0894362,1,Punam Surgical and Maternity Clinic,Bihar,Sheikhpura
"25.607, 85.117",25.6069818,85.1172262,1,Patil Hospital,Maharashtra,Ahmednagar
"25.607, 85.16",25.607433,85.1604524,1,Siddharth Multispeciality Hospital,Bihar,Patna
"25.607, 85.161",25.6066931,85.1611449,1,Shanti Maternity Centre,Bihar,Patna
"25.608, 85.077",25.6084842,85.0771133,1,Shyamal Hospital,Bihar,Patna
"25.608, 85.154",25.6080544,85.153773,1,M.G.M Hospital And Research Centre Pvt Ltd,Bihar,Patna
"25.608, 85.161",25.6083424,85.1606059,1,Mma Hospital and Research Centre,Bihar,Patna
"25.609, 85.16",25.6087859,85.1600238,1,Dr. Usha Didwania Nursing Home,Bihar,Patna
"25.609, 85.174",25.6091377,85.1736887,1,Ram Ratan Hospital,Bihar,Patna
"25.609, 85.183",25.6089895,85.1831203,1,Imdad Medicare Research Institute,Bihar,Patna
"25.61, 85.149",25.6104354,85.1489576,1,Priya Clinic,Bihar,Patna
"25.61, 85.204",25.6096329,85.2035187,1,Tripolia Social Service Hospital,Bihar,Patna
"25.612, 85.143",25.6123454,85.1429652,1,Childrens Hospital,Bihar,Patna
"25.612, 85.198",25.612207,85.1980334,1,Arvind Hospital,Bihar,Patna
"25.613, 85.113",25.6132531,85.113058,1,D N Singh Memorial Trust,Bihar,Patna
"25.615, 85.115",25.615181,85.115427,1,Jyoti Punj Hospital,Bihar,Patna
"25.616, 85.12",25.6156445,85.1203219,1,Jeevak Shalya Nilayam,Bihar,Patna
"25.616, 85.152",25.6159951,85.1524735,1,Advanced Neuro Diagnostic Centre,Bihar,Patna
"25.616, 85.179",25.6162448,85.1792116,1,Arvind Diabetic Critical Care Hospital,Bihar,Patna
"25.617, 85.15",25.6172089,85.1497369,1,Siddiqui Nursing Home and M.R.C. Pvt. Ltd.,Bihar,Patna
"25.621, 85.042",25.6214145,85.041574,1,Hii Tech Emergency Hospital,Bihar,Patna
"25.622, 85.043",25.6220776,85.0432882,1,Ashutosh Memorial Hospital,Bihar,Patna
"25.622, 85.044",25.6218162,85.0436255,1,Keshav Hospital Pvt Ltd,Bihar,Patna
"25.622, 85.087",25.622292,85.0866494,1,P.K.Nursing Home Awam Maternity Centre,Bihar,Patna
"25.623, 85.099",25.6232041,85.0993966,1,Dr S M Hospital and Research Centre,Bihar,Patna
"25.624, 85.124",25.6236906,85.1242362,1,Laxmi Nursing Home Pvt. Ltd,Bihar,Patna
"25.626, 85.085",25.6258981,85.084672,1,K D Hospital,Bihar,Patna
"25.626, 85.107",25.626297,85.1070859,1,Shah Maternity Clinic,Bihar,Patna
"25.628, 85.109",25.6284609,85.1086413,1,Renuka Orthopaedic Hospital,Bihar,Patna
"25.63, 85.046",25.6299127,85.0455609,1,District Hospital,Madhya Pradesh,Morena
"25.63, 85.096",25.6296527,85.0958184,1,Shivam Chikisalya Kendra,Bihar,Patna
"25.665, 85.325",25.6648322,85.3254764,1,Sumiram Hospital,Bihar,Vaishali
"25.667, 87.858",25.6671685,87.8580447,1,Y F A Hospital and Research Centre,Bihar,Katihar
"25.693, 87.026",25.6932815,87.0264354,1,Shaheed Prabhu Narayan Multispeciality Hospital,Bihar,Khagaria
"25.727, 85.519",25.7269462,85.5188522,1,Kunal Nursing Home,Bihar,Vaishali
"25.742, 87.183",25.7424311,87.1830995,1,"Ref.Hospital,Dhamdaha,Purnea",Bihar,Purnia
"25.746, 85.0",25.745902,84.9999543,1,Chandraprabha Jeevan Hospital,Bihar,Saran
"25.757, 85.777",25.7567406,85.777076,1,Bharat Nursing Home,Bihar,Samastipur
"25.757, 86.027",25.7567857,86.0274622,1,Lakhotia Clinic,Bihar,Samastipur
"25.766, 84.151",25.7655889,84.1506255,1,Care Nursing Home,Bihar,Muzaffarpur
"25.771, 85.036",25.7707485,85.0363372,1,Arogya Niketan,Bihar,Saran
"25.782, 84.743",25.7819118,84.7430018,1,Uphar Sewa Sadan,Bihar,Saran
"25.783, 84.736",25.7834863,84.7363077,1,Vaidehi Aarogya Sadan,Bihar,Saran
"25.792, 87.498",25.7923034,87.4975335,1,Hope Superspeciality Hospital Pvt Ltd,Bihar,Purnia
"25.851, 85.771",25.8514337,85.7705092,1,Krishna Laparoscopic Surgical and Maternity Hospital,Bihar,Samastipur
"25.853, 84.094",25.8525255,84.0943796,1,Malik Hospital,Haryana,Rohtak
"25.856, 85.776",25.8558469,85.7755958,1,Mala Nursing Home Laproscopic and Endoscopic Clinic,Bihar,Samastipur
"25.858, 85.796",25.8580788,85.7961333,1,Maa Tara Nursing Home,Bihar,Samastipur
"25.859, 85.785",25.8586646,85.7848271,1,City Heart Clinic And Nursing Home,Haryana,Rohtak
"25.861, 85.778",25.8607624,85.7781428,1,Navjyoti Hospital,Bihar,Samastipur
"25.862, 85.776",25.8615223,85.7758792,1,Bhawani Nursing Home and Maternity Center,Bihar,Samastipur
"25.864, 85.769",25.863923,85.7685869,1,Sheila Urology Centre,Bihar,Patna
"25.87, 85.791",25.869738,85.7910095,1,A Y Medical and Research Institute,Bihar,Samastipur
"25.87, 87.635",25.8704418,87.634628,1,Shanti Memorial Hospital,Bihar,Purnia
"25.871, 86.588",25.8713189,86.5881169,1,Koshi Nursing Home,Bihar,Saharsa
"25.875, 86.587",25.8747277,86.5872377,1,Ganga Hospital(Maternity and Ortho Centre),Bihar,Saharsa
"25.879, 86.455",25.8785781,86.4553426,1,Bhatia Hospital,Haryana,Faridabad
"25.887, 86.591",25.8873288,86.5908524,1,P.K. Hospital,Bihar,Saharsa
"25.887, 87.195",25.8872792,87.1946269,1,"Sub.Div.Hospital,Banmankhi",Bihar,Purnia
"25.891, 85.74",25.8910406,85.7397723,1,Shikha Healthcare Centre,Bihar,Samastipur
"25.907, 93.732",25.9067837,93.7316482,1,Avishkar Healthcare Pvt Ltd,Gujarat,Sabar kantha
"25.927, 68.643",25.9266775,68.6430287,1,Jeewan Hospital and Nursing Home,Haryana,Rohtak
"25.938, 87.403",25.9384228,87.4033964,1,Cosmo Multispeciality Hospital,Karnataka,Bengaluru Urban
"25.965, 84.535",25.9651053,84.5353247,1,Patna Nursing Home and Maternity Center,Bihar,Saran
"25.978, 91.236",25.977767,91.2355695,1,Boko Fru,Assam,Kamrup
"26.027, 87.95",26.0269532,87.9500306,1,Katihar Seva Sadan,Bihar,Katihar
"26.059, 86.152",26.0594824,86.1518851,1,"SubDivisional Hospital, Benipur",Bihar,Darbhanga
"26.076, 85.786",26.0761268,85.7858851,1,Ayushman Neuro Cardio Centre and Shubham Hospital,Madhya Pradesh,Gwalior
"26.102, 87.955",26.1024918,87.9545046,1,Kanchanlata Nursing Home,Bihar,Kishanganj
"26.118, 85.9",26.1181299,85.9002124,1,Sheela Health Clinic,Bihar,Darbhanga
"26.119, 85.377",26.1189406,85.3773802,1,Roy Nursing Home and Maternity Centre,Bihar,Muzaffarpur
"26.121, 86.601",26.1209629,86.600694,1,Sun Medicare,Bihar,Supaul
"26.123, 85.384",26.1229787,85.3839684,1,Muzaffarpur Heart Hospital and Research Centre Pvt. Ltd.,Bihar,Muzaffarpur
"26.125, 91.811",26.1245811,91.8111379,1,Agile Hospitals Pvt Ltd,Assam,Kamrup
"26.129, 85.377",26.1290285,85.3766632,1,Dr. Brajesh Kumar Ortho and Trauma Care,Bihar,Muzaffarpur
"26.13, 91.799",26.1299856,91.7992658,1,Sri Sankaradeva Nethralaya,Assam,Kamrup
"26.131, 91.809",26.1305013,91.8093282,1,Gnrc Sixmile Hospital,Assam,Kamrup
"26.134, 85.388",26.1337646,85.3876455,1,Aseem Healthcare and Trauma Centre,Bihar,Muzaffarpur
"26.139, 91.747",26.1394673,91.7469849,1,Hayat Hospital,Assam,Kamrup
"26.144, 91.767",26.1444686,91.7666692,1,Saraighat Hospital Pvt Ltd.,Assam,Kamrup
"26.145, 91.787",26.1448491,91.7866194,1,Advance Neuro Science Hospital,Assam,Kamrup
"26.149, 91.784",26.1494687,91.7837528,1,Nightingale Hospital,Assam,Kamrup
"26.166, 85.394",26.1658856,85.3936958,1,Shri Krishna Medical College And Hospital,Bihar,Muzaffarpur
"26.166, 91.769",26.1658231,91.7686098,1,Aruna Memorial Hospital,Assam,Kamrup
"26.167, 85.891",26.1668952,85.891473,1,Agrachal Nursing Home,Bihar,Darbhanga
"26.168, 91.728",26.1684554,91.7283341,1,Swagat Endolaproscopic Surgical Research Institute,Assam,Kamrup
"26.17, 91.57",26.1703301,91.570327,1,Sualkuchi Fru,Assam,Kamrup
"26.174, 91.733",26.174303,91.7331991,1,Institute Of Human Reproduction,Assam,Kamrup
"26.174, 91.74",26.1740683,91.7400691,1,Marwari Hospital and Research Centre,Assam,Kamrup
"26.175, 90.621",26.175342,90.6206204,1,Florence Hospital,Assam,Goalpara
"26.176, 90.625",26.1763952,90.6250806,1,Solace Hospital and Research Centre,Assam,Goalpara
"26.178, 85.871",26.1780379,85.871383,1,Mithila Hospital,Bihar,Darbhanga
"26.178, 91.773",26.1781993,91.773379,1,Lakshmi Kishore Hospital,Andhra Pradesh,Y.S.R.
"26.179, 91.75",26.1785763,91.7497194,1,Gurucharan Polyclinic Cum Nursing Home,Assam,Kamrup
"26.183, 91.74",26.1830738,91.7404977,1,Central Clinic and Nursing Home,Assam,Kamrup
"26.186, 91.751",26.1857244,91.7514949,1,Life Line Hospital - Tinsukia,Assam,Tinsukia
"26.187, 78.148",26.1868114,78.1479327,1,Mascot Hospital and Reseaech Center,Madhya Pradesh,Gwalior
"26.194, 78.162",26.1943398,78.1619006,1,Pariwar Hospital Multi Speciality and Research Center,Madhya Pradesh,Gwalior
"26.195, 78.162",26.195473,78.1622712,1,Dr. Arvind Kumar Dubey,Madhya Pradesh,Gwalior
"26.196, 78.152",26.1958415,78.1516122,1,Manav Netra Chikitsalaya,Madhya Pradesh,Gwalior
"26.2, 78.156",26.1995364,78.1559106,1,Divya Drishti Eye and Laser Centre,Madhya Pradesh,Gwalior
"26.201, 78.16",26.201312,78.1602473,1,Saraf Hospital,Madhya Pradesh,Gwalior
"26.205, 86.01",26.2053088,86.0101442,1,Dinesh Nursing Home,Bihar,Madhubani
"26.207, 78.189",26.2071424,78.1888425,1,Heritage Hospital Pvt. Ltd.,Madhya Pradesh,Gwalior
"26.207, 78.197",26.2072384,78.1974088,1,Mehra Nursing Home,Madhya Pradesh,Gwalior
"26.207, 78.2",26.2069299,78.2002142,1,Govil Hospital,Madhya Pradesh,Gwalior
"26.208, 78.146",26.2079109,78.1461874,1,Chirayu Hospital,Madhya Pradesh,Gwalior
"26.208, 78.161",26.207528,78.1614311,1,Dubey Orthopaedic and Maternity Nursing Home,Madhya Pradesh,Gwalior
"26.21, 78.2",26.2104654,78.1996321,1,Kalra Hospital,Madhya Pradesh,Gwalior
"26.216, 78.203",26.2161044,78.2034633,1,J S Memorial Hospital and Research Center,Madhya Pradesh,Gwalior
"26.217, 84.362",26.2172565,84.3620911,1,Sufia Nursing Home,Bihar,Siwan
"26.218, 78.171",26.2178526,78.170783,1,Nidaan Heart and Maternity Hospital,Madhya Pradesh,Gwalior
"26.219, 78.18",26.219394,78.1802602,1,Khushhal Simriti Hospital,Madhya Pradesh,Gwalior
"26.221, 78.206",26.220716,78.2063696,1,Chandra Hospital and Nursing Home,Madhya Pradesh,Gwalior
"26.222, 78.181",26.2221355,78.1808808,1,M R G Hospital,Madhya Pradesh,Gwalior
"26.225, 78.224",26.2254206,78.2237609,1,P.N.J. Memorial Hospital,Madhya Pradesh,Gwalior
"26.229, 78.161",26.2286867,78.1608757,1,Koteshwar Hospital,Madhya Pradesh,Gwalior
"26.232, 78.181",26.2318802,78.1812679,1,Prasad Nursing Home,Madhya Pradesh,Gwalior
"26.234, 78.222",26.23357,78.2222709,1,Chaudhary Nursing Home,Madhya Pradesh,Gwalior
"26.235, 78.222",26.2354859,78.2223367,1,Time Hospital,Madhya Pradesh,Gwalior
"26.244, 68.406",26.2435502,68.4062581,1,Gulabben Rasiklal Doshi and Smt. Kamlaben Mafatlal,Gujarat,Ahmedabad
"26.252, 91.526",26.2519311,91.5257042,1,Hajo Fru,Assam,Kamrup
"26.267, 73.002",26.266905,73.0022568,1,Abhilasha Hospital,Chandigarh,Chandigarh
"26.272, 90.558",26.2722011,90.5576962,1,Chilarai HospitalandResearch Centre,Assam,Bongaigaon
"26.277, 73.037",26.2771678,73.0366676,1,Dr Damani's Nursing Home,Assam,Dibrugarh
"26.282, 73.006",26.2817674,73.0063026,1,Vishesh Diagnostics Pvt Ltd,Madhya Pradesh,Indore
"26.314, 84.03",26.3143711,84.0295707,1,Sule Nursing Home,Madhya Pradesh,Jabalpur
"26.315, 86.846",26.315238,86.8456793,1,Dr Mehta Emergncy General Hptl,Bihar,Supaul
"26.325, 90.989",26.3246999,90.9888618,1,Sanjivani Hospital And Rcs Ltd,Assam,Barpeta
"26.361, 86.059",26.3609666,86.059333,1,Heritage Hospital and S N R L Trauma and Orthopedic R,Bihar,Madhubani
"26.37, 84.336",26.3695853,84.3357992,1,Dr. Subhash Chandra Gupta,Bihar,Gopalganj
"26.411, 85.049",26.4106892,85.0493253,1,Referral Hospital,Bihar,East Champaran
"26.417, 85.054",26.4174337,85.0541036,1,Osho Healing Space,Bihar,East Champaran
"26.436, 92.035",26.4360551,92.0353254,1,Mangaldol Poly Clinic,Assam,Darrang
"26.447, 85.907",26.4465698,85.9074526,1,Astha Hospital,Bihar,Madhubani
"26.454, 84.436",26.4544251,84.4362365,1,Jagdamba Nursing Home,Bihar,Gopalganj
"26.457, 85.701",26.4567342,85.7012621,1,Pupri Hospital and Rural Surgical Centre,Bihar,Sitamarhi
"26.463, 86.923",26.4631836,86.9232138,1,Hussain Memorial Nursing Home,Bihar,Kishanganj
"26.469, 85.701",26.4689553,85.7007007,1,Narayan Nursing Home,Bihar,Sitamarhi
"26.471, 74.639",26.4711972,74.6393963,1,Kaushalya Devi Surgical Memorial Maternity Nursing,Chhattisgarh,Bilaspur
"26.479, 90.741",26.4794336,90.7414002,1,R N B Civil Hospital,Assam,Bongaigaon
"26.483, 90.962",26.4825511,90.961758,1,Life Care Hospital and Research Centre,Assam,Sivasagar
"26.493, 85.28",26.4925984,85.2798208,1,Sundaram Hospital,Bihar,East Champaran
"26.494, 77.999",26.4939884,77.9989212,1,Parwati Nursing Home,Madhya Pradesh,Morena
"26.498, 77.999",26.49754,77.9985776,1,Rathi Maternity Home,Madhya Pradesh,Morena
"26.501, 86.398",26.5012234,86.3976042,1,Dr. Ak Singh Clinic,Bihar,Madhubani
"26.502, 90.97",26.5016673,90.9701192,1,Bhagawani Devi Prasuti Sadan,Assam,Barpeta
"26.506, 73.516",26.5062289,73.5164644,1,Madhav Hospital,Maharashtra,Kolhapur
"26.513, 93.97",26.5129565,93.9703062,1,G B M Nursing Home,Assam,Golaghat
"26.515, 85.294",26.5145872,85.2942313,1,Soumya Nursing Home,Bihar,Sheohar
"26.525, 93.971",26.5245127,93.9710628,1,Life Line Hospital and Research Centre,Assam,Golaghat
"26.556, 90.254",26.5563373,90.2537897,1,Balajan Block PHC,Assam,Kokrajhar
"26.557, 85.546",26.5573032,85.5455,1,Ram Sati Devi Memorial Hospital,Bihar,Sitamarhi
"26.564, 85.515",26.5642577,85.5154243,1,Dhanwantri Nursing Home and Research Centre,Bihar,Sitamarhi
"26.568, 85.528",26.5684617,85.528131,1,Nandipat Memorial Laproscopic and General Surgery Centre.,Bihar,Sitamarhi
"26.579, 86.01",26.5790111,86.009606,1,Sardaun Memorial Arogya Clinic,Bihar,Madhubani
"26.58, 83.967",26.5795938,83.9668724,1,Ranjana Singh Nursing Home,Bihar,Patna
"26.588, 94.187",26.5880979,94.1872178,1,Titabor Sd Ch,Assam,Jorhat
"26.591, 85.488",26.5907057,85.4883121,1,Dr.Lata Gupta Nursing Home,Bihar,Sitamarhi
"26.595, 85.489",26.5949547,85.4890908,1,Nidan Hospital,Bihar,Sitamarhi
"26.596, 85.495",26.5956762,85.4951865,1,Dr. Renu Chatterjee,Bihar,Sitamarhi
"26.603, 84.598",26.6031974,84.5981913,1,Sehat Seva Kendra,Bihar,East Champaran
"26.604, 85.491",26.6036356,85.4909795,1,Baijnath Nursing Home Research Centre,Bihar,Sitamarhi
"26.606, 85.846",26.6056151,85.8457444,1,Matihani Referal,Bihar,Begusarai
"26.639, 84.902",26.6393803,84.9023839,1,Astha Nursing Home,Bihar,East Champaran
"26.643, 84.891",26.6433705,84.890664,1,Maharaja Nursing Home,Bihar,East Champaran
"26.643, 84.912",26.6430248,84.911823,1,Bhawani Nursing Home,Bihar,East Champaran
"26.65, 84.923",26.6501494,84.9232282,1,Dr. A. Rahmans Hospital,Bihar,East Champaran
"26.653, 92.793",26.6528495,92.7925592,1,Tezpur Medical College and Hospital,Assam,Sonitpur
"26.661, 92.775",26.6607816,92.775492,1,Baptist Christian Hospital,Assam,Sonitpur
"26.677, 85.546",26.6771384,85.5455068,1,R.S Hospital and Research Centre,Bihar,Sitamarhi
"26.689, 84.579",26.6891442,84.5785528,1,Shivam Hospital,Bihar,West Champaran
"26.706, 88.435",26.7057476,88.4350699,1,Sanjeevani Multi Speciality(Sms) Hospital,Maharashtra,Beed
"26.734, 94.204",26.7336887,94.2038688,1,K. G Memorial Medical Centre,Assam,Jorhat
"26.736, 85.277",26.7360933,85.2774207,1,Sbs Hospitak,Bihar,Sitamarhi
"26.763, 94.206",26.762582,94.2064286,1,Pain and Fracture Clinic and Research Centre,Assam,Jorhat
"26.769, 82.144",26.7687273,82.1438468,1,Apollo Nursing Home And Research Centre,Jharkhand,Chatra
"26.789, 83.383",26.7893225,83.3828202,1,Bethel Hospital,Chhattisgarh,Bastar
"26.803, 80.891",26.8030815,80.8908544,1,Sukhmani Hospital Pvt. Ltd,Haryana,Gurgaon
"26.805, 84.509",26.8050128,84.5093334,1,Dr.Suresh Prassad,Bihar,West Champaran
"26.818, 80.95",26.8180732,80.9496051,1,Ashirwad Laser and Phaco Eye Hospital,Chhattisgarh,Bilaspur
"26.845, 75.807",26.844856,75.80702,1,City Nursing Home - Faridabad,Haryana,Faridabad
"26.865, 84.348",26.8651447,84.3476321,1,Shivam Memorial Hospital,Bihar,West Champaran
"26.866, 75.801",26.8657486,75.8013086,1,Oke Eye Hospital,Maharashtra,Nagpur
"26.868, 81.014",26.8676942,81.0144196,1,Dr Fateh Singh Hospital,Haryana,Mahendragarh
"26.871, 75.782",26.8710107,75.7815245,1,Citycare Hospital,Haryana,Rohtak
"26.875, 80.982",26.8745449,80.9819291,1,Indra Gandhi Memorial Seva Sansthan,Bihar,Purnia
"26.882, 75.78",26.881779,75.7797559,1,Pratham Ent and Child Care Centre,Karnataka,Bengaluru Urban
"26.887, 80.994",26.88728,80.9940139,1,Gupta Nursing Home,Haryana,Panchkula
"26.896, 75.777",26.896061,75.776732,1,Dr. Maindarkar Paed. Hospital,Maharashtra,Latur
"26.897, 75.793",26.896961,75.792554,1,Sri Venkateswara Hospitals,Andhra Pradesh,Chittoor
"26.898, 80.963",26.8983972,80.9629496,1,Kalindi Hospital And Diagnostic Centre,Jammu and Kashmir,Jammu
"26.907, 75.812",26.9069413,75.8122758,1,Ravi Nursing Home,Karnataka,Mandya
"26.981, 84.854",26.9808459,84.8540706,1,Aditya Arogya Sansthan,Bihar,East Champaran
"26.991, 84.851",26.9910294,84.8507594,1,The Duncan Hospital,Bihar,East Champaran
"26.995, 84.399",26.9948214,84.3988806,1,Ganpati Nursing Home,Bihar,West Champaran
"26.995, 84.404",26.9950297,84.4041343,1,Aapna Health Care Centre,Bihar,West Champaran
"27.056, 93.955",27.0563989,93.9546877,1,Bongalmora CHC,Assam,Lakhimpur
"27.07, 93.594",27.0702523,93.5944001,1,Ramakrishna Mission Hospital,Arunachal Pradesh,Lower Subansiri
"27.071, 68.613",27.0710253,68.6130146,1,Sanjeevani Hospital,Karnataka,Shivamogga
"27.106, 84.475",27.106337,84.4750137,1,Navajeen Clinic and Chest Care Centre,Bihar,West Champaran
"27.115, 80.148",27.1147181,80.1484407,1,Thakur Hospital,Madhya Pradesh,Gwalior
"27.154, 78.397",27.1537848,78.3968427,1,Gupta Nursing Home,Chhattisgarh,Durg
"27.182, 95.111",27.1821064,95.1106383,1,Rajgarh CHC,Assam,Dibrugarh
"27.19, 94.909",27.1896096,94.9092263,1,Life Care Nursing Home,Assam,Dibrugarh
"27.19, 94.918",27.1897238,94.9175686,1,Moran Medical Centre,Assam,Sivasagar
"27.251, 94.89",27.2513486,94.890005,1,Dhl Health Services,Assam,Sivasagar
"27.259, 84.018",27.2590444,84.0180642,1,Sweksha Nursing Home,Bihar,West Champaran
"27.299, 95.275",27.299143,95.274974,1,Sasoni CHC,Assam,Dibrugarh
"27.311, 94.457",27.3114122,94.456805,1,Dhakuakhona CHC,Assam,Lakhimpur
"27.4, 83.705",27.4004383,83.7053003,1,Rajmahal Lifecare Nursing Home,Bihar,Siwan
"27.472, 94.952",27.4720664,94.9519733,1,Assam Medical College and Hospital (AMCH),Assam,Dibrugarh
"27.473, 94.892",27.4731221,94.8923041,1,Drishti Netralaya,Assam,Dibrugarh
"27.48, 95.363",27.4796192,95.36284,1,St Lukes Hospital,Assam,Tinsukia
"27.489, 94.914",27.4885342,94.9139697,1,Astha Hospital Dibrugarh,Assam,Dibrugarh
"27.492, 95.362",27.4922723,95.361689,1,City Hospital And Research Centre,Assam,Tinsukia
"27.495, 95.369",27.4947049,95.3690926,1,Jeevan Jyoti Nursing Home,Assam,Tinsukia
"27.547, 68.209",27.5465804,68.2094456,1,Batra Clinic and Nursing Home,Madhya Pradesh,Chhindwara
"27.553, 76.635",27.5529907,76.6345735,1,New Wadhwa Nursing Home,Haryana,Mewat
"27.565, 77.659",27.5650088,77.6593394,1,Pushkar General Hospital,Madhya Pradesh,Bhopal
"27.644, 79.945",27.6441382,79.9447096,1,Community Health Centre,Haryana,Kurukshetra
"27.654, 76.885",27.6542858,76.8846014,1,Jain Hospital,Haryana,Gurgaon
"27.703, 85.311",27.7032289,85.3112169,1,Namdhari Hospital and Research Center,Jharkhand,Dhanbad
"27.787, 76.943",27.7870173,76.9426256,1,Shama Hospital,Haryana,Mewat
"27.787, 94.336",27.786802,94.3359635,1,District Hospital,Arunachal Pradesh,Upper Subansiri
"27.885, 78.071",27.8854345,78.071351,1,Ravi Janana Hospital,Haryana,Hisar
"27.895, 77.108",27.8947659,77.1082444,1,Bhawna Hospital,Haryana,Mewat
"27.896, 77.373",27.8964879,77.3726379,1,Kishan Singh Hospital,Haryana,Palwal
"27.961, 80.698",27.960742,80.6976478,1,Sanjeevan Nursing Home,Maharashtra,Solapur
"28.006, 77.398",28.0059774,77.3982525,1,Sanjivan Hospital,Haryana,Palwal
"28.011, 73.316",28.0113333,73.3159985,1,Maurya Nursing Home,Chhattisgarh,Durg
"28.011, 77.056",28.0106916,77.0564464,1,Shivam Hospital,Haryana,Mewat
"28.028, 79.127",28.0277448,79.1274036,1,"Mandya Medical Institute Of Science, Mandya",Karnataka,Mandya
"28.034, 76.174",28.0343075,76.17397,1,Ramavatar Bal Hospital,Haryana,Mahendragarh
"28.045, 76.094",28.0447735,76.0938366,1,Shanti Hospital and Research Center,Haryana,Mahendragarh
"28.048, 76.107",28.0483577,76.1069061,1,Podar Eye Hospital and Nursing Home,Haryana,Mahendragarh
"28.058, 76.102",28.0584011,76.1016705,1,Ram Nursing Home,Haryana,Mahendragarh
"28.096, 76.258",28.0959214,76.2583455,1,Surendra Hospital,Haryana,Mahendragarh
"28.097, 76.589",28.0974786,76.5892774,1,Dr B Lal Hospital,Haryana,Rewari
"28.104, 78.355",28.1037911,78.3545378,1,Suiddhi Nursing Home,Karnataka,Belagavi
"28.131, 77.337",28.13062,77.3367498,1,Aastha Hospital,Haryana,Palwal
"28.136, 77.327",28.1358743,77.3266094,1,Sheetal Hospital - Palwal,Haryana,Palwal
"28.139, 77.324",28.1392427,77.3236775,1,Sachin Hospital,Haryana,Palwal
"28.14, 77.331",28.1398531,77.3306028,1,Hamidia Hospital and Poly Clinic,Haryana,Palwal
"28.147, 77.335",28.1467555,77.334825,1,Tewatia Hospital,Haryana,Palwal
"28.178, 76.624",28.1782536,76.6243074,1,Surekha Yadav Maternity Surgical Hospital,Haryana,Rewari
"28.186, 76.614",28.1862453,76.6139278,1,Shri Ashwini Saxena Hospital / Shri A Saxena Hospital,Haryana,Rewari
"28.196, 76.837",28.195935,76.8371345,1,Dr Nand Lal Sharma Memorial Hospital,Haryana,Faridabad
"28.201, 76.591",28.2006666,76.5907109,1,Hemant Hospital,Haryana,Mahendragarh
"28.212, 76.951",28.2119674,76.9512041,1,Dewansh Nursing Home,Haryana,Mewat
"28.238, 83.996",28.237987,83.9955879,1,Agarwal Nursing Home,Bihar,Vaishali
"28.249, 77.065",28.2489639,77.0654188,1,Mann Orthopaedic Hospital,Haryana,Ambala
"28.294, 76.847",28.2944019,76.8466897,1,Shree Sai Hospital and Trauma Centre,Haryana,Gurgaon
"28.328, 77.294",28.3278046,77.2936695,1,Akash Hospital,Haryana,Faridabad
"28.33, 77.067",28.3298823,77.0673928,1,Chc Sohna,Haryana,Gurgaon
"28.337, 77.322",28.3372962,77.3220325,1,Dr Chakra Pal Nursing Home,Haryana,Faridabad
"28.34, 77.315",28.3398491,77.3145349,1,Dewan Memorial Eye Hospital,Haryana,Faridabad
"28.342, 77.335",28.3417926,77.3348239,1,Manju Shree Nursing Home,Haryana,Faridabad
"28.347, 76.76",28.3467326,76.7596221,1,Chiranjiv Hospital and Maternity Home / Chiranjivi Child Hospital / Chiranjeev Hospital,Haryana,Gurgaon
"28.348, 77.339",28.348156,77.338877,1,Bhagwani Nursing Home,Haryana,Faridabad
"28.349, 77.318",28.348807,77.318397,1,Jyoti Eye Hospital,Haryana,Faridabad
"28.352, 77.335",28.3520982,77.33538,1,Chawla Hospital,Haryana,Faridabad
"28.355, 76.938",28.354726,76.9375455,1,Rajesh Hospital,Haryana,Gurgaon
"28.361, 77.298",28.3607568,77.2976157,1,Dr. P. K. Aggrawal,Haryana,Faridabad
"28.361, 77.326",28.3607154,77.3256736,1,Arya Nursing Home,Haryana,Faridabad
"28.362, 77.325",28.3623771,77.3252633,1,Parijat Hospital,Haryana,Faridabad
"28.364, 77.282",28.3636298,77.2821597,1,Janmeda Nursing Home,Haryana,Faridabad
"28.365, 77.324",28.3648292,77.3236745,1,Wadhwa Nursing Home,Haryana,Faridabad
"28.366, 77.258",28.3664733,77.2577713,1,Arihant Hospital and Surgical Centre,Haryana,Faridabad
"28.367, 77.285",28.3669747,77.2847346,1,Ambey Hospital,Haryana,Faridabad
"28.367, 77.306",28.367016,77.3058772,1,Mujesar Clinic,Haryana,Faridabad
"28.368, 76.932",28.3683154,76.9324697,1,Rockland Hospital Limited,Haryana,Gurgaon
"28.371, 77.329",28.3707849,77.3291118,1,Kiran Nursing Home,Haryana,Faridabad
"28.374, 76.897",28.3738339,76.8969724,1,R.N. Hospital and Maternity Centre,Haryana,Gurgaon
"28.375, 76.912",28.3752154,76.9120529,1,Dr. Ashok Jain,Haryana,Gurgaon
"28.381, 77.314",28.3808658,77.3142692,1,Kumar Medical Park,Haryana,Gurgaon
"28.382, 77.293",28.3815727,77.2932373,1,Dr. Sharan Goel,Haryana,Faridabad
"28.384, 77.297",28.3835995,77.2970806,1,Shri Ram Ji Charitable Hospital Society,Haryana,Faridabad
"28.385, 77.303",28.3854404,77.3028582,1,Vishal Dental Clinic,Haryana,Faridabad
"28.386, 77.299",28.3855048,77.2987676,1,Dr. Aroras Nursing Home,Haryana,Faridabad
"28.388, 77.307",28.3882301,77.3069287,1,Fortis Escorts Hospital,Haryana,Faridabad
"28.39, 77.304",28.3898576,77.304441,1,Asha Nursing Home,Haryana,Faridabad
"28.392, 77.302",28.3923556,77.3018553,1,Badshah Khan General Hospital,Haryana,Faridabad
"28.395, 77.047",28.3950645,77.046534,1,Sai Dharamraj Hospital,Haryana,Gurgaon
"28.395, 77.334",28.3947823,77.3338783,1,Eye Care Centre,Haryana,Faridabad
"28.407, 77.33",28.4073009,77.3295708,1,Ahuja Hospital and Maternity Home,Haryana,Faridabad
"28.408, 77.305",28.4075847,77.3054027,1,Dr Ml Gupta Memorial Centre,Haryana,Faridabad
"28.41, 70.31",28.4102309,70.3096613,1,C . Lall Hospital / C.Lal Hospital,Haryana,Ambala
"28.41, 77.292",28.4099478,77.2922784,1,Shanti Memorial Hospital - Faridabad,Haryana,Faridabad
"28.417, 77.048",28.4171718,77.0475421,1,Park Medicenters And Institutions Pvt Ltd.,Haryana,Gurgaon
"28.417, 77.319",28.417103,77.3188031,1,Lal Nursing Home,Haryana,Faridabad
"28.422, 77.079",28.4219753,77.0791496,1,Arihant Hospital,Haryana,Gurgaon
"28.423, 76.903",28.4225732,76.9026943,1,Jyoti Hospital and Trauma Centre,Haryana,Gurgaon
"28.426, 77.095",28.426307,77.0947149,1,Anand Medical Centre,Haryana,Gurgaon
"28.426, 77.097",28.4262171,77.096765,1,Surgicare Hospital,Haryana,Gurgaon
"28.426, 77.383",28.4261665,77.3826107,1,Rajeev Gandhi Memorial Hospital,Haryana,Faridabad
"28.427, 77.295",28.4267151,77.2951617,1,Vandana Surgical and Maternity Home,Haryana,Faridabad
"28.427, 77.297",28.4268543,77.2970239,1,Abhinav Hospital,Haryana,Faridabad
"28.428, 77.099",28.4279354,77.0986251,1,Ashwani Hospital,Haryana,Faridabad
"28.43, 77.067",28.429647,77.06652,1,Artemis Health Institute / Arth Medical Centre,Haryana,Gurgaon
"28.435, 77.003",28.4348057,77.0032153,1,Kathuria Hospital,Haryana,Gurgaon
"28.436, 77.041",28.4357613,77.0406147,1,Medanta The Medicity Global Health Pvt Ltd,Haryana,Gurgaon
"28.443, 77.013",28.4428081,77.0126957,1,Anand Hospital\n,Haryana,Gurgaon
"28.444, 77.011",28.4437428,77.0111419,1,Sunrise Hospital,Haryana,Gurgaon
"28.447, 76.995",28.4472778,76.9946535,1,Sangwan Hospital,Haryana,Gurgaon
"28.447, 77.096",28.4473955,77.0962582,1,"Alchemist Hospital, Gurgaon",Haryana,Gurgaon
"28.448, 77.096",28.4482933,77.0955136,1,Alchemist Hospitals Ltd,Haryana,Gurgaon
"28.451, 77.017",28.4514004,77.0168634,1,Prime Multispeciality Hospital,Haryana,Gurgaon
"28.452, 77.042",28.4517387,77.0421171,1,Dayal Eye Centre,Haryana,Gurgaon
"28.452, 77.054",28.4524631,77.0543486,1,Chaudry Medical And Maternity Hospital / Chaudhry Medical and Maternity Hospital,Haryana,Karnal
"28.453, 77.048",28.4532055,77.0480158,1,Orbit Hospital,Haryana,Gurgaon
"28.453, 77.051",28.4530734,77.0509849,1,Vibal Hospital Private Limited - Faridabad,Haryana,Faridabad
"28.454, 77.021",28.4539065,77.020619,1,Nangia Hospital Ent and Maternity,Haryana,Gurgaon
"28.455, 77.015",28.455072,77.014676,1,Mangalam Hospital and Heart Centre,Haryana,Gurgaon
"28.455, 77.032",28.455354,77.032304,1,Mathur Medical And Child Care Centre,Haryana,Gurgaon
"28.456, 77.023",28.4563129,77.022695,1,Parashar Hospital,Haryana,Gurgaon
"28.456, 77.04",28.4560817,77.0400155,1,Ahmed Hospital Multi Speciality,Haryana,Gurgaon
"28.457, 76.99",28.4573069,76.9904789,1,Shri Balaji Hospital and Trauma Centre,Haryana,Gurgaon
"28.457, 77.02",28.4570115,77.0202295,1,Tirath Ram Hospitals Pvt Ltd,Haryana,Gurgaon
"28.457, 77.036",28.4573024,77.0361078,1,Nursing Home,Haryana,Gurgaon
"28.458, 77.029",28.4576161,77.0287188,1,"CGHS Dispensary, Gurgaon",Haryana,Gurgaon
"28.458, 77.036",28.458306,77.035796,1,Ob-Gyn Center,Haryana,Gurgaon
"28.459, 77.052",28.4587807,77.0524887,1,Shivam Hospital,Haryana,Gurgaon
"28.463, 77.077",28.4634412,77.0767557,1,Dr. S.K. Berera Clinic,Haryana,Gurgaon
"28.464, 76.871",28.4642254,76.8712119,1,Kalawati Hospital and Maternity Center,Haryana,Gurgaon
"28.464, 77.03",28.4636592,77.0302472,1,Ahooja Eye and Dental Institute,Haryana,Gurgaon
"28.465, 77.101",28.4650453,77.1007117,1,Marwah Clinic,Haryana,Gurgaon
"28.466, 77.014",28.466283,77.013852,1,Taneja Hospital,Haryana,Gurgaon
"28.466, 77.1",28.4663599,77.1003219,1,Malik Hospital,Haryana,Gurgaon
"28.466, 77.311",28.4663817,77.3113193,1,Kumar Diagnostic Centre,Haryana,Faridabad
"28.467, 76.886",28.4671712,76.8862435,1,Chc Farukhnagar,Haryana,Gurgaon
"28.467, 77.019",28.4665261,77.0190628,1,"Aswini Clinic, Maternity and Nursing Home",Andhra Pradesh,Visakhapatnam
"28.467, 77.027",28.4669288,77.0271478,1,Lall Nursing and Maternity Home,Haryana,Gurgaon
"28.467, 77.098",28.4668715,77.0977331,1,The Dental Lounge,Haryana,Gurgaon
"28.468, 77.007",28.467897,77.006888,1,Kamal Hospital,Haryana,Karnal
"28.468, 77.096",28.468064,77.095963,1,Sree Sankara Ayurveda Vaidyasala,Haryana,Gurgaon
"28.469, 77.018",28.4686572,77.0183558,1,Dr.Rupam Sinha Clinic,Bihar,Patna
"28.469, 77.034",28.4693018,77.0341722,1,Lotus Hospital Gurgoan,Haryana,Gurgaon
"28.469, 77.141",28.4689118,77.1411003,1,Neha Prakash Hospital,Karnataka,Bengaluru Urban
"28.47, 77.314",28.4704663,77.314466,1,Chadha Orthopaedic and Dental Research Inst.,Haryana,Rohtak
"28.471, 77.018",28.4709658,77.0176977,1,Vatsalya Medical Centre,Haryana,Gurgaon
"28.471, 77.102",28.4705178,77.1023597,1,Sikka Maternity And Surgical Center,Haryana,Gurgaon
"28.471, 77.316",28.4710655,77.3156672,1,Chouhan Medical Centre,Haryana,Faridabad
"28.472, 77.016",28.4721846,77.0156836,1,Sh. Moolchand Kidney Hospital and Urological Institute,Haryana,Karnal
"28.472, 77.017",28.4717634,77.0170436,1,Saini Eye Care Centre,Haryana,Kurukshetra
"28.472, 77.073",28.4715182,77.0733208,1,Umkal Hospital And M. P. Heart Research Institute,Haryana,Gurgaon
"28.473, 77.034",28.473376,77.0335963,1,Shalu Paediatric and Trauma Hospital,Haryana,Gurgaon
"28.473, 77.049",28.4732109,77.0488485,1,Bansal Nursing Home,Haryana,Sonipat
"28.474, 77.322",28.4741925,77.322467,1,Life Line Medical and Surgical Centre,Haryana,Faridabad
"28.475, 77.007",28.4748343,77.0068111,1,Prateed Nursing Home And Polyclinic,Haryana,Gurgaon
"28.475, 77.009",28.4752536,77.0090802,1,Thakur Hospital,Haryana,Karnal
"28.476, 77.038",28.4757428,77.0380271,1,Shiva Hospital,Haryana,Gurgaon
"28.478, 77.082",28.4775758,77.0820378,1,Sidhesh Hospital,Haryana,Gurgaon
"28.479, 77.06",28.4785131,77.0600442,1,Shri Ram Dental Care and Orthodontic Center,Haryana,Gurgaon
"28.48, 77.081",28.479881,77.080826,1,Privat Hospital,Haryana,Gurgaon
"28.483, 77.079",28.4826659,77.0785701,1,Privat Hospital / Privat Hospital Dr Sachdev Pvt Ltd (A),Haryana,Gurgaon
"28.483, 77.086",28.4825979,77.0861074,1,Uma Sanjeevani Health Centre Pvt Ltd / Uma Sanjeewani Hospital,Haryana,Gurgaon
"28.484, 77.309",28.4844063,77.3092072,1,Saraswati Medicare (Pvt)L.T.D,Haryana,Faridabad
"28.485, 77.019",28.4853382,77.0186621,1,Satyam Hospital,Haryana,Gurgaon
"28.492, 77.095",28.4916812,77.094897,1,Kailash Nursing Home,Haryana,Gurgaon
"28.493, 77.006",28.492663,77.0060658,1,Bhardwaj Hospital,Haryana,Gurgaon
"28.493, 77.087",28.4930297,77.0866765,1,Surgi Center Clinic,Haryana,Gurgaon
"28.493, 77.292",28.4930173,77.29204,1,Sidhaashray Clinic,Haryana,Faridabad
"28.493, 77.327",28.4926396,77.3271433,1,Samvedna Hospital,Haryana,Faridabad
"28.5, 77.041",28.5003715,77.0414187,1,"Metro Hospital and Heart Institute, Gurgaon",Haryana,Gurgaon
"28.508, 77.231",28.5077961,77.2311749,1,Mangala Medical Centre,Kerala,Thiruvananthapuram
"28.509, 77.031",28.5093045,77.0306288,1,Shree Tirupati Balaji Hospital,Haryana,Gurgaon
"28.512, 77.032",28.5120259,77.03193,1,Park Hospital,Haryana,Gurgaon
"28.514, 77.081",28.5138999,77.0812691,1,Alps Hospital Limited,Haryana,Gurgaon
"28.563, 76.311",28.5631583,76.3105345,1,Saraswati Hospital and Nursing Home,Haryana,Bhiwani
"28.572, 77.268",28.5721429,77.2684151,1,Sun Flag Super Speciality Hospital and Trauma Centre,Haryana,Rohtak
"28.575, 77.16",28.5745813,77.1603832,1,Neetu Nursing Home,Haryana,Mahendragarh
"28.577, 77.263",28.5773041,77.2626059,1,Masih Hospital,Haryana,Yamunanagar
"28.588, 77.403",28.5878501,77.4027753,1,Valencia Emergency and Critical Care,Haryana,Faridabad
"28.592, 77.229",28.592126,77.228974,1,Brain and Spine Hospital,Haryana,Karnal
"28.593, 76.247",28.5929576,76.2474176,1,Sehrawat Hospital,Haryana,Bhiwani
"28.595, 76.285",28.5945736,76.2853128,1,Sukhram Hospital,Haryana,Mahendragarh
"28.596, 77.073",28.5962004,77.0731176,1,Tulasigirish Diabetes Hospital,Karnataka,Bagalkot
"28.601, 77.104",28.6007027,77.1043255,1,Dr. R.N Yadav Eye Care Centre,Haryana,Gurgaon
"28.601, 77.345",28.600817,77.34522,1,Anand Hospital,Haryana,Gurgaon
"28.604, 76.93",28.6036627,76.9303751,1,Aastha Hospital U/O S K Aastha Hospital Pvt Ltd,Haryana,Jhajjar
"28.604, 77.348",28.6042922,77.3479096,1,Arunodaya Deseret Eye Hospital,Haryana,Gurgaon
"28.61, 77.114",28.6101555,77.1144458,1,Criticare Hospital For Children,Maharashtra,Nashik
"28.61, 77.346",28.6100931,77.3456487,1,Shashi Nursing Home,Madhya Pradesh,Indore
"28.62, 77.294",28.6204723,77.2939549,1,Kavita Medical Center,Haryana,Faridabad
"28.626, 77.239",28.6264203,77.2386743,1,Dr. R. D. Ghodasara Hospital,Gujarat,Amreli
"28.627, 77.11",28.6270562,77.1100426,1,Lotus Hospital,Maharashtra,Solapur
"28.628, 77.297",28.6280553,77.2967595,1,Santosh Hospital,Haryana,Yamunanagar
"28.629, 77.099",28.6292425,77.0993301,1,"Smgs Hospital Medical College, Jammu.",Jammu and Kashmir,Jammu
"28.629, 77.1",28.6293579,77.0998342,1,Gadhiya Orthopaedic Hospital,Gujarat,Bhavnagar
"28.635, 77.225",28.6353011,77.2248008,1,Paras Hospital,Haryana,Gurgaon
"28.645, 77.102",28.6448172,77.1020682,1,Oxford Heart and Multispeciality Hospital,Chandigarh,Chandigarh
"28.645, 77.345",28.6452089,77.3447853,1,Jawa Children Hospital,Haryana,Hisar
"28.648, 77.371",28.6481837,77.3709431,1,Lakshmi Hospital,Andhra Pradesh,Chittoor
"28.649, 70.662",28.6494743,70.6619263,1,Raiyan Nursing Home,Bihar,Siwan
"28.649, 77.163",28.6488324,77.162813,1,Popular Nursing Home,Jharkhand,Jamtara
"28.65, 77.338",28.6496575,77.3379937,1,Jain Sant Phool Chand Ji Charitable Hospital,Haryana,Gurgaon
"28.651, 77.12",28.6513402,77.1196321,1,Surya Hospital,Bihar,Saharsa
"28.653, 77.453",28.6526354,77.4528794,1,Nirmal Eye Hospital,Haryana,Jind
"28.654, 77.283",28.653614,77.2828538,1,Kothari Maternity and Surgical Pvt .Ltd,Gujarat,Ahmedabad
"28.657, 77.278",28.656668,77.277813,1,Sri Venkataramana Hospital,Andhra Pradesh,Visakhapatnam
"28.658, 77.182",28.6583694,77.1824971,1,Shankar Nurshing Home,Jharkhand,Hazaribag
"28.658, 77.235",28.6580088,77.2347848,1,Madan Memorial Children Hospital,Haryana,Yamunanagar
"28.661, 77.148",28.66065,77.1478159,1,Eye Hospital,Gujarat,Surendranagar
"28.664, 77.224",28.6635912,77.2243528,1,Venu Eye Institute and Research Centre,Haryana,Faridabad
"28.669, 77.371",28.6689473,77.3714524,1,Sachdeva Nursing Home-Faridabad / Sachdeva's Brain and Multispeciality Hospital,Haryana,Faridabad
"28.673, 77.142",28.6734394,77.1417744,1,Panwar Maternity and Children Hospital,Haryana,Bhiwani
"28.674, 77.316",28.673523,77.3163754,1,"Centre For Sight, Gurgaon, New Railway Road",Haryana,Gurgaon
"28.676, 76.895",28.6758469,76.8951327,1,General Hospital,Haryana,Jhajjar
"28.677, 77.158",28.6767282,77.1581747,1,Prakash Hospital,Haryana,Bhiwani
"28.678, 77.16",28.6775351,77.1598792,1,Shaili Nursing Home and U S Center,Haryana,Jhajjar
"28.678, 77.31",28.6779455,77.3103012,1,Vennela Super Speciality Eye and Dental Hospital,Andhra Pradesh,Chittoor
"28.679, 77.162",28.6790999,77.1616807,1,Jindal Surgical Hospital,Haryana,Hisar
"28.683, 77.22",28.68333,77.2195882,1,Sa- Sanjivini Childrens Hospital,Chhattisgarh,Kabirdham
"28.684, 77.011",28.6838182,77.0109533,1,Rawal Multi Speciality Hospital,Haryana,Sonipat
"28.688, 76.891",28.6877686,76.8908318,1,Pdm General Hospital / Pd Memorial General Hospital,Haryana,Jhajjar
"28.69, 76.947",28.6896735,76.9467108,1,Jeevan Jyoti Hospital,Haryana,Jhajjar
"28.693, 76.924",28.6931639,76.9241418,1,Vandana Hospital and Research Center,Haryana,Jhajjar
"28.693, 76.932",28.6931574,76.9323604,1,Mamta Eye Clinic,Haryana,Jhajjar
"28.694, 77.335",28.693808,77.3349982,1,Sri Ratnam Hospital,Andhra Pradesh,SPSR Nellore
"28.696, 77.076",28.6960904,77.0764585,1,Dr (Mrs) Shubha S Rao,Maharashtra,Mumbai
"28.697, 77.16",28.6971398,77.1596946,1,Bajaj Eye Centre,Haryana,Panipat
"28.701, 76.581",28.7013322,76.5806097,1,Lifeline Medical Centre,Haryana,Jhajjar
"28.701, 77.189",28.7014122,77.188595,1,Ganga Devi Pandey Eye Hospital,Haryana,Mahendragarh
"28.702, 77.187",28.7020499,77.1871526,1,Memorial Health Centre / Pd Memorial General Hospital,Haryana,Jhajjar
"28.705, 77.199",28.7051817,77.1988034,1,Apurva Hospital,Haryana,Faridabad
"28.706, 77.176",28.7055148,77.176282,1,Sneh Hospital,Haryana,Gurgaon
"28.707, 77.191",28.7065412,77.1905524,1,Dr Sudhir Sabharwal Orthopaedic Center,Haryana,Panipat
"28.717, 77.061",28.7170069,77.0612944,1,Rustagi Clinic,Haryana,Faridabad
"28.719, 76.303",28.719497,76.3034857,1,"Eye-Q Super Speciality Eye Hospitals, Bhiwani",Haryana,Bhiwani
"28.722, 77.175",28.7222501,77.1753112,1,Krishna Eye Hospital,Gujarat,Mahesana
"28.727, 77.782",28.7265213,77.7815602,1,Dr. Indu - Madhu Medical Centre,Gujarat,Jamnagar
"28.765, 70.816",28.7648436,70.8155155,1,Sunder Medical Centre,Haryana,Faridabad
"28.778, 76.771",28.7775769,76.7711626,1,Tomar Medical Centre,Haryana,Jhajjar
"28.798, 76.143",28.7977027,76.1432291,1,Sarin Hospital,Haryana,Bhiwani
"28.798, 76.144",28.7976795,76.1438632,1,Kishanlal Jalan Government Eye Hospital,Haryana,Bhiwani
"28.799, 76.139",28.7993056,76.1387945,1,Kumar Nursing Home and Dental Hospital,Haryana,Bhiwani
"28.801, 76.135",28.8007086,76.1351053,1,Agarwal Childrenn Hospital,Haryana,Bhiwani
"28.801, 76.144",28.8014469,76.1437081,1,Giriraj Medicare Centre,Haryana,Bhiwani
"28.807, 76.144",28.8071037,76.1439213,1,Punia Maternity and Orthopaedic Hospital,Haryana,Bhiwani
"28.82, 76.125",28.8198244,76.1246262,1,Arora Nursing Home,Haryana,Bhiwani
"28.825, 76.391",28.8254971,76.3907624,1,Harsh Hospital,Haryana,Mahendragarh
"28.874, 76.912",28.8744896,76.9124465,1,Dr. Satbir Dahiya Surgical Hospital,Haryana,Sonipat
"28.881, 76.91",28.8806715,76.9102544,1,Sethi Amar Hospital Heart and Maternity Centre,Haryana,Sonipat
"28.882, 76.607",28.8816565,76.6072757,1,S.K.Mudgil Hospital / S.K.M. Hospital,Haryana,Rohtak
"28.892, 76.603",28.8919484,76.6033386,1,Mansarovar Hospital,Haryana,Rohtak
"28.892, 76.636",28.8916618,76.635549,1,Mittal Chest Allegery and General Hospital,Haryana,Panipat
"28.893, 76.606",28.8932993,76.6058888,1,Dr. Ravi Mohan Clinic and Nursing Home,Haryana,Rohtak
"28.895, 76.592",28.8954105,76.5920877,1,Rohtak Maternity Centre,Haryana,Rohtak
"28.896, 76.602",28.8958259,76.6022492,1,"Eye-Q Super Speciality Eye Hospitals, Rohtak",Haryana,Rohtak
"28.898, 76.604",28.8975169,76.6044498,1,Aastha Hospital,Haryana,Rohtak
"28.901, 76.626",28.9007325,76.6256712,1,Bharat Nursing Home,Haryana,Rohtak
"28.964, 80.185",28.963888,80.1850654,1,Bhardwaj Dnsd Medical Center,Himachal Pradesh,Solan
"28.966, 76.296",28.9658949,76.2963954,1,Jiwan Clinic and Nursing Home,Haryana,Rohtak
"28.984, 77.023",28.9840222,77.0233415,1,Mittal Nursing Home,Haryana,Sonipat
"28.986, 77.026",28.9864203,77.0264713,1,Dahiya Hospital,Haryana,Sonipat
"28.989, 77.012",28.9886152,77.0118246,1,Shiva Hospital / Shiva Krupa Eye Hospital and General Nursing Home,Haryana,Sonipat
"28.992, 77.023",28.9918148,77.0226217,1,Dr. J.P. Singh,Haryana,Sonipat
"28.998, 77.014",28.9982846,77.0140225,1,Handa Hospital and Heart Care Centre,Haryana,Sonipat
"28.998, 77.026",28.9984401,77.0258391,1,Patil Nursing Home,Haryana,Sonipat
"29.009, 77.707",29.0088973,77.7065754,1,Asha Hospital (Asha Institute Of Medical Sciences and Research Centre),Maharashtra,Nagpur
"29.108, 76.197",29.1080247,76.1973846,1,Dr Bejnathsharma Hospital,Haryana,Bhiwani
"29.124, 75.702",29.1239665,75.7017487,1,Kalani Hospital,Haryana,Hisar
"29.131, 75.753",29.1308664,75.7525695,1,Central Medical Centre / Cmc Hospital,Haryana,Hisar
"29.131, 77.017",29.1314364,77.0166022,1,Civil Hospital,Haryana,Sonipat
"29.132, 75.748",29.1321415,75.7475416,1,Sisir Seva Sadn,Jharkhand,Ranchi
"29.134, 75.747",29.133643,75.747238,1,Shanti Ano-Rectal Hospital and Kshar Sutra Centre,Haryana,Hisar
"29.135, 75.747",29.1345683,75.7473837,1,Shanti Ano-Rectal Hospital,Haryana,Hisar
"29.138, 77.027",29.1383854,77.0272501,1,Sita Hospital,Haryana,Gurgaon
"29.139, 75.737",29.1387042,75.7366361,1,Sri Sai Medicare Center,Haryana,Hisar
"29.149, 75.725",29.148828,75.7251557,1,Gulati Nursing Home,Haryana,Hisar
"29.161, 75.758",29.1610183,75.757729,1,Rjsior Hospital,Jharkhand,Ranchi
"29.164, 76.79",29.1637934,76.7899135,1,Bps Government Medical College For Women Khanpur,Haryana,Sonipat
"29.167, 75.728",29.1666511,75.727776,1,Arora Orthopaedic Hospital,Haryana,Hisar
"29.175, 75.705",29.1747592,75.7051647,1,Ginni Orthopaedic Centre,Haryana,Hisar
"29.221, 76.141",29.2212667,76.1406925,1,Shanti Hospital,Haryana,Hisar
"29.242, 76.509",29.2421276,76.5091643,1,Gaj Raj Hospital,Haryana,Sonipat
"29.276, 78.828",29.2760559,78.8281049,1,"District Hospital Jaspur Nagar ,Jaspur",Chhattisgarh,Jashpur
"29.282, 75.472",29.2822533,75.4715692,1,Bajaj Orthopaedic Hospital,Haryana,Hisar
"29.296, 76.334",29.2959438,76.3343067,1,Balaji Hospital,Haryana,Jind
"29.302, 76.315",29.3020317,76.3149783,1,Chauhan Hospital,Haryana,Sonipat
"29.314, 76.316",29.3141324,76.3164634,1,Shanti Bindlish Charitable Hospital,Haryana,Jind
"29.315, 76.319",29.3153515,76.3188616,1,Jind Nursing Home,Haryana,Jind
"29.322, 76.342",29.3224574,76.3416407,1,Ch. Hoshiar Singh Dalamwala Dharmarth Trust Hospital,Haryana,Jind
"29.362, 76.993",29.3622905,76.9931074,1,Batra Hospital,Haryana,Panipat
"29.374, 76.977",29.3735591,76.9772675,1,Dr. G.C. Gupta Hospital,Haryana,Panipat
"29.376, 76.945",29.3759124,76.9451241,1,Dr.Chaudary Hospital,Haryana,Panipat
"29.378, 76.969",29.3776606,76.9693889,1,Sombeer Hospital / Sombir Hospital / Somdir Hospital,Haryana,Panipat
"29.387, 76.956",29.3869559,76.9564629,1,Geetanjali Hospital,Haryana,Hisar
"29.387, 76.999",29.3872866,76.9993642,1,Shri Hyderabadi Biradari Shiksha and Medical Sanstha,Haryana,Panipat
"29.388, 76.978",29.388306,76.9780583,1,Dr Bharat General and Dental Hospital,Haryana,Panipat
"29.389, 76.959",29.3890606,76.9589891,1,Sharda Hospital,Haryana,Hisar
"29.39, 76.973",29.3897296,76.97317,1,Hyderabadi General Hospital and Nursing Home,Haryana,Panipat
"29.391, 76.96",29.3905173,76.9604353,1,Khanna Diagnostic Centre and Path Lab,Haryana,Gurgaon
"29.394, 76.947",29.3942309,76.9467794,1,Madaan Hospital,Haryana,Panipat
"29.394, 76.948",29.3936623,76.947512,1,A S Dahiya Hospital / A.S Dhaiya Hospital,Haryana,Panipat
"29.396, 76.958",29.3955427,76.9580198,1,Chhabra Hospital,Haryana,Panipat
"29.398, 76.966",29.3980821,76.9657463,1,Pritam Nursing Home,Haryana,Panipat
"29.4, 76.661",29.4004122,76.6608749,1,Sehrawat Hospital,Haryana,Jind
"29.406, 76.661",29.4060653,76.6614853,1,Civil Hospital,Haryana,Jind
"29.432, 77.12",29.4317756,77.1197521,1,Kundla Memorial Hopital,Chhattisgarh,Surguja
"29.467, 77.704",29.4671562,77.7039176,1,Neeraj Hospital,Haryana,Sirsa
"29.492, 76.963",29.491854,76.9628658,1,Mata Kalawati Cheritable Hospital,Haryana,Karnal
"29.514, 75.45",29.5143382,75.4503181,1,"Eye-Q Super Speciality Eye Hospitals, Fatehabad",Haryana,Fatehabad
"29.516, 74.588",29.5160925,74.5877445,1,Care Emergency Hospital,Andhra Pradesh,East Godavari
"29.532, 75.037",29.5324367,75.0373067,1,Talwar Nursing Home,Haryana,Sirsa
"29.532, 75.054",29.5322255,75.0538136,1,Girdhar Hospital,Haryana,Sonipat
"29.536, 75.016",29.5363692,75.015843,1,General Hospital,Haryana,Sirsa
"29.539, 76.969",29.5394553,76.9693845,1,Alka Hospital,Haryana,Karnal
"29.542, 75.028",29.5423403,75.0276364,1,Baba Bihari Netralaya - Rsby,Haryana,Sirsa
"29.56, 73.966",29.5598082,73.9658933,1,Trivedi Hospital,Gujarat,Kachchh
"29.588, 76.124",29.587566,76.1238545,1,Shanti Simriti Eye And General Hospital,Haryana,Jind
"29.59, 77.369",29.5900771,77.3688513,1,Akshat Seva Sadan,Bihar,Patna
"29.691, 76.992",29.6911901,76.9916675,1,Virmani Ayurveda Panchkarma Chikitsakyam Holyayu,Haryana,Karnal
"29.696, 76.991",29.6956184,76.9914875,1,Karnal Nursing Home,Haryana,Karnal
"29.696, 77.006",29.6957862,77.0057059,1,Singla Children and Maternity Hospital,Haryana,Karnal
"29.703, 76.993",29.7025136,76.993243,1,City Orthopaedic Hospital / City Orthopadic and Trauma Hospital,Haryana,Karnal
"29.704, 76.996",29.7037023,76.9958644,1,Kakkar Eye Hospital /Kakar Eye Hospital,Haryana,Karnal
"29.718, 75.899",29.7180117,75.8988914,1,Bhatia Nursing Home,Haryana,Fatehabad
"29.806, 76.411",29.8060396,76.4107365,1,Jindal Child Care And Laboratory,Haryana,Kaithal
"29.808, 76.424",29.8082596,76.4244916,1,Sakthi Kerala Ayurvedic Treatment Centre,Haryana,Faridabad
"29.816, 76.415",29.8163036,76.4151866,1,Gupta Aankho Ka Aspatal,Haryana,Kaithal
"29.839, 76.93",29.8390474,76.9304107,1,Parnami Nursing Home,Haryana,Karnal
"29.864, 77.882",29.8635857,77.8824892,1,Dr. K.D's Eye Hospital,Jammu and Kashmir,Jammu
"29.884, 76.621",29.884133,76.621062,1,Aarya Spiral Ct Scan Centre,Haryana,Kaithal
"29.904, 73.877",29.9038399,73.8771901,1,North Side Health Centre,Karnataka,Bengaluru Urban
"29.918, 77.414",29.917512,77.4142541,1,Om Multi Speciality Hospital,Gujarat,Vadodara
"29.921, 73.884",29.9205412,73.8841725,1,Luthra Clinic,Haryana,Karnal
"29.958, 76.881",29.9575988,76.8811255,1,Agarwal Nursing Home,Haryana,Kurukshetra
"29.964, 76.911",29.9642538,76.9114727,1,Kurukshetra Nursing Home / Kurushetra Nursing Home,Haryana,Kurukshetra
"29.967, 74.699",29.9669041,74.6991836,1,Singla Maternity and Nursing Home,Haryana,Sirsa
"29.967, 76.876",29.9667311,76.87642,1,Atul Clinic,Haryana,Kurukshetra
"29.97, 76.874",29.9702709,76.8736988,1,Tagore Hospital,Haryana,Karnal
"29.971, 76.838",29.9706785,76.8382204,1,Ahuja Hospital,Haryana,Kurukshetra
"29.981, 76.589",29.9814167,76.5892774,1,Bandlas Nursing Home,Haryana,Kurukshetra
"29.982, 76.586",29.9819627,76.5860662,1,Saraswati Mission Hospital / Saraswati Polyclinic Hospital and Diagnostic Centre,Haryana,Kurukshetra
"29.996, 77.049",29.9957531,77.048798,1,Saini Children Hospital,Haryana,Kurukshetra
"30.0, 75.394",29.9995069,75.3936808,1,Parmar's Hospital,Gujarat,Gandhinagar
"30.027, 77.149",30.0271643,77.149294,1,Rama Nursing Home,Haryana,Yamunanagar
"30.087, 78.268",30.0869281,78.2676116,1,Shivam Eye Hospital,Maharashtra,Nashik
"30.089, 76.547",30.0885435,76.5474705,1,Saraswati Mission Hospital,Haryana,Kurukshetra
"30.133, 77.28",30.1325177,77.2801274,1,Friends Integrated Hospital,Haryana,Yamunanagar
"30.135, 77.252",30.1348304,77.2520067,1,Rajan Hospital,Haryana,Yamunanagar
"30.135, 77.293",30.1352524,77.293257,1,Mahajan Hospital,Haryana,Yamunanagar
"30.14, 74.195",30.1397227,74.1950513,1,Dr. Ramjass Hospital,Haryana,Rewari
"30.142, 77.312",30.1420443,77.3123396,1,Esi Hospital,Haryana,Yamunanagar
"30.16, 77.306",30.1596868,77.3058962,1,Mahendra Hospital / Mahendru Hospital,Haryana,Yamunanagar
"30.17, 77.287",30.1702088,77.2865519,1,Aarogyam Hospital,Haryana,Yamunanagar
"30.17, 77.294",30.1701226,77.293719,1,Civil Hospital,Haryana,Yamunanagar
"30.171, 77.298",30.1707269,77.2981795,1,Dua Nursing Home,Haryana,Yamunanagar
"30.222, 77.026",30.2221646,77.0255008,1,V.K. Clinic,Haryana,Ambala
"30.243, 77.358",30.2430239,77.358284,1,Kapoor General and Maternity Hospital,Haryana,Yamunanagar
"30.25, 77.046",30.2503965,77.046211,1,Mukhi Hospital and Nursing Home Pvt. Ltd.,Haryana,Sonipat
"30.261, 77.35",30.2605444,77.3497581,1,Tilak Raj Chhabra Memorial Hospital,Haryana,Yamunanagar
"30.289, 78.055",30.2886168,78.0552088,1,Sristi Hospitals And Research Centre Pvt Ltd,Assam,Dibrugarh
"30.315, 78.036",30.3145962,78.0357476,1,Popular Nursing Home,Andhra Pradesh,Chittoor
"30.334, 76.838",30.3339584,76.8381251,1,Mk Datta Hospital,Haryana,Ambala
"30.334, 76.859",30.3335638,76.8591235,1,Abhenil Hospital,Haryana,Ambala
"30.337, 76.867",30.3365412,76.8672924,1,Dhawan Orthopadicand Fracture Hospital,Haryana,Ambala
"30.338, 76.86",30.338166,76.8597168,1,Madukhar Bharti Hospital,Haryana,Ambala
"30.34, 76.841",30.3399546,76.8414649,1,Kos Hospital -  Cantt,Haryana,Ambala
"30.34, 76.846",30.3403754,76.8460473,1,Garg Maternity and Nursing Home,Haryana,Ambala
"30.341, 78.023",30.3411426,78.0229465,1,Syamala Clinic and Maternity Research Centre,Bihar,Patna
"30.342, 76.843",30.34215,76.8432635,1,Khuranas Hospital,Haryana,Ambala
"30.345, 76.36",30.3452968,76.3602026,1,B K Neurocare Hospital,Haryana,Hisar
"30.346, 76.866",30.3463249,76.8660555,1,Aneja Hospital and Nursing Home,Haryana,Ambala
"30.349, 76.833",30.3494594,76.8328363,1,Sharma Eye,Haryana,Ambala
"30.354, 76.772",30.3540599,76.7722444,1,Moga Nursing Home,Haryana,Faridabad
"30.361, 76.849",30.3610314,76.8485468,1,Manocha Eye Hospital,Haryana,Ambala
"30.371, 76.787",30.3711033,76.7866684,1,Mehnidratta Hospital,Haryana,Ambala
"30.373, 76.778",30.3734372,76.7783748,1,Bansal Eye Hospital,Haryana,Ambala
"30.375, 76.783",30.3749393,76.7825165,1,Kuldip Hospital,Haryana,Ambala
"30.379, 76.785",30.3788345,76.7848749,1,Sabharwal Children Hospital,Haryana,Ambala
"30.38, 76.781",30.3804385,76.7811848,1,Rawat Clinic,Himachal Pradesh,Kullu
"30.38, 76.782",30.380028,76.7819465,1,Mehra Hospital,Haryana,Ambala
"30.386, 76.793",30.3856873,76.7929102,1,Rai Multi Speciality Hopsital,Haryana,Ambala
"30.434, 77.667",30.4342658,77.6666683,1,Vohra Hospital,Himachal Pradesh,Sirmaur
"30.444, 77.635",30.4441645,77.6349041,1,Puran Hospital,Himachal Pradesh,Sirmaur
"30.449, 77.653",30.4488307,77.6525335,1,Puran Hospital,Himachal Pradesh,Sirmaur
"30.499, 77.207",30.4992306,77.2070259,1,Sneh Hospital,Himachal Pradesh,Sirmaur
"30.523, 75.882",30.5234408,75.8820704,1,Vs Hospital - Jamnagar,Gujarat,Jamnagar
"30.56, 77.293",30.5595434,77.2931614,1,Desouza Nursing Home / Dsouza Nursing Home,Himachal Pradesh,Sirmaur
"30.583, 77.019",30.583187,77.0190228,1,Chc Raipur Rani,Haryana,Panchkula
"30.601, 77.437",30.6006721,77.4372084,1,"Refferal Hospital, Dadahu / Referral Hospital",Himachal Pradesh,Sirmaur
"30.601, 77.438",30.6010337,77.4381946,1,Referral Hospital,Himachal Pradesh,Sirmaur
"30.667, 77.726",30.6674887,77.7256697,1,C H C Shillai,Himachal Pradesh,Sirmaur
"30.675, 77.707",30.6748131,77.7065754,1,Community Health Centre,Himachal Pradesh,Sirmaur
"30.68, 76.845",30.6798774,76.844708,1,Raffels Hospital Pvt. Ltd.,Haryana,Panchkula
"30.685, 76.839",30.684933,76.8389413,1,Gokul Surgical Hospital,Haryana,Panchkula
"30.686, 76.853",30.6864116,76.8533575,1,Drishti Eye Hospital,Haryana,Panchkula
"30.692, 76.731",30.6915027,76.7314877,1,Silver Oaks Hospitals,Chandigarh,Chandigarh
"30.694, 76.224",30.6935584,76.2243708,1,R.K. Children's Hospital,Andhra Pradesh,Visakhapatnam
"30.694, 77.433",30.693975,77.4331855,1,C H C Sangrah,Himachal Pradesh,Sirmaur
"30.696, 76.865",30.6960639,76.8648893,1,Orthonova Clinic,Haryana,Panchkula
"30.696, 77.426",30.6957312,77.4257319,1,Community Health Centre,Himachal Pradesh,Sirmaur
"30.7, 76.845",30.6996417,76.844708,1,Ortho Centre / Ortho Nava Hospital,Haryana,Panchkula
"30.705, 76.766",30.704961,76.7661137,1,Delwyns Hospital,Chandigarh,Chandigarh
"30.708, 76.845",30.7076608,76.8446178,1,Life Care Hospital,Haryana,Karnal
"30.711, 76.769",30.7109038,76.7689988,1,Sekhon Nursing Home,Chandigarh,Chandigarh
"30.716, 76.775",30.7163797,76.7747724,1,Arthoscopy and Spinal Endoscopy Centre,Chandigarh,Chandigarh
"30.719, 76.832",30.7194817,76.8317325,1,Arya Hospital Pvt Ltd,Chandigarh,Chandigarh
"30.72, 76.755",30.7202409,76.7550084,1,Dr. Rajdeeps Dental Clinic,Chandigarh,Chandigarh
"30.72, 76.764",30.7195549,76.7639499,1,G. M. Nursing Home and Clinic,Chandigarh,Chandigarh
"30.723, 76.766",30.723306,76.7661137,1,Inscol Tertiary Care Hospital,Chandigarh,Chandigarh
"30.726, 76.76",30.7261629,76.7596221,1,Mangnum Hospital,Chandigarh,Chandigarh
"30.727, 76.772",30.726724,76.7718838,1,Deep Hospital,Chandigarh,Chandigarh
"30.732, 76.795",30.7319267,76.7949614,1,Dogra Nursing Home and Endoscopy Centre,Chandigarh,Chandigarh
"30.732, 76.796",30.732171,76.796313,1,Grewal Eye Institute / Grewal Hospital,Chandigarh,Chandigarh
"30.733, 76.763",30.7330793,76.762756,1,Grover Eye Laser and E.N.T Hospital / Grover Maternity and Nursing Home,Chandigarh,Chandigarh
"30.733, 76.779",30.7333148,76.7794179,1,City Max Hospital and Research Centre,Haryana,Fatehabad
"30.734, 76.773",30.7339583,76.7726197,1,"Block Hospital, Sect - 22, Chandigarh",Chandigarh,Chandigarh
"30.735, 79.067",30.7346267,79.0668943,1,Kirti Nursing Home,Maharashtra,Mumbai
"30.737, 76.732",30.7365004,76.7318447,1,P N Urology Center,Chandigarh,Chandigarh
"30.738, 76.743",30.7381971,76.7426458,1,Shri Dhanwantry Ayruvedic College,Chandigarh,Chandigarh
"30.739, 76.738",30.7394439,76.7379808,1,Dabur Dhanwantry Hospital,Chandigarh,Chandigarh
"30.739, 76.766",30.7390341,76.7658708,1,Dr. Narender Aggarwal,Haryana,Faridabad
"30.74, 76.757",30.7399738,76.7567368,1,Jiwan Hospital,Chandigarh,Chandigarh
"30.74, 76.783",30.7398339,76.782702,1,Siddarth Nursing Home,Haryana,Panchkula
"30.743, 76.797",30.7433088,76.7971802,1,Chaitanya Hospital,Chandigarh,Chandigarh
"30.748, 76.775",30.748074,76.774663,1,Abhivan Medicare Kidney and Dialysis Center,Chandigarh,Chandigarh
"30.75, 76.778",30.749886,76.777604,1,Dhavan's Jeevan Deep Liver Gastro And Endoscopy Centre,Chandigarh,Chandigarh
"30.761, 76.776",30.7610543,76.7755801,1,Pgi Chandigarh,Chandigarh,Chandigarh
"30.762, 76.785",30.7619248,76.7848655,1,Rameshwara Hospital / Rameswara Nursing Home Pvt. Ltd.,Chandigarh,Chandigarh
"30.763, 76.905",30.7628772,76.9049316,1,Khurana Hospital,Haryana,Panchkula
"30.774, 76.622",30.7739469,76.621779,1,Rai Multispeciality Hospital,Haryana,Ambala
"30.835, 76.932",30.8354407,76.9317612,1,Community Health Centre,Haryana,Panchkula
"30.837, 76.961",30.8371639,76.9614255,1,E.S.I.Hospital,Himachal Pradesh,Solan
"30.883, 75.832",30.8827996,75.8322738,1,Shanti Mission Hospital,Haryana,Hisar
"30.899, 75.845",30.8989156,75.845453,1,Dr.Ved Prakash Surgical and Laproscopic Centre,Haryana,Rewari
"30.899, 75.846",30.8993149,75.8455906,1,Minakshi Jain Hospital,Haryana,Jind
"30.899, 77.019",30.8994362,77.0190228,1,Community Health Centre,Himachal Pradesh,Solan
"30.904, 77.029",30.9044814,77.0291904,1,C H C Dharampur,Himachal Pradesh,Solan
"30.904, 77.097",30.9044857,77.0967357,1,Regional Hospital,Himachal Pradesh,Solan
"30.908, 77.109",30.9081066,77.1093549,1,Malan Nursing Home,Himachal Pradesh,Solan
"30.918, 75.835",30.9184526,75.8348296,1,Raza Nursing Home,Bihar,Purnia
"30.948, 76.807",30.9478551,76.8067641,1,N P S Hospital,Himachal Pradesh,Solan
"30.95, 74.615",30.9504406,74.6151551,1,Rainbow Children Hospital,Haryana,Panipat
"30.967, 77.112",30.9669269,77.1116156,1,Suyash Hospital and Maternity Home,Maharashtra,Solapur
"30.968, 77.192",30.9676214,77.1916497,1,Civil Hospital,Himachal Pradesh,Solan
"30.995, 78.94",30.9946945,78.9398402,1,Gayatri Hospital,Chhattisgarh,Raipur
"31.016, 73.852",31.0157458,73.8521521,1,Jagriti Medical Centre,Himachal Pradesh,Mandi
"31.024, 77.192",31.0240057,77.1916497,1,Civil Hospital,Himachal Pradesh,Shimla
"31.034, 75.467",31.0344474,75.4673654,1,Chawala Medical Centre And Nursing Home,Himachal Pradesh,Una
"31.036, 76.71",31.0356057,76.7098511,1,Ravi Medical Centre,Himachal Pradesh,Solan
"31.038, 76.712",31.0381011,76.7118672,1,J N Shori Multi Speciality Hospital,Haryana,Panchkula
"31.068, 77.18",31.0679382,77.180149,1,Aastha Hospital,Himachal Pradesh,Shimla
"31.08, 76.961",31.0795387,76.9614255,1,Primary Health Centre,Himachal Pradesh,Solan
"31.087, 77.18",31.0869735,77.1801916,1,Regional Ayurvedic Hospital,Himachal Pradesh,Shimla
"31.09, 77.171",31.0902089,77.1709387,1,"Neuro Centre, Shimla",Himachal Pradesh,Shimla
"31.093, 77.177",31.0927056,77.1773458,1,KNH Shimla,Himachal Pradesh,Shimla
"31.103, 77.176",31.103468,77.1757122,1,Vidya Clinic,Himachal Pradesh,Shimla
"31.104, 77.193",31.1038132,77.1929875,1,Nirmal Clinical,Himachal Pradesh,Shimla
"31.105, 77.174",31.1047025,77.1739595,1,"Dr.Suman Heart Centre, The Ridge Shimla",Himachal Pradesh,Shimla
"31.105, 77.192",31.1050849,77.1923685,1,JNS Eye Care Centre,Himachal Pradesh,Shimla
"31.106, 77.176",31.1060016,77.1761511,1,Chaudhry Heart and Maternity Center,Haryana,Bhiwani
"31.106, 77.177",31.1063761,77.1769144,1,Igmc (Only H P Critical Care Policy),Himachal Pradesh,Shimla
"31.107, 77.182",31.1065156,77.1816614,1,Gastroentrology Endoscopy Centre,Himachal Pradesh,Shimla
"31.117, 77.536",31.1167553,77.5358739,1,C H C Kothkhai,Himachal Pradesh,Shimla
"31.126, 77.352",31.1260995,77.3524522,1,Civil Hospital,Himachal Pradesh,Shimla
"31.217, 75.777",31.2166598,75.7772058,1,Meera Devi Nursing Home,Haryana,Faridabad
"31.234, 76.938",31.2338347,76.9376743,1,"P H C, Darlaghat",Himachal Pradesh,Solan
"31.237, 76.935",31.2372527,76.9354979,1,Primary Health Centre,Himachal Pradesh,Solan
"31.237, 77.874",31.2373257,77.8738864,1,Community Health Centre,Himachal Pradesh,Shimla
"31.237, 77.878",31.2370821,77.8776813,1,C H C Chirgaon,Himachal Pradesh,Shimla
"31.24, 77.122",31.2398278,77.1218803,1,C H C Suni,Himachal Pradesh,Shimla
"31.242, 77.122",31.2422245,77.1221405,1,Community Health Centre,Himachal Pradesh,Shimla
"31.26, 76.981",31.2600801,76.9812887,1,"P H C, Chandi",Himachal Pradesh,Solan
"31.302, 75.576",31.301887,75.57624,1,Pathania Dental Clinic,Himachal Pradesh,Kangra
"31.306, 76.536",31.3064166,76.5358173,1,Community Health Centre,Himachal Pradesh,Bilaspur
"31.308, 76.541",31.3084095,76.5406706,1,C H C Naina Devi,Himachal Pradesh,Bilaspur
"31.309, 77.583",31.3092877,77.5834339,1,C H C Nankhari,Himachal Pradesh,Shimla
"31.339, 75.576",31.3386207,75.5764747,1,Dn Sharma Hospital Pvt Ltd,Haryana,Sonipat
"31.359, 76.747",31.3594562,76.7472294,1,Vyas Hospital,Himachal Pradesh,Bilaspur
"31.381, 77.205",31.3813366,77.2045867,1,Civil Hospital,Himachal Pradesh,Mandi
"31.386, 77.433",31.3859048,77.4329048,1,Community Health Centre,Himachal Pradesh,Kullu
"31.393, 73.085",31.3929171,73.0853019,1,Bristlecone Hospital,Andhra Pradesh,Hyderabad
"31.422, 76.232",31.422338,76.2319793,1,Community Health Centre,Himachal Pradesh,Una
"31.439, 74.292",31.4388107,74.2919165,1,Ashwini Nursing Home,Karnataka,Davangere
"31.461, 77.673",31.4613721,77.6734765,1,Mahatama Gandhi Medical College,Himachal Pradesh,Shimla
"31.466, 76.266",31.4655589,76.2658077,1,Vinayak Eye Hospital,Himachal Pradesh,Mandi
"31.481, 76.273",31.4809485,76.2731142,1,Nanda Hospital,Himachal Pradesh,Una
"31.486, 74.326",31.485722,74.3264869,1,Singla Dental And Facial Trauma Centre,Haryana,Hisar
"31.498, 76.756",31.4981518,76.7563347,1,Community Health Centre,Himachal Pradesh,Bilaspur
"31.526, 76.461",31.5255129,76.4606468,1,Community Health Centre,Himachal Pradesh,Hamirpur
"31.533, 76.892",31.5332397,76.8922729,1,Bbmb Hospital,Himachal Pradesh,Mandi
"31.56, 74.301",31.5598318,74.3012121,1,City Heart Hospital,Assam,Kamrup
"31.564, 74.385",31.5644469,74.3846627,1,Anand Hospital And Research Centre,Bihar,Rohtas
"31.569, 74.38",31.5692047,74.3797556,1,"CGHS Dispensary No.I, Charmina",Andhra Pradesh,Hyderabad
"31.601, 76.908",31.6007676,76.9081238,1,Primary Health Centre,Himachal Pradesh,Mandi
"31.609, 76.915",31.6085219,76.9153281,1,Banga Associated Hospital (Eye Hospital),Himachal Pradesh,Mandi
"31.614, 76.358",31.613824,76.3579401,1,Community Health Centre,Himachal Pradesh,Una
"31.632, 76.833",31.6321926,76.8331743,1,Primary Health Centre,Himachal Pradesh,Mandi
"31.646, 76.75",31.6458317,76.7495233,1,"PHC, Gopalpur",Himachal Pradesh,Mandi
"31.651, 76.944",31.6507399,76.944141,1,Sri Harihar Hospital and Research Centre,Himachal Pradesh,Mandi
"31.662, 76.059",31.6622025,76.0594972,1,Community Health Centre,Himachal Pradesh,Una
"31.681, 76.621",31.6807826,76.6205621,1,Parvati Charitable Hospital,Himachal Pradesh,Hamirpur
"31.685, 76.516",31.6853708,76.5155834,1,Community Health Centre,Himachal Pradesh,Hamirpur
"31.709, 76.928",31.7086338,76.9275225,1,Sanjeevan Hospital,Himachal Pradesh,Mandi
"31.71, 76.932",31.7104853,76.9320314,1,"H.S.Malhotra Clinic, Mandi",Himachal Pradesh,Mandi
"31.71, 76.933",31.7101213,76.9325094,1,Kailash Clinic  Mandi,Himachal Pradesh,Mandi
"31.714, 76.597",31.7143781,76.5972223,1,Civil Hospital,Himachal Pradesh,Hamirpur
"31.716, 73.376",31.716463,73.3755022,1,Sri Lakshmi Hospital,Andhra Pradesh,West Godavari
"31.75, 76.077",31.7504338,76.0769825,1,Primary Health Centre,Himachal Pradesh,Una
"31.757, 76.873",31.7574335,76.8728167,1,Primary Health Centre,Himachal Pradesh,Mandi
"31.761, 76.41",31.7612361,76.4103088,1,Regional Hospital,Himachal Pradesh,Hamirpur
"31.775, 75.999",31.7747487,75.9985446,1,Community Health Centre,Himachal Pradesh,Una
"31.779, 76.344",31.7785034,76.3444587,1,Community Health Centre,Himachal Pradesh,Hamirpur
"31.782, 76.636",31.7823639,76.6358719,1,Ayurvedic Hospital,Himachal Pradesh,Hamirpur
"31.803, 76.76",31.8029903,76.7603434,1,Primary Health Centre,Himachal Pradesh,Mandi
"31.875, 76.32",31.8752372,76.3203091,1,Community Health Centre,Himachal Pradesh,Kangra
"31.876, 76.31",31.8760295,76.3102478,1,C H C Jawalamukhi,Himachal Pradesh,Kangra
"31.897, 77.149",31.8965223,77.1492354,1,Sri Harihar Hospital,Himachal Pradesh,Kullu
"31.903, 76.111",31.9027974,76.1112416,1,C H C Dadasiba,Himachal Pradesh,Kangra
"31.937, 76.647",31.9367308,76.6472232,1,C H C Chadhiar,Himachal Pradesh,Kangra
"31.948, 77.113",31.9476769,77.1129677,1,Aruya Aspatal,Himachal Pradesh,Kullu
"31.954, 77.112",31.9544689,77.1118326,1,Beas Hospital,Himachal Pradesh,Kullu
"31.956, 77.111",31.9560442,77.1112605,1,"Kullu Valley Hospital, Kullu",Himachal Pradesh,Kullu
"32.0, 77.248",31.9995469,77.2476997,1,Civil Hospital,Himachal Pradesh,Kullu
"32.038, 76.513",32.0378117,76.5132979,1,C H C Bhawarna,Himachal Pradesh,Kangra
"32.04, 76.5",32.0397936,76.4996831,1,Community Health Centre,Himachal Pradesh,Kangra
"32.053, 76.634",32.0528329,76.6340511,1,Ayurvedic College Hospital,Himachal Pradesh,Kangra
"32.054, 76.258",32.0538796,76.2580499,1,Chc,Himachal Pradesh,Kangra
"32.055, 76.093",32.0550942,76.0928511,1,Community Health Centre,Himachal Pradesh,Kangra
"32.077, 72.697",32.0765869,72.6972609,1,Nn Memorial Hospital,Bihar,Darbhanga
"32.092, 78.383",32.091517,78.3833783,1,"P H C, Tabo",Himachal Pradesh,Lahaul and Spiti
"32.093, 78.386",32.0932586,78.3856447,1,Primary Health Centre,Himachal Pradesh,Lahaul and Spiti
"32.095, 76.53",32.0946489,76.5300365,1,Karan Hospital,Himachal Pradesh,Kangra
"32.097, 77.128",32.0966394,77.1280388,1,"Oasis Medical Centre, Dawara",Himachal Pradesh,Kullu
"32.1, 76.301",32.1002864,76.3005502,1,Dr.Rpmc Hospital,Himachal Pradesh,Kangra
"32.1, 76.523",32.0995118,76.5230461,1,Dr. Karan Hospital,Himachal Pradesh,Kangra
"32.108, 76.389",32.1083638,76.388643,1,Panchsheel Nursing Home Pvt Ltd,Himachal Pradesh,Kangra
"32.114, 76.281",32.1135971,76.2807758,1,Shree Balaji Hospital,Himachal Pradesh,Kangra
"32.116, 76.29",32.115883,76.2899071,1,R.K.Nursing Home,Himachal Pradesh,Kangra
"32.117, 76.396",32.1170372,76.3963289,1,Sood Nursing Home,Himachal Pradesh,Kangra
"32.146, 76.011",32.1458134,76.0114788,1,Community Health Centre,Himachal Pradesh,Kangra
"32.178, 74.484",32.1778915,74.4842273,1,Goel Nursing Home,Haryana,Gurgaon
"32.18, 76.323",32.1795436,76.3228661,1,Fortis Hospital,Himachal Pradesh,Kangra
"32.216, 76.174",32.2159781,76.1741245,1,C H C Shahpur,Himachal Pradesh,Kangra
"32.217, 76.325",32.217137,76.3246517,1,Sai Mahima Hospital - Dharamshala,Himachal Pradesh,Kangra
"32.22, 76.173",32.2197295,76.1728373,1,Community Health Centre,Himachal Pradesh,Kangra
"32.228, 78.071",32.2275991,78.0709903,1,Community Health Centre,Himachal Pradesh,Lahaul and Spiti
"32.23, 78.069",32.2296829,78.0685777,1,C H C Kaza,Himachal Pradesh,Lahaul and Spiti
"32.273, 75.651",32.2732942,75.6508282,1,Om Prakash Goel Medicare,Haryana,Karnal
"32.282, 75.851",32.281673,75.8512167,1,"Saxena Hospital, Jassur",Himachal Pradesh,Kangra
"32.3, 75.885",32.3001342,75.8853465,1,Civil Hospital,Himachal Pradesh,Kangra
"32.331, 76.55",32.3307407,76.5502682,1,Community Health Centre,Himachal Pradesh,Chamba
"32.337, 76.544",32.3365641,76.5442693,1,C H C Holi,Himachal Pradesh,Chamba
"32.441, 76.536",32.4411286,76.5357732,1,C H C Bharmour,Himachal Pradesh,Chamba
"32.442, 74.122",32.4424479,74.1216683,1,Gautam Hospital,Haryana,Yamunanagar
"32.459, 74.5",32.458567,74.5000465,1,7 Star Superspeciality Hospital,Andhra Pradesh,East Godavari
"32.479, 76.291",32.4788271,76.2908918,1,C H C Choori,Himachal Pradesh,Chamba
"32.487, 75.941",32.4871571,75.9408807,1,Community Health Centre,Himachal Pradesh,Chamba
"32.491, 74.545",32.490749,74.5445889,1,Verma Eye Hospital,Gujarat,Surendranagar
"32.499, 74.539",32.498987,74.53873,1,Haritha Hospital,Andhra Pradesh,West Godavari
"32.535, 75.967",32.5352395,75.9671164,1,Civil Hospital,Himachal Pradesh,Chamba
"32.545, 75.944",32.5447632,75.943557,1,Civil Hospital,Himachal Pradesh,Chamba
"32.568, 76.121",32.5681863,76.1208512,1,District Ayurvedic Hospital,Himachal Pradesh,Chamba
"32.577, 75.014",32.5772702,75.0143824,1,Shree Aum Hospital,Jammu and Kashmir,Jammu
"32.619, 77.378",32.6192107,77.3783789,1,Community Health Centre,Himachal Pradesh,Lahaul and Spiti
"32.669, 74.839",32.6691117,74.8387384,1,Sudan Heart Care Centre,Jammu and Kashmir,Jammu
"32.685, 74.897",32.6852676,74.8971602,1,Medi-Aids(Diagnostic and Treatment Centre),Jammu and Kashmir,Jammu
"32.688, 74.901",32.6883714,74.9011466,1,"Centre For Sight, Trikuta Nagar",Jammu and Kashmir,Jammu
"32.695, 74.878",32.6952492,74.8782794,1,Langer Nursing Home,Jammu and Kashmir,Jammu
"32.724, 76.665",32.7242695,76.6650946,1,"Chc, Udaipur",Himachal Pradesh,Lahaul and Spiti
"32.73, 74.862",32.7304089,74.8616782,1,Sri Maharaja Gulab Singh ( SMGS) Hospital,Jammu and Kashmir,Jammu
"32.73, 76.034",32.7299555,76.0342881,1,C H C Saluni,Himachal Pradesh,Chamba
"32.736, 74.868",32.7356474,74.8680007,1,Chouhan Hospital and Lithotripsy Center,Madhya Pradesh,Dhar
"32.736, 76.029",32.7363886,76.0290366,1,Community Health Centre,Himachal Pradesh,Chamba
"32.745, 74.863",32.7453819,74.8632772,1,Aastha Nursing Home,Jammu and Kashmir,Jammu
"32.773, 74.84",32.7733349,74.8397332,1,SDKL Memorial Gloda Hospital,Himachal Pradesh,Hamirpur
"32.826, 75.248",32.8262839,75.2479061,1,Klsm Rotary Eye and Ent Hospital,Jammu and Kashmir,Udhampur
"32.851, 74.302",32.8513987,74.301692,1,Government Hopital H.D. Kote,Karnataka,Mysuru
"32.927, 73.73",32.9268284,73.7301953,1,Ayush Nursing Home,Bihar,Saharsa
"32.931, 73.724",32.9311332,73.7236208,1,Sanjivani Hospital,Gujarat,Valsad
"32.992, 74.926",32.9923608,74.9257719,1,Advanced Lasik Laswe Centre,Haryana,Sirsa
"33.084, 76.407",33.0840737,76.4071336,1,Community Health Centre,Himachal Pradesh,Chamba
"33.085, 76.399",33.0852673,76.3989821,1,C H C Killar,Himachal Pradesh,Chamba
"33.519, 73.902",33.5190404,73.9023417,1,Disha Mission Hospital,Haryana,Jind
"33.61, 73.029",33.609513,73.0288121,1,Sterling Addlife India Limited,Gujarat,Vadodara
"33.65, 73.034",33.6498587,73.0336025,1,Satya-Om Eye and Maternity Hosptal,Haryana,Sonipat
"33.672, 73.075",33.6716554,73.074954,1,Florence Nursing Home,Haryana,Gurgaon
"33.705, 75.248",33.7049708,75.2479061,1,Rahat Dedi Nursing Home,Jammu and Kashmir,Anantnag
"33.734, 75.166",33.7343969,75.1656649,1,Jhon Bishop Memorial Hospital,Jammu and Kashmir,Anantnag
"34.024, 74.822",34.0237107,74.8221627,1,Ahmed Hospital and Nursing Homes,Jammu and Kashmir,Srinagar
"34.062, 74.808",34.061707,74.8080613,1,Ramzan Hospital,Jammu and Kashmir,Srinagar
"34.067, 74.76",34.0670462,74.7600404,1,Imam Hussain (A S) Hospital,Jammu and Kashmir,Budgam
"34.068, 74.813",34.0679765,74.8133136,1,Khanam`S Hospital And Nursing Home,Jammu and Kashmir,Srinagar
"34.07, 74.83",34.0699881,74.8300393,1,Modern Hospital,Jammu and Kashmir,Srinagar
"34.086, 74.505",34.0855588,74.5050373,1,Altaf Nursing Home,Jammu and Kashmir,Srinagar
"34.138, 74.803",34.1375809,74.803372,1,Sher-i-Kashmir Institute of Medical Sciences,Jammu and Kashmir,Srinagar
"34.503, 74.272",34.5033161,74.2720345,1,Hakim Sana Ullah Specialist Hospital and Cancer Center,Jammu and Kashmir,Baramulla
"8.347, 77.038",8.3474119,77.037736,1,Chc Pulluvila,Kerala,Thiruvananthapuram
"8.389, 77.089",8.388904,77.0886658,1,Ponnambalam Child Care,Kerala,Thiruvananthapuram
"8.391, 77.169",8.3906043,77.1686472,1,Dr Smcs I Medical College Hospital,Kerala,Thiruvananthapuram
"8.402, 77.087",8.401648,77.0871199,1,Rollands Hospital,Kerala,Thiruvananthapuram
"8.423, 77.045",8.4230754,77.0445592,1,Medical Trust Hospital And Maternity Home,Kerala,Thiruvananthapuram
"8.445, 77.195",8.4452383,77.1946172,1,Ruckmoni Memorial Devi Hospital,Kerala,Thiruvananthapuram
"8.448, 76.956",8.4478996,76.9556643,1,B.N.V. Hospital,Kerala,Thiruvananthapuram
"8.472, 76.952",8.4718533,76.9517797,1,Sut Mother and Baby Hospital,Kerala,Thiruvananthapuram
"8.482, 76.938",8.4820384,76.9376776,1,Arumana Hospital,Kerala,Thiruvananthapuram
"8.484, 76.939",8.4840677,76.9389631,1,Westfort Ayurveda Hospital,Kerala,Thrissur
"8.485, 76.977",8.4848542,76.9772675,1,Chelsa Hospital and Surgical Centre,Kerala,Thiruvananthapuram
"8.49, 76.954",8.4900906,76.9535038,1,India Hospital (Unit Of Manhattan Hospital Pvt. Ltd.),Kerala,Thiruvananthapuram
"8.492, 76.954",8.4915016,76.9538624,1,Medical College Hospital,Kerala,Thiruvananthapuram
"8.494, 76.928",8.4939339,76.9282948,1,Avittam Ayurvedic Centre,Kerala,Thiruvananthapuram
"8.494, 76.94",8.4943246,76.9398195,1,R.V. Hospital,Kerala,Thiruvananthapuram
"8.495, 76.932",8.4949884,76.9324309,1,Lamba Nursing Home Pvt. Ltd.,Haryana,Hisar
"8.498, 76.935",8.4984411,76.9347827,1,Samad Ivf Hospitals,Kerala,Thiruvananthapuram
"8.505, 77.089",8.5052393,77.0893623,1,Mamal Hospital,Kerala,Thiruvananthapuram
"8.512, 76.927",8.5117111,76.9274438,1,Divya Prabha Eye Hospital,Kerala,Thiruvananthapuram
"8.514, 76.916",8.51387,76.9160436,1,Kerala Institute Of Medical Sciences (Kims),Kerala,Thiruvananthapuram
"8.515, 76.935",8.5154788,76.9353556,1,Cosmopolitan Hospital P. Ltd. - Pattom,Kerala,Thiruvananthapuram
"8.517, 76.977",8.5170719,76.9772675,1,Sutami,Kerala,Thiruvananthapuram
"8.519, 76.942",8.518707,76.9421468,1,Anadiyil Hospital,Kerala,Thiruvananthapuram
"8.521, 76.925",8.5206817,76.9254134,1,Vims,Karnataka,Ballari
"8.526, 76.928",8.5261795,76.9282623,1,Ahalia Foundation Eye Hospital,Kerala,Thiruvananthapuram
"8.529, 76.938",8.5292238,76.937917,1,Faith And Hope Nursing Home and I.C.C.U,Chhattisgarh,Raipur
"8.53, 76.929",8.529724,76.9285942,1,Chakrabarti Eye Care Centre,Kerala,Thiruvananthapuram
"8.531, 76.923",8.531261,76.9232363,1,Credence Hospital Private Limited,Kerala,Thiruvananthapuram
"8.534, 76.883",8.5335402,76.8830336,1,Tsc Hospital Pvt. Ltd,Kerala,Thiruvananthapuram
"8.535, 76.958",8.5352544,76.9578167,1,"Santhwana Hospital Pvtltd ,",Kerala,Thiruvananthapuram
"8.537, 76.927",8.5371371,76.9271385,1,Vanchinad Hospitals,Kerala,Thiruvananthapuram
"8.543, 76.967",8.5429051,76.9672172,1,Punarjani Institute Of Medical Sciences and Research Center,Kerala,Thiruvananthapuram
"8.548, 76.921",8.5475731,76.9205175,1,Jubilee Memorial Hospital,Kerala,Thiruvananthapuram
"8.568, 76.867",8.5680851,76.8673892,1,Aj Hospital,Kerala,Thiruvananthapuram
"8.599, 76.994",8.5992904,76.9935013,1,Rural Institute Of Medical Sciences,Kerala,Thiruvananthapuram
"8.62, 76.826",8.6196987,76.8261695,1,Swami Hospital,Kerala,Thiruvananthapuram
"8.656, 76.783",8.6558696,76.7831744,1,Taluk Head Quaters Hospital,Kerala,Kollam
"8.683, 76.771",8.6832224,76.7710316,1,Janaki Nursing Home Tsunami Project Only),Kerala,Thiruvananthapuram
"8.738, 76.716",8.7378685,76.7163359,1,Sivagiri Sreenarayana Medical Mission Hospital (Ssnmm),Kerala,Thiruvananthapuram
"8.771, 76.884",8.770694,76.8836261,1,Sarala Memorial Hospital,Kerala,Thiruvananthapuram
"8.824, 76.882",8.8237556,76.88241,1,Chc Nilamel,Kerala,Kollam
"8.826, 76.917",8.8260864,76.9167664,1,Taluk Hospital Kadakal,Kerala,Kollam
"8.829, 76.922",8.8292826,76.9221594,1,Sri Narayancharatable Society,Kerala,Kollam
"8.836, 76.685",8.8363607,76.6845832,1,GovernmentRama Rao Hospital,Kerala,Kollam
"8.853, 76.675",8.8530845,76.6754581,1,T.H.Q Hospital,Kerala,Kollam
"8.862, 76.703",8.8619637,76.7031014,1,Royal Hospital,Kerala,Kollam
"8.872, 76.639",8.8717555,76.6390251,1,N.S. Memorial Institute Of Medical Sciences,Kerala,Kollam
"8.918, 76.91",8.918169,76.9102836,1,Parackattu Medical Trust,Kerala,Kollam
"8.939, 76.679",8.938599,76.6788091,1,Assisi Atonement Hospital,Kerala,Kollam
"8.941, 76.659",8.9405615,76.6585978,1,Devans Hospital,Kerala,Kollam
"8.944, 76.54",8.9443198,76.5401527,1,CHC Neendakara,Kerala,Kollam
"8.96, 76.831",8.9599518,76.8312493,1,Mercy Hospital,Kerala,Kollam
"8.983, 76.837",8.9828066,76.8374545,1,Aroma Medical Centre,Kerala,Kollam
"8.991, 76.54",8.9907352,76.5404621,1,Aravind Medical Centre,Kerala,Kollam
"9.002, 76.929",9.00201,76.92888,1,Shankar's Eye Hospital,Kerala,Kollam
"9.006, 76.779",9.0055148,76.779085,1,Christu Raj Hospital,Kerala,Kollam
"9.016, 76.762",9.0159646,76.7615524,1,Nirmala Hospital,Kerala,Kollam
"9.036, 76.624",9.0364612,76.6239423,1,Nava Bharath Hospital,Kerala,Kollam
"9.055, 76.531",9.0549496,76.5305431,1,Pearl Hospital,Kerala,Kollam
"9.055, 76.7",9.0545992,76.6997784,1,K.N.S Hospital,Kerala,Kollam
"9.067, 76.65",9.0673171,76.6499322,1,Mar Theodosius Memorial Med Mission,Kerala,Kollam
"9.092, 76.857",9.0917068,76.8568712,1,Peniel Hospital,Kerala,Pathanamthitta
"9.093, 76.687",9.0933391,76.6869226,1,Lakshmi Hospital,Kerala,Alappuzha
"9.102, 76.836",9.1023586,76.8360578,1,Ambolil Ayurvedic Research Centre,Kerala,Pathanamthitta
"9.11, 76.521",9.1096398,76.5213648,1,Priyanka Eye Hospital,Kerala,Kollam
"9.126, 76.511",9.1262344,76.5111212,1,Parabrahma Speciality Hospital and Research Centre,Kerala,Kollam
"9.151, 76.731",9.1512395,76.7307663,1,Maria Hospital,Kerala,Pathanamthitta
"9.156, 76.513",9.1562928,76.5130539,1,Christos Hospital,Kerala,Alappuzha
"9.174, 76.499",9.1736831,76.4991566,1,Ebenezer Hospital,Kerala,Alappuzha
"9.177, 76.531",9.1774559,76.5306566,1,J J Hospital,Kerala,Alappuzha
"9.197, 76.516",9.1973566,76.5163691,1,Philip Memorial Hospital,Kerala,Alappuzha
"9.222, 76.679",9.2215872,76.6788982,1,Christian Mission Hospital,Kerala,Pathanamthitta
"9.247, 76.673",9.2465401,76.6730348,1,Medical Trust Hospital,Kerala,Pathanamthitta
"9.252, 76.445",9.2515842,76.4451337,1,Sree Ramakrishna Pharmacy-Karthikappally-Kerala,Kerala,Alappuzha
"9.253, 76.521",9.2529917,76.5213648,1,V.S.M.Hospital,Kerala,Alappuzha
"9.263, 76.479",9.2632089,76.4794329,1,Hi -Care Medical Center,Kerala,Alappuzha
"9.267, 76.79",9.2668196,76.789553,1,Holy Cross Hospital Adoor,Kerala,Pathanamthitta
"9.282, 76.453",9.2815315,76.4534165,1,Deepa Hospital,Kerala,Alappuzha
"9.283, 76.458",9.283214,76.457574,1,Huda Trust,Kerala,Alappuzha
"9.284, 76.454",9.2835033,76.4542486,1,Chaithanya Eye Hospital,Kerala,Alappuzha
"9.318, 76.608",9.3182301,76.6084988,1,Century Hospital,Kerala,Alappuzha
"9.338, 76.704",9.3378888,76.7037146,1,Poyanil Hospital,Kerala,Pathanamthitta
"9.343, 76.534",9.3425013,76.5343233,1,St Gregorios Vascular Centre,Kerala,Pathanamthitta
"9.365, 76.656",9.3651416,76.6557102,1,Fellowship Mission Hospital,Kerala,Pathanamthitta
"9.37, 76.46",9.3695022,76.4603406,1,Maha Jublee Memorial Hospital,Kerala,Alappuzha
"9.387, 76.786",9.3865694,76.7855551,1,Menathottam Hospital,Kerala,Pathanamthitta
"9.392, 76.58",9.3915626,76.5797068,1,Pushpagiri Institute Of Medical Science And Research Centre,Kerala,Pathanamthitta
"9.408, 76.347",9.4081987,76.3466401,1,"R.B.M. Hospital,",Kerala,Alappuzha
"9.418, 76.351",9.4178085,76.3512483,1,"T.D Medical College, Alappuzha",Kerala,Alappuzha
"9.426, 76.562",9.4256932,76.5621972,1,St. Ritas Hospital,Kerala,Kottayam
"9.438, 76.547",9.4384123,76.5473968,1,Sree Sankara (Ayurveda) Hospital,Kerala,Kottayam
"9.446, 76.541",9.4458875,76.5409655,1,Sanjeevani Nursing Home,Kerala,Kottayam
"9.462, 76.548",9.4618582,76.548161,1,"St, Thomas Hospital Chethipuzha",Kerala,Kottayam
"9.477, 76.576",9.4770415,76.5759495,1,Thengana Medical Mission Hospital and Research Center,Kerala,Kasaragod
"9.506, 76.348",9.5064885,76.3478097,1,Sahrudaya Hospital,Kerala,Alappuzha
"9.508, 76.324",9.5078547,76.3237932,1,T.D. Medical College Hospital Alappuzha,Kerala,Alappuzha
"9.513, 76.629",9.5133743,76.629294,1,Sreerangom C.V.N. Kalari Chikilsakendram,Kerala,Kottayam
"9.557, 76.789",9.5572705,76.7894349,1,St Josephs Eye and Ent Hospital,Kerala,Kottayam
"9.565, 76.325",9.5653007,76.3246517,1,St Michaels Hospital Tsunami Project Only),Kerala,Alappuzha
"9.565, 76.756",9.5648634,76.7558304,1,Santhinikethan,Kerala,Kottayam
"9.586, 76.516",9.5864523,76.5155834,1,Mar Dionysius Hospital,Kerala,Kottayam
"9.589, 76.519",9.5894263,76.5193897,1,Bharath Hospital,Kerala,Kottayam
"9.589, 76.553",9.5887245,76.5528421,1,Karipal Hospital,Kerala,Kottayam
"9.59, 76.439",9.5899755,76.4391911,1,District Hospital,Kerala,Kottayam
"9.593, 76.529",9.5934942,76.5294135,1,S H Medical Center,Kerala,Kottayam
"9.632, 76.523",9.6316054,76.5228101,1,"Government Medical College, Kottayam",Kerala,Kottayam
"9.644, 76.549",9.6436711,76.5493347,1,"Matha Hospital, Caritas Road",Kerala,Thrissur
"9.645, 76.549",9.6452325,76.5493712,1,Caritas Hospital,Kerala,Kottayam
"9.67, 76.561",9.6703602,76.5608746,1,Vimala Hospital,Kerala,Kottayam
"9.671, 76.534",9.6707394,76.533547,1,Vijaya Hospital,Karnataka,Belagavi
"9.679, 76.352",9.6792828,76.3515861,1,S H General Hospital,Kerala,Alappuzha
"9.686, 76.426",9.6862422,76.425938,1,Edayazham,Kerala,Kottayam
"9.687, 76.34",9.6874282,76.3398962,1,Sree Venkateswara Hospital,Kerala,Alappuzha
"9.69, 76.471",9.6901849,76.4712403,1,Kumarakam,Kerala,Kottayam
"9.699, 76.725",9.69945,76.7249943,1,Immaculate Heart Of Mary Hospital,Kerala,Kottayam
"9.704, 76.317",9.7037087,76.3168932,1,St Sebastians Visitation Hospital (Tsunami Project Only),Kerala,Alappuzha
"9.705, 76.664",9.7045312,76.6636509,1,Marian Medical Centre Pala,Kerala,Kottayam
"9.715, 76.688",9.7148849,76.6884259,1,Pranavam Hospital (P) Ltd,Kerala,Kollam
"9.747, 77.11",9.7473563,77.1103797,1,St Johns Hospital,Kerala,Idukki
"9.75, 76.39",9.7501932,76.3896828,1,Taluk Head Quartes Hospital,Kerala,Alappuzha
"9.752, 76.562",9.7518498,76.5624189,1,St Vincents Hospital,Kerala,Kottayam
"9.753, 76.696",9.752814,76.6961305,1,M K M Hospital,Kerala,Kottayam
"9.755, 76.506",9.7554405,76.5059382,1,Holy Ghost Mission Hospital,Kerala,Kottayam
"9.773, 76.312",9.7728068,76.3116235,1,Primary Health Centre,Kerala,Alappuzha
"9.789, 76.61",9.7889067,76.6101542,1,Uzhavoor,Kerala,Kottayam
"9.8, 76.467",9.7995968,76.4671626,1,Mercy Hospital,Kerala,Kottayam
"9.827, 77.163",9.826922,77.1628327,1,Medical Trust Hospital,Kerala,Idukki
"9.868, 76.597",9.8679732,76.5972674,1,Ayurvedic Eye Hospital and Rescarch Center,Kerala,Ernakulam
"9.889, 76.385",9.88891,76.3854328,1,Kristu Jayanti Hospital,Kerala,Ernakulam
"9.898, 76.384",9.8983966,76.383986,1,Varsha Nursing Home,Kerala,Ernakulam
"9.899, 76.373",9.8991861,76.3729725,1,Hail Mary Hospital,Kerala,Ernakulam
"9.907, 76.73",9.9074887,76.730315,1,Holy Family Hospital,Kerala,Idukki
"9.909, 76.273",9.9087118,76.2730412,1,Our Lady Hospital,Kerala,Ernakulam
"9.916, 78.111",9.9158723,78.1110476,1,Yadav Nursing and Maternity Home - Tuljapur,Maharashtra,Osmanabad
"9.919, 76.313",9.9193393,76.3130403,1,Cochin Hospital,Kerala,Ernakulam
"9.924, 76.256",9.9241696,76.2560593,1,Jishy Hospital,Kerala,Ernakulam
"9.931, 76.268",9.930897,76.2684035,1,Punarnava Ayurveda Hospital Ltd Kerla,Kerala,Ernakulam
"9.935, 76.385",9.9352861,76.3854328,1,Sir Dorabji Tata Trust Aided Hospital ( S D T T A ),Kerala,Ernakulam
"9.938, 76.35",9.9382611,76.3500378,1,Shanthi Hospital,Kerala,Alappuzha
"9.939, 76.262",9.9390337,76.2616704,1,Jesus Hospital,Kerala,Ernakulam
"9.942, 76.347",9.9418718,76.3467375,1,Susrusha Nursing Home-Cochin,Kerala,Ernakulam
"9.945, 78.148",9.9447991,78.148459,1,Dr Syam K Babhulkar,Maharashtra,Nagpur
"9.949, 76.346",9.9486828,76.3463624,1,Cochin Ariya Vaidya Sala,Kerala,Ernakulam
"9.95, 76.352",9.9500198,76.3524095,1,R C M Eye Hospital,Kerala,Ernakulam
"9.952, 76.298",9.9515134,76.2976712,1,Vasan Eye Care Hospital,Kerala,Ernakulam
"9.956, 76.244",9.9561103,76.2443858,1,Sree Sankara Ayurveda Hospital,Kerala,Ernakulam
"9.956, 76.35",9.9556701,76.350183,1,Roshan Eye Care Hospital,Kerala,Ernakulam
"9.956, 78.129",9.9556669,78.1289565,1,Hubli Heart Care Hospital,Karnataka,Dharwad
"9.958, 76.322",9.958075,76.3219491,1,Dr. Joys Hospital For Women And Children,Kerala,Ernakulam
"9.961, 76.289",9.9613612,76.2885246,1,V.G.Saraf Memorial Hospital\n,Kerala,Ernakulam
"9.963, 76.372",9.963008,76.3715772,1,Ranjini Eye Care,Kerala,Ernakulam
"9.964, 76.305",9.9640099,76.3048506,1,Giridhar Eye Institute,Kerala,Ernakulam
"9.967, 76.317",9.9666543,76.3168134,1,Lakeshore Hospital City Centre,Kerala,Ernakulam
"9.968, 76.314",9.9681532,76.3135216,1,Welcare Hospital,Kerala,Ernakulam
"9.969, 76.299",9.9690388,76.2992953,1,Vijaya Institute Of Medical Sciences,Kerala,Ernakulam
"9.969, 76.316",9.9687585,76.3163513,1,Chaithanya Ent Hospital,Kerala,Ernakulam
"9.972, 76.282",9.9717776,76.2822336,1,General Hospital,Kerala,Ernakulam
"9.975, 76.296",9.9752364,76.2956985,1,Indira Gandhi Co-Operative Hospital,Kerala,Ernakulam
"9.977, 76.31",9.9768291,76.3099648,1,Naivedya Ayurvedic Hospital and Research Centre,Kerala,Ernakulam
"9.978, 76.284",9.9780179,76.2836547,1,Krishna Hospital,Kerala,Ernakulam
"9.979, 76.286",9.9786744,76.2856402,1,Al Shifa Super Specialty Hospital,Kerala,Ernakulam
"9.98, 76.586",9.9797642,76.5861174,1,"Nirmala Medical Centre,",Kerala,Ernakulam
"9.982, 76.298",9.9818176,76.2983614,1,Dr. Praveen Eye Hospital and Research Centre,Haryana,Sirsa
"9.986, 76.281",9.9858464,76.2814796,1,P.N.V.M. Hospital and Research Centre,Kerala,Ernakulam
"9.987, 76.284",9.9874893,76.2838322,1,Westend Eye Hospitals,Kerala,Ernakulam
"9.988, 76.578",9.9875636,76.5777355,1,Sabine Hospital and Research Centre,Kerala,Ernakulam
"9.989, 76.309",9.9885532,76.3093555,1,Kumar International Centre,Kerala,Ernakulam
"9.99, 76.281",9.9901897,76.2810132,1,Vijaya Hospital,Kerala,Ernakulam
"9.99, 76.288",9.9899455,76.2882759,1,Lisie Hospital,Kerala,Ernakulam
"9.991, 76.575",9.9907272,76.5745783,1,Muvattupuzha Medical Centre,Kerala,Ernakulam
"9.993, 76.284",9.9926662,76.2839822,1,Dr. C. K. P Hospital,Kerala,Ernakulam
"9.993, 76.308",9.9927245,76.3079038,1,Suburban Hospital,Kerala,Ernakulam
"9.997, 76.303",9.9970903,76.302815,1,Paul`S Hospital,Kerala,Ernakulam
"9.998, 76.312",9.9984802,76.3119364,1,Vasan Eye Care Hospital,Kerala,Ernakulam
"9.999, 76.28",9.9988477,76.2799097,1,Sree Sudheendra Medical Mission,Kerala,Ernakulam
